{
  "episode": 1470,
  "epoch": 3,
  "mean_reward": 0.24393911540403942,
  "best_reward": 0.4567905254997499,
  "avg_reward_100": 0.22235670682241904,
  "avg_policy_loss_100": 0.00026262453464006766,
  "avg_value_loss_100": 8.64001203538142,
  "timestamp": "20250507_112225"
}