{
  "episode": 120,
  "epoch": 1,
  "mean_reward": 0.26143844835968955,
  "best_reward": 0.4567905254997499,
  "timestamp": "20250503_210859"
}