{
  "version": "model_v1_20250510_150021_reward_0.541",
  "metrics": {
    "actor_loss": NaN,
    "value_loss": 495.9377086304983,
    "entropy_loss": NaN,
    "total_loss": 0.0,
    "mean_reward": 0.5409738243905536,
    "clip_fraction": NaN,
    "approx_kl": NaN,
    "difficulty_accuracy": 0.0,
    "topic_diversity": 0.0,
    "learning_rate": 0.00029385812200856767,
    "policy_std": 0.8339470221091286,
    "exploration_factor": 1.0,
    "value_clip_fraction": 0.9772812499999999,
    "policy_momentum": 0.0,
    "state_mean": 0.3424110752817812,
    "state_std": 0.07923622759901822,
    "grad_norm": 0.0,
    "noise_scale": 0.04809215758801527,
    "topic_performance": {
      "ds": 0.0,
      "algo": 0.0,
      "oops": 0.0,
      "dbms": 0.0,
      "os": 0.0,
      "cn": 0.0,
      "system_design": 0.0
    }
  },
  "timestamp": "20250510_150021"
}