{
  "version": "model_v1_20250507_112031_reward_0.347",
  "metrics": {
    "actor_loss": 0.06527026859430832,
    "value_loss": 10.763227693743888,
    "entropy_loss": -0.01930439465205159,
    "total_loss": 0.0,
    "mean_reward": 0.3465918193044038,
    "clip_fraction": 0.0,
    "approx_kl": 0.0,
    "difficulty_accuracy": 0.0,
    "topic_diversity": 0.0
  },
  "timestamp": "20250507_112031"
}