{
  "version": "model_v1_20250510_101001_reward_0.633",
  "metrics": {
    "actor_loss": -0.0006368401999368514,
    "value_loss": 25.630132091783352,
    "entropy_loss": 0.0013815619359189828,
    "total_loss": 0.0,
    "mean_reward": 0.6328700485892133,
    "clip_fraction": 0.0,
    "approx_kl": 0.0,
    "difficulty_accuracy": 0.0,
    "topic_diversity": 0.0
  },
  "timestamp": "20250510_101001"
}