{
  "version": "model_v1_20250510_110723_reward_0.631",
  "metrics": {
    "actor_loss": NaN,
    "value_loss": 352.97302150371837,
    "entropy_loss": NaN,
    "total_loss": 0.0,
    "mean_reward": 0.6311285263934107,
    "clip_fraction": NaN,
    "approx_kl": NaN,
    "difficulty_accuracy": 0.0,
    "topic_diversity": 0.0,
    "learning_rate": 0.0002981861529995979,
    "policy_std": 1.4677978111559042,
    "exploration_factor": 1.0,
    "value_clip_fraction": 0.9972355769230768,
    "policy_momentum": 0.0,
    "state_mean": 0.3499143556100065,
    "state_std": 0.08176121884798748,
    "grad_norm": 0.0,
    "noise_scale": 0.06794552978382468
  },
  "timestamp": "20250510_110723"
}