{
  "version": "model_v1_20250510_105341_reward_0.632",
  "metrics": {
    "actor_loss": NaN,
    "value_loss": 486.9559099474771,
    "entropy_loss": NaN,
    "total_loss": 0.0,
    "mean_reward": 0.6316680994257551,
    "clip_fraction": NaN,
    "approx_kl": NaN,
    "difficulty_accuracy": 0.0,
    "topic_diversity": 0.0,
    "learning_rate": 0.004501011433235329,
    "policy_std": 2.9364789535172475,
    "exploration_factor": 0.9896453333333329,
    "value_clip_fraction": 0.988515625,
    "policy_momentum": 0.0
  },
  "timestamp": "20250510_105341"
}