{
  "version": "model_v1_20250510_104323_reward_0.631",
  "metrics": {
    "actor_loss": NaN,
    "value_loss": 121.70895465665976,
    "entropy_loss": NaN,
    "total_loss": 0.0,
    "mean_reward": 0.6311746511784541,
    "clip_fraction": NaN,
    "approx_kl": 0.09187683928564484,
    "difficulty_accuracy": 0.0,
    "topic_diversity": 0.0,
    "learning_rate": 0.0029865135000000003,
    "policy_std": 2.1380274210785966,
    "exploration_factor": 0.9844586666666666
  },
  "timestamp": "20250510_104323"
}