{
  "version": "model_v1_20250507_182835_reward_0.632",
  "metrics": {
    "actor_loss": 0.009204415542391566,
    "value_loss": 25.36793789754754,
    "entropy_loss": 0.00747099617964605,
    "total_loss": 0.0,
    "mean_reward": 0.6318177525133313,
    "clip_fraction": 0.0,
    "approx_kl": 0.0,
    "difficulty_accuracy": 0.0,
    "topic_diversity": 0.0
  },
  "timestamp": "20250507_182835"
}