{
  "version": "model_v1_20250507_182838_reward_0.629",
  "metrics": {
    "actor_loss": 0.0027286609209353006,
    "value_loss": 25.006286438181448,
    "entropy_loss": 0.006517258553003949,
    "total_loss": 0.0,
    "mean_reward": 0.6290710219814707,
    "clip_fraction": 0.0,
    "approx_kl": 0.0,
    "difficulty_accuracy": 0.0,
    "topic_diversity": 0.0
  },
  "timestamp": "20250507_182838"
}