{
  "version": "model_v1_20250510_110728_reward_0.633",
  "metrics": {
    "actor_loss": NaN,
    "value_loss": 344.61631055942365,
    "entropy_loss": NaN,
    "total_loss": 0.0,
    "mean_reward": 0.6326947964228539,
    "clip_fraction": NaN,
    "approx_kl": NaN,
    "difficulty_accuracy": 0.0,
    "topic_diversity": 0.0,
    "learning_rate": 0.00028978173174392616,
    "policy_std": 1.412673974737768,
    "exploration_factor": 1.0,
    "value_clip_fraction": 0.9932083333333332,
    "policy_momentum": 0.0,
    "state_mean": 0.3498754209489061,
    "state_std": 0.08172345603206624,
    "grad_norm": 0.0,
    "noise_scale": 0.04592112990279428
  },
  "timestamp": "20250510_110728"
}