{
  "version": "model_v1_20250510_105942_reward_0.631",
  "metrics": {
    "actor_loss": NaN,
    "value_loss": 1885.429098271861,
    "entropy_loss": NaN,
    "total_loss": 0.0,
    "mean_reward": 0.6314528009449629,
    "clip_fraction": NaN,
    "approx_kl": NaN,
    "difficulty_accuracy": 0.0,
    "topic_diversity": 0.0,
    "learning_rate": 0.009624573132289361,
    "policy_std": 2.0633612474538507,
    "exploration_factor": 0.9948453333333331,
    "value_clip_fraction": 0.9990985576923077,
    "policy_momentum": 0.0,
    "state_mean": 0.34991769612477314,
    "state_std": 0.08171578873923677,
    "grad_norm": 0.0
  },
  "timestamp": "20250510_105942"
}