{
  "version": "model_v1_20250510_145249_reward_0.541",
  "metrics": {
    "actor_loss": NaN,
    "value_loss": 505.33399770519475,
    "entropy_loss": NaN,
    "total_loss": 0.0,
    "mean_reward": 0.5406093685986993,
    "clip_fraction": NaN,
    "approx_kl": NaN,
    "difficulty_accuracy": 0.0,
    "topic_diversity": 0.0,
    "learning_rate": 0.0002988597533206704,
    "policy_std": 1.2370778004535434,
    "exploration_factor": 1.0,
    "value_clip_fraction": 0.9932024572649573,
    "policy_momentum": 0.0,
    "state_mean": 0.3424262653395892,
    "state_std": 0.0792419346083281,
    "grad_norm": 0.0,
    "noise_scale": 0.04923326258515863,
    "topic_performance": {
      "ds": 0.0,
      "algo": 0.0,
      "oops": 0.0,
      "dbms": 0.0,
      "os": 0.0,
      "cn": 0.0,
      "system_design": 0.0
    }
  },
  "timestamp": "20250510_145249"
}