{
  "version": "model_v1_20250507_153401_reward_0.632",
  "metrics": {
    "actor_loss": 0.0005840896670418682,
    "value_loss": 25.3023350053145,
    "entropy_loss": -0.0012577989092435755,
    "total_loss": 0.0,
    "mean_reward": 0.6323606359179694,
    "clip_fraction": 0.0,
    "approx_kl": 0.0,
    "difficulty_accuracy": 0.0,
    "topic_diversity": 0.0
  },
  "timestamp": "20250507_153401"
}