{
  "version": "model_v1_20250510_105906_reward_0.632",
  "metrics": {
    "actor_loss": NaN,
    "value_loss": 1892.6037292732387,
    "entropy_loss": NaN,
    "total_loss": 0.0,
    "mean_reward": 0.6316420625758425,
    "clip_fraction": NaN,
    "approx_kl": NaN,
    "difficulty_accuracy": 0.0,
    "topic_diversity": 0.0,
    "learning_rate": 0.009720247633093,
    "policy_std": 2.2109733983879534,
    "exploration_factor": 0.996133333333333,
    "value_clip_fraction": 0.9993938577586207,
    "policy_momentum": 0.0,
    "state_mean": 0.34992750521783655,
    "state_std": 0.08171424191138746,
    "grad_norm": 0.0
  },
  "timestamp": "20250510_105906"
}