{
  "version": "model_v1_20250507_174306_reward_0.626",
  "metrics": {
    "actor_loss": 0.00029550293970871476,
    "value_loss": 24.90403265363453,
    "entropy_loss": -0.00492924936332659,
    "total_loss": 0.0,
    "mean_reward": 0.625987741163908,
    "clip_fraction": 0.0,
    "approx_kl": 0.0,
    "difficulty_accuracy": 0.0,
    "topic_diversity": 0.0
  },
  "timestamp": "20250507_174306"
}