{
  "episode": 1220,
  "epoch": 3,
  "mean_reward": 0.24585809427601352,
  "best_reward": 0.4567905254997499,
  "avg_reward_100": 0.20545794040496804,
  "avg_policy_loss_100": -4.5931903933067e-05,
  "avg_value_loss_100": 8.470167862451454,
  "timestamp": "20250507_112202"
}