{
  "episode": 1200,
  "epoch": 3,
  "mean_reward": 0.33595365611375005,
  "best_reward": 0.4567905254997499,
  "timestamp": "20250503_213456"
}