{
  "interview_num": 810,
  "stats": {
    "average_score": 0.1558021418987179,
    "time_efficiency": 0.30596580179311417,
    "topic_performances": {
      "ds": 0.14231176074866433,
      "algo": 0.12407033423287477,
      "oops": 0.22742693021315002,
      "dbms": 0.0,
      "os": 0.0,
      "cn": 0.17995093938338705,
      "system_design": 0.0
    },
    "current_streak": 0,
    "difficulty_level": 10.0
  },
  "timestamp": "20250503_210947"
}