{
  "interview_num": 2470,
  "stats": {
    "average_score": 0.17430990538276014,
    "time_efficiency": 0.16976371036665547,
    "topic_performances": {
      "ds": 0.09859012057385778,
      "algo": 0.40131814284318357,
      "oops": 0.13652557146145078,
      "dbms": 0.0,
      "os": 0.0,
      "cn": 0.0,
      "system_design": 0.0
    },
    "current_streak": 0,
    "difficulty_level": 1.0
  },
  "timestamp": "20250503_220112"
}