{
  "interviews_completed": 8,
  "timestep": 80,
  "mean_reward": 6.099373531341553,
  "std_reward": 1.5307288076658632,
  "training_params": {
    "learning_rate": 0.0003,
    "n_steps": 2048,
    "batch_size": 64,
    "n_epochs": 10
  }
}