{
  "interview_num": 580,
  "stats": {
    "average_score": 0.18564775638796593,
    "time_efficiency": 0.17054964094276345,
    "topic_performances": {
      "ds": 0.11393999823071807,
      "algo": 0.22182192374149154,
      "oops": 0.25507898462680706,
      "dbms": 0.0,
      "os": 0.0,
      "cn": 0.22509383047869844,
      "system_design": 0.0
    },
    "current_streak": 0,
    "difficulty_level": 1.0
  },
  "timestamp": "20250503_213410"
}