{
  "interview_num": 59,
  "stats": {
    "average_score": 0.6734467552702315,
    "time_efficiency": 0.0,
    "topic_performances": {
      "ds": 0.0,
      "algo": 0.0,
      "oops": 0.6052455092837251,
      "dbms": 0.8078198433928858,
      "os": 0.7666980636097145,
      "cn": 0.523017104540798,
      "system_design": 0.27739055376285116
    },
    "current_streak": 5,
    "difficulty_level": NaN
  },
  "timestamp": "20250503_190026"
}