{
  "episode": 2330,
  "epoch": 5,
  "mean_reward": 0.14620160517632602,
  "best_reward": 0.4567905254997499,
  "avg_reward_100": 0.22444633754589044,
  "avg_policy_loss_100": 5.0742792503501554e-05,
  "avg_value_loss_100": 8.510396335871732,
  "timestamp": "20250507_112356"
}