{
  "episode": 690,
  "epoch": 2,
  "mean_reward": 0.259561116462379,
  "best_reward": 0.4567905254997499,
  "avg_reward_100": 0.20958960247559077,
  "avg_policy_loss_100": 2.1351125126648825e-05,
  "avg_value_loss_100": 8.622218915830267,
  "timestamp": "20250507_112118"
}