{
  "episode": 1780,
  "epoch": 4,
  "mean_reward": 0.14804699263748272,
  "best_reward": 0.4567905254997499,
  "timestamp": "20250503_220005"
}