{
  "interview_num": 130,
  "stats": {
    "average_score": 0.22006281054767815,
    "time_efficiency": 0.1733612815509164,
    "topic_performances": {
      "ds": 0.09645508754338764,
      "algo": 0.40735862489661434,
      "oops": 0.1661075109964378,
      "dbms": 0.0,
      "os": 0.2605168586205122,
      "cn": 0.0,
      "system_design": 0.0
    },
    "current_streak": 0,
    "difficulty_level": 1.0
  },
  "timestamp": "20250503_215758"
}