{
  "episode": 1940,
  "epoch": 4,
  "mean_reward": 0.224795442306795,
  "best_reward": 0.4567905254997499,
  "timestamp": "20250503_213600"
}