{
  "interview_num": 2350,
  "stats": {
    "average_score": 0.22596459409981637,
    "time_efficiency": 0.19937975064906285,
    "topic_performances": {
      "ds": 0.14971859905835339,
      "algo": 0.14903876298242177,
      "oops": 0.3410134227379424,
      "dbms": 0.0,
      "os": 0.0,
      "cn": 0.0,
      "system_design": 0.0
    },
    "current_streak": 0,
    "difficulty_level": 10.0
  },
  "timestamp": "20250503_213636"
}