{
  "episode": 580,
  "epoch": 2,
  "mean_reward": 0.24892925118154893,
  "best_reward": 0.4567905254997499,
  "avg_reward_100": 0.21113244912056175,
  "avg_policy_loss_100": 5.746837666415994e-05,
  "avg_value_loss_100": 8.700945124268427,
  "timestamp": "20250507_112110"
}