{
  "episode": 430,
  "epoch": 5,
  "mean_reward": 0.7959377981110578,
  "best_reward": 0.9066554298388896,
  "timestamp": "20250503_190646"
}