{
  "episode": 2350,
  "epoch": 5,
  "mean_reward": 0.22596459409981637,
  "best_reward": 0.4567905254997499,
  "timestamp": "20250503_213636"
}