{
  "episode": 1610,
  "epoch": 4,
  "mean_reward": 0.2040742098102383,
  "best_reward": 0.4567905254997499,
  "avg_reward_100": 0.218046603381649,
  "avg_policy_loss_100": 0.0002111248333558453,
  "avg_value_loss_100": 8.835219942125136,
  "timestamp": "20250507_112239"
}