{
  "interview_num": 740,
  "stats": {
    "average_score": 0.09897575531122692,
    "time_efficiency": 0.5292405727667389,
    "topic_performances": {
      "ds": 0.10789145351666839,
      "algo": 0.10311607905990434,
      "oops": 0.08798989523144676,
      "dbms": 0.0,
      "os": 0.0,
      "cn": 0.0,
      "system_design": 0.0
    },
    "current_streak": 0,
    "difficulty_level": 10.0
  },
  "timestamp": "20250503_210942"
}