{
  "episode": 1130,
  "epoch": 3,
  "mean_reward": 0.2844282242090546,
  "best_reward": 0.4567905254997499,
  "timestamp": "20250503_213451"
}