{
  "episode": 520,
  "epoch": 2,
  "mean_reward": 0.12238075289049158,
  "best_reward": 0.4567905254997499,
  "timestamp": "20250503_210925"
}