{
  "episode": 770,
  "epoch": 2,
  "mean_reward": 0.2579329841429267,
  "best_reward": 0.4567905254997499,
  "timestamp": "20250503_213424"
}