{
  "episode": 960,
  "epoch": 2,
  "mean_reward": 0.21216789695407026,
  "best_reward": 0.4567905254997499,
  "timestamp": "20250503_213438"
}