{
  "episode": 650,
  "epoch": 2,
  "mean_reward": 0.16031768068361432,
  "best_reward": 0.4567905254997499,
  "avg_reward_100": 0.20537430821299474,
  "avg_policy_loss_100": 0.0001835206243819688,
  "avg_value_loss_100": 8.524555840748453,
  "timestamp": "20250507_112115"
}