{
  "episode": 910,
  "epoch": 2,
  "mean_reward": 0.21978150594925921,
  "best_reward": 0.4567905254997499,
  "timestamp": "20250503_210955"
}