{
  "final_stats": {
    "average_score": 0.8694091917633395,
    "time_efficiency": 0.2702783874673467,
    "topic_performances": {
      "ds": 0.7484032989028419,
      "algo": 0.9019042886189759,
      "oops": 0.9314493321286536,
      "dbms": 0.7073732032373843,
      "os": 1.0,
      "cn": 0.9526766510228486,
      "system_design": 0.8903310008434827
    },
    "current_streak": 9,
    "difficulty_level": 5.919379787040526
  },
  "mean_reward": 0.8694091917633395,
  "policy_loss": -0.05615592286793845,
  "value_loss": 1.0,
  "timestamp": "20250503_190328"
}