{
  "episode": 890,
  "epoch": 2,
  "mean_reward": 0.27414282305036225,
  "best_reward": 0.4567905254997499,
  "avg_reward_100": 0.21743788937096425,
  "avg_policy_loss_100": 6.001826527518632e-05,
  "avg_value_loss_100": 8.757276154987478,
  "timestamp": "20250507_112135"
}