{
  "episode": 1370,
  "epoch": 3,
  "mean_reward": 0.22035443104166377,
  "best_reward": 0.4567905254997499,
  "timestamp": "20250503_211034"
}