{
  "episode": 1860,
  "epoch": 4,
  "mean_reward": 0.1845870167446892,
  "best_reward": 0.4567905254997499,
  "avg_reward_100": 0.20724936360326007,
  "avg_policy_loss_100": 0.0002068296888570985,
  "avg_value_loss_100": 8.412114445260192,
  "timestamp": "20250507_112303"
}