{
  "interview_num": 1090,
  "stats": {
    "average_score": 0.24241612469001866,
    "time_efficiency": 0.3184897782736402,
    "topic_performances": {
      "ds": 0.11446428269836369,
      "algo": 0.4099075873526452,
      "oops": 0.1470460164648383,
      "dbms": 0.0,
      "os": 0.0,
      "cn": 0.0,
      "system_design": 0.0
    },
    "current_streak": 0,
    "difficulty_level": 1.0
  },
  "timestamp": "20250503_213448"
}