{
  "interview_num": 1320,
  "stats": {
    "average_score": 0.20497489556922527,
    "time_efficiency": 0.1923207029520125,
    "topic_performances": {
      "ds": 0.2617245085940059,
      "algo": 0.14388412946821755,
      "oops": 0.19536143419475988,
      "dbms": 0.0,
      "os": 0.0,
      "cn": 0.0,
      "system_design": 0.0
    },
    "current_streak": 0,
    "difficulty_level": 1.0
  },
  "timestamp": "20250503_215924"
}