{
  "total_episodes": 1105,
  "epoch": 3,
  "epoch_episode": 105,
  "average_score": 0.1696433670059188,
  "time_efficiency": 0.060139143635265555,
  "current_streak": 0,
  "difficulty_level": 1.0,
  "topic_performances": {
    "ds": 0.11677258313442823,
    "algo": 0.11819145276754699,
    "oops": 0.3592155910403356,
    "dbms": 0.0,
    "os": 0.0,
    "cn": 0.0,
    "system_design": 0.15491892750504432
  }
}