{
  "total_episodes": 35,
  "epoch": 1,
  "epoch_episode": 35,
  "average_score": 0.11262753093965869,
  "time_efficiency": 0.30683214779362944,
  "current_streak": 0,
  "difficulty_level": 3.804313705957785,
  "topic_performances": {
    "ds": 0.1123847990032811,
    "algo": 0.1303629355661611,
    "oops": 0.08693579615361674,
    "dbms": 0.0,
    "os": 0.0,
    "cn": 0.15520285379029014,
    "system_design": 0.0
  }
}