{
  "total_episodes": 591,
  "epoch": 2,
  "epoch_episode": 91,
  "actor_loss": 0.00013562078463735805,
  "value_loss": 1.0,
  "mean_reward": 0.15150490999832913,
  "topic_performance": {
    "ds": 0.10909976947827035,
    "algo": 0.3053875913681562,
    "oops": 0.10083689157701639,
    "dbms": 0.0,
    "os": 0.15710128670159437,
    "cn": 0.0,
    "system_design": 0.0
  }
}