{
  "total_episodes": 1240,
  "epoch": 3,
  "epoch_episode": 240,
  "average_score": 0.12579340028161243,
  "time_efficiency": 0.10683541050288299,
  "current_streak": 0,
  "difficulty_level": 1.0,
  "topic_performances": {
    "ds": 0.10795072798453137,
    "algo": 0.08986796952218946,
    "oops": 0.11152004224177385,
    "dbms": 0.0,
    "os": 0.28304432387422895,
    "cn": 0.0,
    "system_design": 0.0
  }
}