{
  "total_episodes": 985,
  "epoch": 2,
  "epoch_episode": 485,
  "actor_loss": -2.2582725491826495e-07,
  "value_loss": 1.0,
  "mean_reward": 0.15663987587792422,
  "topic_performance": {
    "ds": 0.1746221614202124,
    "algo": 0.0,
    "oops": 0.12094640611529578,
    "dbms": 0.0,
    "os": 0.0,
    "cn": 0.15582657191208057,
    "system_design": 0.0
  }
}