{
  "total_episodes": 137,
  "epoch": 1,
  "epoch_episode": 137,
  "actor_loss": -0.002245733420685303,
  "value_loss": 1.0,
  "mean_reward": 0.21247139117553465,
  "topic_performance": {
    "ds": 0.23950616553016008,
    "algo": 0.17920325272677945,
    "oops": 0.27067298600080897,
    "dbms": 0.0,
    "os": 0.0,
    "cn": 0.0,
    "system_design": 0.0
  }
}