{
  "total_episodes": 1200,
  "epoch": 3,
  "epoch_episode": 200,
  "average_score": 0.13723843353819234,
  "time_efficiency": 0.18816977016730702,
  "current_streak": 0,
  "difficulty_level": 10.0,
  "topic_performances": {
    "ds": 0.10054317507753148,
    "algo": 0.13178086493350014,
    "oops": 0.11621113174275717,
    "dbms": 0.0,
    "os": 0.326778820120557,
    "cn": 0.0,
    "system_design": 0.0
  }
}