{
  "total_episodes": 302,
  "epoch": 1,
  "epoch_episode": 302,
  "actor_loss": 0.020582526857643633,
  "value_loss": 1.0,
  "mean_reward": 0.19025212046719048,
  "topic_performance": {
    "ds": 0.14621146547255245,
    "algo": 0.17174044719436646,
    "oops": 0.2412281154972553,
    "dbms": 0.15549345187649327,
    "os": 0.0,
    "cn": 0.0,
    "system_design": 0.0
  }
}