{
  "total_episodes": 699,
  "epoch": 2,
  "epoch_episode": 199,
  "actor_loss": -0.007283076085331674,
  "value_loss": 1.0,
  "mean_reward": 0.2536290578482842,
  "topic_performance": {
    "ds": 0.40609081014677784,
    "algo": 0.23338527840889783,
    "oops": 0.11128919526948378,
    "dbms": 0.0,
    "os": 0.0,
    "cn": 0.0,
    "system_design": 0.0
  }
}