{
  "total_episodes": 1896,
  "epoch": 4,
  "epoch_episode": 396,
  "actor_loss": -2.2204460492503132e-17,
  "value_loss": 1.0,
  "mean_reward": 0.15285190171877722,
  "topic_performance": {
    "ds": 0.18462372768853566,
    "algo": 0.0,
    "oops": 0.10519416276413962,
    "dbms": 0.0,
    "os": 0.0,
    "cn": 0.0,
    "system_design": 0.0
  }
}