{
  "total_episodes": 2359,
  "epoch": 5,
  "epoch_episode": 359,
  "actor_loss": 2.2204460492503132e-17,
  "value_loss": 1.0,
  "mean_reward": 0.3442283033939318,
  "topic_performance": {
    "ds": 0.4385714702707082,
    "algo": 0.43230481198064985,
    "oops": 0.2759680899180531,
    "dbms": 0.0,
    "os": 0.15808663949368112,
    "cn": 0.0,
    "system_design": 0.0
  }
}