{
  "total_episodes": 1680,
  "epoch": 4,
  "epoch_episode": 180,
  "actor_loss": -0.00544310526018259,
  "value_loss": 1.0,
  "mean_reward": 0.16968162369338752,
  "topic_performance": {
    "ds": 0.11720633479367869,
    "algo": 0.22249988557672284,
    "oops": 0.15173256341531582,
    "dbms": 0.0,
    "os": 0.0,
    "cn": 0.0,
    "system_design": 0.0
  }
}