{
  "total_episodes": 604,
  "epoch": 2,
  "epoch_episode": 104,
  "actor_loss": 0.08680280515261858,
  "value_loss": 1.0,
  "mean_reward": 0.13187736201871497,
  "topic_performance": {
    "ds": 0.10717473577357124,
    "algo": 0.09991302331863099,
    "oops": 0.2488421481366405,
    "dbms": 0.0,
    "os": 0.0,
    "cn": 0.0,
    "system_design": 0.0
  }
}