{
  "total_episodes": 1771,
  "epoch": 4,
  "epoch_episode": 271,
  "actor_loss": 2.2204460492503132e-17,
  "value_loss": 1.0,
  "mean_reward": 0.15671890562955287,
  "topic_performance": {
    "ds": 0.13706214307395573,
    "algo": 0.0,
    "oops": 0.16785727245654117,
    "dbms": 0.0,
    "os": 0.0,
    "cn": 0.0,
    "system_design": 0.1488589923344148
  }
}