{
  "total_episodes": 1658,
  "epoch": 4,
  "epoch_episode": 158,
  "actor_loss": -1.3322676295501878e-16,
  "value_loss": 1.0,
  "mean_reward": 0.27346451055656074,
  "topic_performance": {
    "ds": 0.32129694051093804,
    "algo": 0.3319460002347704,
    "oops": 0.11947332214690307,
    "dbms": 0.0,
    "os": 0.0,
    "cn": 0.19337457907607353,
    "system_design": 0.0
  }
}