{
  "total_episodes": 145,
  "epoch": 1,
  "epoch_episode": 145,
  "actor_loss": -0.003892829481910409,
  "value_loss": 1.0,
  "mean_reward": 0.11950503063906688,
  "topic_performance": {
    "ds": 0.10673260634170066,
    "algo": 0.10706393099932908,
    "oops": 0.1489760293419596,
    "dbms": 0.0,
    "os": 0.0,
    "cn": 0.0,
    "system_design": 0.0
  }
}