{
  "total_episodes": 2495,
  "epoch": 5,
  "epoch_episode": 495,
  "average_score": 0.1277508069383851,
  "time_efficiency": 0.3750416456084012,
  "current_streak": 0,
  "difficulty_level": 10.0,
  "topic_performances": {
    "ds": 0.104211491704426,
    "algo": 0.13819315149024733,
    "oops": 0.13769745825801558,
    "dbms": 0.0,
    "os": 0.0,
    "cn": 0.0,
    "system_design": 0.0
  }
}