{
  "total_episodes": 2119,
  "epoch": 5,
  "epoch_episode": 119,
  "actor_loss": 0.1302422510653297,
  "value_loss": 1.0,
  "mean_reward": 0.1558021418987179,
  "topic_performance": {
    "ds": 0.14231176074866433,
    "algo": 0.12407033423287477,
    "oops": 0.22742693021315002,
    "dbms": 0.0,
    "os": 0.0,
    "cn": 0.17995093938338705,
    "system_design": 0.0
  }
}