{
  "total_episodes": 65,
  "epoch": 1,
  "epoch_episode": 65,
  "average_score": 0.15521447921676,
  "time_efficiency": 0.41383288687303105,
  "current_streak": 0,
  "difficulty_level": 3.514076062090154,
  "topic_performances": {
    "ds": 0.11442789005259335,
    "algo": 0.04848744338053884,
    "oops": 0.2829549886529747,
    "dbms": 0.14859337923722465,
    "os": 0.0,
    "cn": 0.0,
    "system_design": 0.0
  }
}