{
  "total_episodes": 579,
  "epoch": 2,
  "epoch_episode": 79,
  "actor_loss": -0.037363896671226415,
  "value_loss": 1.0,
  "mean_reward": 0.11589054531545355,
  "topic_performance": {
    "ds": 0.09919112814282867,
    "algo": 0.14926417432879485,
    "oops": 0.10056498718846352,
    "dbms": 0.16054377131460557,
    "os": 0.0,
    "cn": 0.0,
    "system_design": 0.0
  }
}