{
  "total_episodes": 1571,
  "epoch": 4,
  "epoch_episode": 71,
  "actor_loss": 0.13312180513519203,
  "value_loss": 1.0,
  "mean_reward": 0.33714294344780393,
  "topic_performance": {
    "ds": 0.46739449428779944,
    "algo": 0.25890625992668165,
    "oops": 0.41580839205455045,
    "dbms": 0.0,
    "os": 0.0,
    "cn": 0.0,
    "system_design": 0.0
  }
}