{
  "total_episodes": 1390,
  "epoch": 3,
  "epoch_episode": 390,
  "actor_loss": 1.3322676295501878e-16,
  "value_loss": 1.0,
  "mean_reward": 0.17208901194144857,
  "topic_performance": {
    "ds": 0.11668677568617776,
    "algo": 0.3047584022489646,
    "oops": 0.1141386464022647,
    "dbms": 0.0,
    "os": 0.0,
    "cn": 0.0,
    "system_design": 0.0
  }
}