{
  "total_episodes": 75,
  "epoch": 1,
  "epoch_episode": 75,
  "average_score": 0.18043776053135482,
  "time_efficiency": 0.5679212323314647,
  "current_streak": 0,
  "difficulty_level": 2.691642222202024,
  "topic_performances": {
    "ds": 0.21726203690004034,
    "algo": 0.10522233838205243,
    "oops": 0.20120020283359458,
    "dbms": 0.0,
    "os": 0.0,
    "cn": 0.0,
    "system_design": 0.0
  }
}