{
  "total_episodes": 2300,
  "epoch": 5,
  "epoch_episode": 300,
  "actor_loss": 2.2204460492503132e-17,
  "value_loss": 1.0,
  "mean_reward": 0.3814190121728135,
  "topic_performance": {
    "ds": 0.39158292437249154,
    "algo": 0.23780377749331194,
    "oops": 0.46368429232283026,
    "dbms": 0.0,
    "os": 0.15531747745353558,
    "cn": 0.0,
    "system_design": 0.0
  }
}