{
  "total_episodes": 1662,
  "epoch": 4,
  "epoch_episode": 162,
  "actor_loss": 0.06522257607118975,
  "value_loss": 1.0,
  "mean_reward": 0.33595365611375005,
  "topic_performance": {
    "ds": 0.4012366473027982,
    "algo": 0.25583044611570394,
    "oops": 0.34708382022049866,
    "dbms": 0.0,
    "os": 0.0,
    "cn": 0.0,
    "system_design": 0.0
  }
}