{
  "total_episodes": 2153,
  "epoch": 5,
  "epoch_episode": 153,
  "actor_loss": 0.16144492249474346,
  "value_loss": 1.0,
  "mean_reward": 0.3863187981833297,
  "topic_performance": {
    "ds": 0.4411592903500913,
    "algo": 0.3218331077225481,
    "oops": 0.2716626993485045,
    "dbms": 0.0,
    "os": 0.30090332493914834,
    "cn": 0.0,
    "system_design": 0.0
  }
}