{
  "total_episodes": 1360,
  "epoch": 3,
  "epoch_episode": 360,
  "average_score": 0.25464837916844024,
  "time_efficiency": 0.30534116066699457,
  "current_streak": 0,
  "difficulty_level": 1.0,
  "topic_performances": {
    "ds": 0.0910958680008882,
    "algo": 0.08750588714032832,
    "oops": 0.4203548788523282,
    "dbms": 0.0,
    "os": 0.0,
    "cn": 0.0,
    "system_design": 0.0
  }
}