{
  "total_episodes": 2036,
  "epoch": 5,
  "epoch_episode": 36,
  "actor_loss": -1.1055403259518925e-10,
  "value_loss": 1.0,
  "mean_reward": 0.35548070570846957,
  "topic_performance": {
    "ds": 0.36068294868468476,
    "algo": 0.44770735834935427,
    "oops": 0.1606229144742694,
    "dbms": 0.0,
    "os": 0.0,
    "cn": 0.0,
    "system_design": 0.0
  }
}