{
  "total_episodes": 834,
  "epoch": 2,
  "epoch_episode": 334,
  "actor_loss": 0.05207290410654233,
  "value_loss": 1.0,
  "mean_reward": 0.1316399847799486,
  "topic_performance": {
    "ds": 0.11241674013790023,
    "algo": 0.1083208457743983,
    "oops": 0.16504169466667873,
    "dbms": 0.16725379478955826,
    "os": 0.0,
    "cn": 0.0,
    "system_design": 0.0
  }
}