{
  "total_episodes": 1487,
  "epoch": 3,
  "epoch_episode": 487,
  "actor_loss": 4.4408920985006264e-17,
  "value_loss": 1.0,
  "mean_reward": 0.14162574067593156,
  "topic_performance": {
    "ds": 0.10629700460519874,
    "algo": 0.09621900575601298,
    "oops": 0.4541243636910004,
    "dbms": 0.0,
    "os": 0.0,
    "cn": 0.16214700047265415,
    "system_design": 0.0
  }
}