{
  "total_episodes": 573,
  "epoch": 2,
  "epoch_episode": 73,
  "actor_loss": -0.01848109553274919,
  "value_loss": 1.0,
  "mean_reward": 0.22811680416922156,
  "topic_performance": {
    "ds": 0.36083839618765406,
    "algo": 0.48866731993955903,
    "oops": 0.111930351222884,
    "dbms": 0.15033377707527446,
    "os": 0.0,
    "cn": 0.0,
    "system_design": 0.0
  }
}