{
  "total_episodes": 2025,
  "epoch": 5,
  "epoch_episode": 25,
  "average_score": 0.1378502343628258,
  "time_efficiency": 0.18232684389481685,
  "current_streak": 0,
  "difficulty_level": 1.0,
  "topic_performances": {
    "ds": 0.09035174384696368,
    "algo": 0.19794153217397747,
    "oops": 0.11149652863580767,
    "dbms": 0.15798814486916785,
    "os": 0.0,
    "cn": 0.0,
    "system_design": 0.0
  }
}