{
  "total_episodes": 1540,
  "epoch": 4,
  "epoch_episode": 40,
  "actor_loss": -0.05468570929433201,
  "value_loss": 1.0,
  "mean_reward": 0.2528058023818187,
  "topic_performance": {
    "ds": 0.3641127043628555,
    "algo": 0.3135632933571406,
    "oops": 0.10352501554703068,
    "dbms": 0.0,
    "os": 0.0,
    "cn": 0.0,
    "system_design": 0.3439438508215016
  }
}