{
  "total_episodes": 535,
  "epoch": 2,
  "epoch_episode": 35,
  "actor_loss": 0.04758618468780882,
  "value_loss": 1.0,
  "mean_reward": 0.22824070437352878,
  "topic_performance": {
    "ds": 0.18701390532613898,
    "algo": 0.12452163149346812,
    "oops": 0.3762542500114776,
    "dbms": 0.0,
    "os": 0.0,
    "cn": 0.0,
    "system_design": 0.15654540940936273
  }
}