{
  "total_episodes": 890,
  "epoch": 2,
  "epoch_episode": 390,
  "average_score": 0.13712134161137957,
  "time_efficiency": 0.18929297766621803,
  "current_streak": 0,
  "difficulty_level": 1.0,
  "topic_performances": {
    "ds": 0.11763861352143463,
    "algo": 0.12063556165584512,
    "oops": 0.3034750500176524,
    "dbms": 0.0,
    "os": 0.0,
    "cn": 0.0,
    "system_design": 0.0
  }
}