{
  "total_episodes": 325,
  "epoch": 1,
  "epoch_episode": 325,
  "actor_loss": 0.026706005141369914,
  "value_loss": 1.0,
  "mean_reward": 0.20507197692487375,
  "topic_performance": {
    "ds": 0.31165409153259344,
    "algo": 0.07746890272956053,
    "oops": 0.2120789634540716,
    "dbms": 0.0,
    "os": 0.0,
    "cn": 0.0,
    "system_design": 0.0
  }
}