{
  "total_episodes": 539,
  "epoch": 2,
  "epoch_episode": 39,
  "actor_loss": -0.029503619304242123,
  "value_loss": 1.0,
  "mean_reward": 0.2372002911413778,
  "topic_performance": {
    "ds": 0.37188592050207864,
    "algo": 0.2447494750612107,
    "oops": 0.09244908322089969,
    "dbms": 0.0,
    "os": 0.0,
    "cn": 0.0,
    "system_design": 0.0
  }
}