{
  "total_episodes": 665,
  "epoch": 2,
  "epoch_episode": 165,
  "actor_loss": -0.012642168091600393,
  "value_loss": 1.0,
  "mean_reward": 0.21290167475028535,
  "topic_performance": {
    "ds": 0.08900952899098767,
    "algo": 0.25825500614392466,
    "oops": 0.0,
    "dbms": 0.0,
    "os": 0.0,
    "cn": 0.0,
    "system_design": 0.1432126465134056
  }
}