{
  "total_episodes": 2340,
  "epoch": 5,
  "epoch_episode": 340,
  "average_score": 0.18771990539468159,
  "time_efficiency": 0.041539702595976315,
  "current_streak": 0,
  "difficulty_level": 1.0,
  "topic_performances": {
    "ds": 0.10568228983000728,
    "algo": 0.35449022746177067,
    "oops": 0.12048478838340947,
    "dbms": 0.0,
    "os": 0.0,
    "cn": 0.15002963547465611,
    "system_design": 0.0
  }
}