{
  "total_episodes": 1510,
  "epoch": 4,
  "epoch_episode": 10,
  "average_score": 0.3289909029347583,
  "time_efficiency": 0.6412776316412102,
  "current_streak": 0,
  "difficulty_level": 10.0,
  "topic_performances": {
    "ds": 0.41576528059198115,
    "algo": 0.4641641623277946,
    "oops": 0.17890085438789352,
    "dbms": 0.0,
    "os": 0.0,
    "cn": 0.0,
    "system_design": 0.16181701916038863
  }
}