{
  "total_episodes": 1772,
  "epoch": 4,
  "epoch_episode": 272,
  "actor_loss": 0.07110571090638909,
  "value_loss": 1.0,
  "mean_reward": 0.2474505884115032,
  "topic_performance": {
    "ds": 0.12328079490400044,
    "algo": 0.2603297439621412,
    "oops": 0.3215761632942705,
    "dbms": 0.2364529389695369,
    "os": 0.0,
    "cn": 0.0,
    "system_design": 0.0
  }
}