{
  "total_episodes": 2070,
  "epoch": 5,
  "epoch_episode": 70,
  "actor_loss": -2.2204460492503132e-17,
  "value_loss": 1.0,
  "mean_reward": 0.17903393713786803,
  "topic_performance": {
    "ds": 0.11493933097381268,
    "algo": 0.11915640509768288,
    "oops": 0.4032706531358061,
    "dbms": 0.0,
    "os": 0.0,
    "cn": 0.1665715259187689,
    "system_design": 0.0
  }
}