{
  "total_episodes": 880,
  "epoch": 2,
  "epoch_episode": 380,
  "average_score": 0.13149571585215392,
  "time_efficiency": 0.12829058263203916,
  "current_streak": 0,
  "difficulty_level": 1.0,
  "topic_performances": {
    "ds": 0.12808839561875288,
    "algo": 0.34126605110340513,
    "oops": 0.08938154611110774,
    "dbms": 0.0,
    "os": 0.0,
    "cn": 0.0,
    "system_design": 0.14251819000633648
  }
}