{
  "total_episodes": 2032,
  "epoch": 5,
  "epoch_episode": 32,
  "actor_loss": 0.11485398711805132,
  "value_loss": 1.0,
  "mean_reward": 0.2640259998679177,
  "topic_performance": {
    "ds": 0.49326315672005966,
    "algo": 0.11766521775821129,
    "oops": 0.22917697524888156,
    "dbms": 0.0,
    "os": 0.0,
    "cn": 0.0,
    "system_design": 0.16100661598755703
  }
}