{
  "total_episodes": 605,
  "epoch": 2,
  "epoch_episode": 105,
  "average_score": 0.22739309196559296,
  "time_efficiency": 0.2773449536699179,
  "current_streak": 0,
  "difficulty_level": 1.0,
  "topic_performances": {
    "ds": 0.3488223439745691,
    "algo": 0.12312592651681128,
    "oops": 0.10167331831656819,
    "dbms": 0.0,
    "os": 0.0,
    "cn": 0.0,
    "system_design": 0.0
  }
}