{
  "total_episodes": 645,
  "epoch": 2,
  "epoch_episode": 145,
  "average_score": 0.23843096414629925,
  "time_efficiency": 0.47066947993684954,
  "current_streak": 0,
  "difficulty_level": 10.0,
  "topic_performances": {
    "ds": 0.417994390967582,
    "algo": 0.3071958107402098,
    "oops": 0.09386898971356084,
    "dbms": 0.0,
    "os": 0.0,
    "cn": 0.0,
    "system_design": 0.14045888822558378
  }
}