{
  "total_episodes": 980,
  "epoch": 2,
  "epoch_episode": 480,
  "average_score": 0.20645487172716098,
  "time_efficiency": 0.2369794095002296,
  "current_streak": 0,
  "difficulty_level": 1.0,
  "topic_performances": {
    "ds": 0.060150299976447774,
    "algo": 0.19543057269219138,
    "oops": 0.29187593383114907,
    "dbms": 0.0,
    "os": 0.38334338619545927,
    "cn": 0.0,
    "system_design": 0.0
  }
}