{
  "total_episodes": 291,
  "epoch": 1,
  "epoch_episode": 291,
  "actor_loss": -0.006688170440084873,
  "value_loss": 1.0,
  "mean_reward": 0.2939355559563145,
  "topic_performance": {
    "ds": 0.4199275294238697,
    "algo": 0.20674653867395626,
    "oops": 0.2154975946783564,
    "dbms": 0.0,
    "os": 0.0,
    "cn": 0.0,
    "system_design": 0.1996595804846843
  }
}