{
  "total_episodes": 1090,
  "epoch": 3,
  "epoch_episode": 90,
  "actor_loss": -0.026860287789012928,
  "value_loss": 1.0,
  "mean_reward": 0.18641630502454265,
  "topic_performance": {
    "ds": 0.10290203315073111,
    "algo": 0.3161689470677439,
    "oops": 0.22087371013758683,
    "dbms": 0.0,
    "os": 0.0,
    "cn": 0.0,
    "system_design": 0.15759589309425387
  }
}