{
  "total_episodes": 1731,
  "epoch": 4,
  "epoch_episode": 231,
  "actor_loss": -0.010135387065888813,
  "value_loss": 1.0,
  "mean_reward": 0.23954517320140542,
  "topic_performance": {
    "ds": 0.3368710402597823,
    "algo": 0.22734332248035105,
    "oops": 0.10930884386012352,
    "dbms": 0.0,
    "os": 0.0,
    "cn": 0.15582667665442107,
    "system_design": 0.0
  }
}