{
  "total_episodes": 459,
  "epoch": 1,
  "epoch_episode": 459,
  "actor_loss": 0.028031539034478213,
  "value_loss": 1.0,
  "mean_reward": 0.1768488674759467,
  "topic_performance": {
    "ds": 0.14345301730640678,
    "algo": 0.2550358070338514,
    "oops": 0.10856737987218357,
    "dbms": 0.0,
    "os": 0.24732006212214186,
    "cn": 0.0,
    "system_design": 0.0
  }
}