{
  "total_episodes": 2164,
  "epoch": 5,
  "epoch_episode": 164,
  "actor_loss": 0.11737026301098705,
  "value_loss": 1.0,
  "mean_reward": 0.2261107573401265,
  "topic_performance": {
    "ds": 0.17890100087449798,
    "algo": 0.29612481742385194,
    "oops": 0.1805021501039326,
    "dbms": 0.0,
    "os": 0.0,
    "cn": 0.0,
    "system_design": 0.0
  }
}