{
  "total_episodes": 421,
  "epoch": 1,
  "epoch_episode": 421,
  "actor_loss": -0.011755817638083088,
  "value_loss": 1.0,
  "mean_reward": 0.1845441559519827,
  "topic_performance": {
    "ds": 0.2756496354084105,
    "algo": 0.13067995739700852,
    "oops": 0.1100615941490756,
    "dbms": 0.0,
    "os": 0.0,
    "cn": 0.0,
    "system_design": 0.0
  }
}