{
  "total_episodes": 1019,
  "epoch": 3,
  "epoch_episode": 19,
  "actor_loss": -0.015639631815543842,
  "value_loss": 1.0,
  "mean_reward": 0.18940366182519222,
  "topic_performance": {
    "ds": 0.1401735654421814,
    "algo": 0.11590180332647007,
    "oops": 0.2473731144356202,
    "dbms": 0.0,
    "os": 0.0,
    "cn": 0.1450203085365181,
    "system_design": 0.0
  }
}