{
  "total_episodes": 1480,
  "epoch": 3,
  "epoch_episode": 480,
  "average_score": 0.24892925118154893,
  "time_efficiency": 0.13920215991387935,
  "current_streak": 0,
  "difficulty_level": 1.0,
  "topic_performances": {
    "ds": 0.43092713123103643,
    "algo": 0.3646858044652893,
    "oops": 0.11992443254465916,
    "dbms": 0.0,
    "os": 0.0,
    "cn": 0.0,
    "system_design": 0.0
  }
}