{
  "total_episodes": 1975,
  "epoch": 4,
  "epoch_episode": 475,
  "average_score": 0.24513852635546574,
  "time_efficiency": 0.14236134322657779,
  "current_streak": 0,
  "difficulty_level": 1.0,
  "topic_performances": {
    "ds": 0.2049145145580054,
    "algo": 0.110658614740027,
    "oops": 0.39973044386963463,
    "dbms": 0.0,
    "os": 0.0,
    "cn": 0.0,
    "system_design": 0.0
  }
}