{
  "total_episodes": 2086,
  "epoch": 5,
  "epoch_episode": 86,
  "actor_loss": 4.4408920985006264e-17,
  "value_loss": 1.0,
  "mean_reward": 0.19313686549241987,
  "topic_performance": {
    "ds": 0.41430928117155,
    "algo": 0.12969033576422762,
    "oops": 0.14599718738104706,
    "dbms": 0.0,
    "os": 0.0,
    "cn": 0.0,
    "system_design": 0.0
  }
}