{
  "total_episodes": 1491,
  "epoch": 3,
  "epoch_episode": 491,
  "actor_loss": 2.171119284355427e-10,
  "value_loss": 1.0,
  "mean_reward": 0.1845870167446892,
  "topic_performance": {
    "ds": 0.22841313013067255,
    "algo": 0.12563475463572954,
    "oops": 0.22162622216065722,
    "dbms": 0.0,
    "os": 0.0,
    "cn": 0.0,
    "system_design": 0.0
  }
}