{
  "total_episodes": 170,
  "epoch": 1,
  "epoch_episode": 170,
  "average_score": 0.27555388533697284,
  "time_efficiency": 0.5781907732465592,
  "current_streak": 0,
  "difficulty_level": 10.0,
  "topic_performances": {
    "ds": 0.27218476300167954,
    "algo": 0.3162428055715929,
    "oops": 0.12964381607495862,
    "dbms": 0.0,
    "os": 0.0,
    "cn": 0.0,
    "system_design": 0.0
  }
}