{
  "total_episodes": 55,
  "epoch": 1,
  "epoch_episode": 55,
  "average_score": 0.11251532552911556,
  "time_efficiency": 0.07300632670658737,
  "current_streak": 0,
  "difficulty_level": 1.0,
  "topic_performances": {
    "ds": 0.09645087096601403,
    "algo": 0.1278486632931993,
    "oops": 0.11501411764692462,
    "dbms": 0.0,
    "os": 0.0,
    "cn": 0.1514446375462016,
    "system_design": 0.0
  }
}