{
  "total_episodes": 1733,
  "epoch": 4,
  "epoch_episode": 233,
  "actor_loss": -0.02274579387901725,
  "value_loss": 1.0,
  "mean_reward": 0.20497489556922527,
  "topic_performance": {
    "ds": 0.2617245085940059,
    "algo": 0.14388412946821755,
    "oops": 0.19536143419475988,
    "dbms": 0.0,
    "os": 0.0,
    "cn": 0.0,
    "system_design": 0.0
  }
}