{
  "total_episodes": 62,
  "epoch": 1,
  "epoch_episode": 62,
  "actor_loss": 0.008697455110204543,
  "value_loss": 1.0,
  "mean_reward": 0.28447273002297596,
  "topic_performance": {
    "ds": 0.3740153359057925,
    "algo": 0.11086435347221812,
    "oops": 0.30019051711358913,
    "dbms": 0.0,
    "os": 0.0,
    "cn": 0.0,
    "system_design": 0.0
  }
}