{
  "total_episodes": 251,
  "epoch": 1,
  "epoch_episode": 251,
  "actor_loss": 0.04794738671040914,
  "value_loss": 1.0,
  "mean_reward": 0.1795336594915584,
  "topic_performance": {
    "ds": 0.07633803769780514,
    "algo": 0.3933998721109979,
    "oops": 0.13141260116876938,
    "dbms": 0.14372320598316674,
    "os": 0.0,
    "cn": 0.0,
    "system_design": 0.0
  }
}