{
  "total_episodes": 605,
  "epoch": 2,
  "epoch_episode": 105,
  "actor_loss": 0.04083101535488096,
  "value_loss": 1.0,
  "mean_reward": 0.22739309196559296,
  "topic_performance": {
    "ds": 0.3488223439745691,
    "algo": 0.12312592651681128,
    "oops": 0.10167331831656819,
    "dbms": 0.0,
    "os": 0.0,
    "cn": 0.0,
    "system_design": 0.0
  }
}