{
  "total_episodes": 873,
  "epoch": 2,
  "epoch_episode": 373,
  "actor_loss": -0.03301486356840642,
  "value_loss": 1.0,
  "mean_reward": 0.1240502621422257,
  "topic_performance": {
    "ds": 0.11140914095610233,
    "algo": 0.11119855899729503,
    "oops": 0.05394253360065626,
    "dbms": 0.0,
    "os": 0.0,
    "cn": 0.2959187060492039,
    "system_design": 0.0
  }
}