{
  "total_episodes": 961,
  "epoch": 2,
  "epoch_episode": 461,
  "actor_loss": 0.0016951068363830312,
  "value_loss": 1.0,
  "mean_reward": 0.1748226886426106,
  "topic_performance": {
    "ds": 0.2638923215926445,
    "algo": 0.09337672665685574,
    "oops": 0.11985617467973449,
    "dbms": 0.0,
    "os": 0.0,
    "cn": 0.0,
    "system_design": 0.0
  }
}