{
  "total_episodes": 2435,
  "epoch": 5,
  "epoch_episode": 435,
  "average_score": 0.15998186608166406,
  "time_efficiency": 0.4876744716467834,
  "current_streak": 0,
  "difficulty_level": 1.0,
  "topic_performances": {
    "ds": 0.1186194433645034,
    "algo": 0.10107927853051457,
    "oops": 0.26527590065472845,
    "dbms": 0.0,
    "os": 0.0,
    "cn": 0.0,
    "system_design": 0.14489479316740142
  }
}