{
  "total_episodes": 2479,
  "epoch": 5,
  "epoch_episode": 479,
  "actor_loss": -2.2204460492503132e-17,
  "value_loss": 1.0,
  "mean_reward": 0.18246073236576654,
  "topic_performance": {
    "ds": 0.20792204230656589,
    "algo": 0.11756909725862676,
    "oops": 0.21340395421850725,
    "dbms": 0.0,
    "os": 0.0,
    "cn": 0.0,
    "system_design": 0.0
  }
}