{
  "total_episodes": 1949,
  "epoch": 4,
  "epoch_episode": 449,
  "actor_loss": -0.04620639775396147,
  "value_loss": 1.0,
  "mean_reward": 0.20470492416048675,
  "topic_performance": {
    "ds": 0.25536526922960345,
    "algo": 0.11591913123662978,
    "oops": 0.1329794983302057,
    "dbms": 0.0,
    "os": 0.0,
    "cn": 0.0,
    "system_design": 0.0
  }
}