{
  "total_episodes": 1500,
  "epoch": 3,
  "epoch_episode": 500,
  "average_score": 0.15521447921676,
  "time_efficiency": 0.25814788916546305,
  "current_streak": 0,
  "difficulty_level": 1.0,
  "topic_performances": {
    "ds": 0.11442789005259335,
    "algo": 0.04848744338053884,
    "oops": 0.2829549886529747,
    "dbms": 0.14859337923722465,
    "os": 0.0,
    "cn": 0.0,
    "system_design": 0.0
  }
}