{
  "total_episodes": 911,
  "epoch": 2,
  "epoch_episode": 411,
  "actor_loss": 0.007412592297992559,
  "value_loss": 1.0,
  "mean_reward": 0.1705321990255062,
  "topic_performance": {
    "ds": 0.2560367691560433,
    "algo": 0.30173935907675997,
    "oops": 0.11507255405465593,
    "dbms": 0.0,
    "os": 0.15537117861756333,
    "cn": 0.0,
    "system_design": 0.0
  }
}