{
  "total_episodes": 2110,
  "epoch": 5,
  "epoch_episode": 110,
  "average_score": 0.19403288571966712,
  "time_efficiency": 0.33868519613863113,
  "current_streak": 0,
  "difficulty_level": 1.0,
  "topic_performances": {
    "ds": 0.3931362108665658,
    "algo": 0.2710890524052832,
    "oops": 0.11456696315835035,
    "dbms": 0.16109067332250393,
    "os": 0.0,
    "cn": 0.0,
    "system_design": 0.0
  }
}