{
  "total_episodes": 806,
  "epoch": 2,
  "epoch_episode": 306,
  "actor_loss": 0.11258483296231529,
  "value_loss": 1.0,
  "mean_reward": 0.2895993825843766,
  "topic_performance": {
    "ds": 0.4162141750376489,
    "algo": 0.18945986747775304,
    "oops": 0.3264315014643641,
    "dbms": 0.0,
    "os": 0.0,
    "cn": 0.0,
    "system_design": 0.0
  }
}