{
  "total_episodes": 680,
  "epoch": 2,
  "epoch_episode": 180,
  "average_score": 0.27631105889882857,
  "time_efficiency": 0.49053710123656274,
  "current_streak": 0,
  "difficulty_level": 1.0,
  "topic_performances": {
    "ds": 0.08132033695086406,
    "algo": 0.43587860077761,
    "oops": 0.1849627212501639,
    "dbms": 0.0,
    "os": 0.1547938529974794,
    "cn": 0.0,
    "system_design": 0.0
  }
}