{
  "total_episodes": 2295,
  "epoch": 5,
  "epoch_episode": 295,
  "average_score": 0.19058228596933408,
  "time_efficiency": 0.4417116160671026,
  "current_streak": 0,
  "difficulty_level": 1.0,
  "topic_performances": {
    "ds": 0.2276886198061904,
    "algo": 0.0,
    "oops": 0.15347595213247775,
    "dbms": 0.0,
    "os": 0.0,
    "cn": 0.0,
    "system_design": 0.0
  }
}