{
  "total_episodes": 1266,
  "epoch": 3,
  "epoch_episode": 266,
  "actor_loss": -6.661338147750939e-17,
  "value_loss": 1.0,
  "mean_reward": 0.2985672975120647,
  "topic_performance": {
    "ds": 0.3114851520123816,
    "algo": 0.23487778335074266,
    "oops": 0.5140102743026637,
    "dbms": 0.0,
    "os": 0.0,
    "cn": 0.0,
    "system_design": 0.16029320573684258
  }
}