{
  "total_episodes": 700,
  "epoch": 2,
  "epoch_episode": 200,
  "average_score": 0.14631361256289208,
  "time_efficiency": 0.4104682103629875,
  "current_streak": 0,
  "difficulty_level": 10.0,
  "topic_performances": {
    "ds": 0.11424819929252727,
    "algo": 0.20324355154066254,
    "oops": 0.11413077715319896,
    "dbms": 0.0,
    "os": 0.16803369739109789,
    "cn": 0.0,
    "system_design": 0.0
  }
}