{
  "total_episodes": 963,
  "epoch": 2,
  "epoch_episode": 463,
  "actor_loss": 0.1552569379353464,
  "value_loss": 1.0,
  "mean_reward": 0.260647568955764,
  "topic_performance": {
    "ds": 0.16121313807986873,
    "algo": 0.4057821168352131,
    "oops": 0.16442681682738386,
    "dbms": 0.0,
    "os": 0.0,
    "cn": 0.0,
    "system_design": 0.0
  }
}