{
  "total_episodes": 990,
  "epoch": 2,
  "epoch_episode": 490,
  "average_score": 0.2261107573401265,
  "time_efficiency": 0.3881244730830842,
  "current_streak": 0,
  "difficulty_level": 1.0,
  "topic_performances": {
    "ds": 0.17890100087449798,
    "algo": 0.29612481742385194,
    "oops": 0.1805021501039326,
    "dbms": 0.0,
    "os": 0.0,
    "cn": 0.0,
    "system_design": 0.0
  }
}