{
  "total_episodes": 2209,
  "epoch": 5,
  "epoch_episode": 209,
  "actor_loss": 1.1102230246251565e-16,
  "value_loss": 1.0,
  "mean_reward": 0.3643735333156186,
  "topic_performance": {
    "ds": 0.3991486176407237,
    "algo": 0.3625327521921775,
    "oops": 0.29850492691229086,
    "dbms": 0.0,
    "os": 0.0,
    "cn": 0.0,
    "system_design": 0.0
  }
}