{
  "total_episodes": 2324,
  "epoch": 5,
  "epoch_episode": 324,
  "actor_loss": -0.0,
  "value_loss": 1.0,
  "mean_reward": 0.13919571637632674,
  "topic_performance": {
    "ds": 0.11510497895382853,
    "algo": 0.16695356086407695,
    "oops": 0.20046660744806546,
    "dbms": 0.0,
    "os": 0.0,
    "cn": 0.0,
    "system_design": 0.0
  }
}