{
  "total_episodes": 2192,
  "epoch": 5,
  "epoch_episode": 192,
  "actor_loss": 0.11299102062109723,
  "value_loss": 1.0,
  "mean_reward": 0.1509717545183719,
  "topic_performance": {
    "ds": 0.10060636734511393,
    "algo": 0.15944425674084553,
    "oops": 0.1823914182314601,
    "dbms": 0.0,
    "os": 0.0,
    "cn": 0.0,
    "system_design": 0.0
  }
}