{
  "total_episodes": 307,
  "epoch": 1,
  "epoch_episode": 307,
  "actor_loss": -0.016422686426833442,
  "value_loss": 1.0,
  "mean_reward": 0.14605707508395244,
  "topic_performance": {
    "ds": 0.21257887272545298,
    "algo": 0.1074956761066412,
    "oops": 0.12508677608581048,
    "dbms": 0.0,
    "os": 0.0,
    "cn": 0.0,
    "system_design": 0.0
  }
}