{
  "total_episodes": 1670,
  "epoch": 4,
  "epoch_episode": 170,
  "average_score": 0.25687868657058527,
  "time_efficiency": 0.1518650868937227,
  "current_streak": 0,
  "difficulty_level": 1.0,
  "topic_performances": {
    "ds": 0.08521340073629419,
    "algo": 0.3650791044233553,
    "oops": 0.12267203695683812,
    "dbms": 0.0,
    "os": 0.0,
    "cn": 0.0,
    "system_design": 0.0
  }
}