{
  "total_episodes": 674,
  "epoch": 2,
  "epoch_episode": 174,
  "actor_loss": -2.524647157997606e-14,
  "value_loss": 1.0,
  "mean_reward": 0.23006027645166638,
  "topic_performance": {
    "ds": 0.2911592900556606,
    "algo": 0.11716121217882824,
    "oops": 0.11205411756514151,
    "dbms": 0.0,
    "os": 0.0,
    "cn": 0.3812685601367349,
    "system_design": 0.0
  }
}