{
  "total_episodes": 2145,
  "epoch": 5,
  "epoch_episode": 145,
  "average_score": 0.15247105330846655,
  "time_efficiency": 0.4909980383104407,
  "current_streak": 0,
  "difficulty_level": 6.426497323345808,
  "topic_performances": {
    "ds": 0.10366393058265905,
    "algo": 0.11318098924975944,
    "oops": 0.3191483682103954,
    "dbms": 0.0,
    "os": 0.0,
    "cn": 0.0,
    "system_design": 0.0
  }
}