{
  "total_episodes": 667,
  "epoch": 2,
  "epoch_episode": 167,
  "actor_loss": 1.2272405314206481e-13,
  "value_loss": 1.0,
  "mean_reward": 0.1542475547542191,
  "topic_performance": {
    "ds": 0.21265552412097308,
    "algo": 0.1782824339883515,
    "oops": 0.10160208575020437,
    "dbms": 0.0,
    "os": 0.1415357642017516,
    "cn": 0.0,
    "system_design": 0.0
  }
}