{
  "total_episodes": 520,
  "epoch": 2,
  "epoch_episode": 20,
  "actor_loss": 0.029549106362068533,
  "value_loss": 1.0,
  "mean_reward": 0.12238075289049158,
  "topic_performance": {
    "ds": 0.1094973674424754,
    "algo": 0.12498966958724114,
    "oops": 0.16086971119880844,
    "dbms": 0.0,
    "os": 0.0,
    "cn": 0.0,
    "system_design": 0.0
  }
}