{
  "total_episodes": 1570,
  "epoch": 4,
  "epoch_episode": 70,
  "average_score": 0.3131289941591078,
  "time_efficiency": 0.3389532525693209,
  "current_streak": 0,
  "difficulty_level": 1.0,
  "topic_performances": {
    "ds": 0.4289707536418783,
    "algo": 0.1662951296141173,
    "oops": 0.3363730729557728,
    "dbms": 0.0,
    "os": 0.0,
    "cn": 0.0,
    "system_design": 0.0
  }
}