{
  "total_episodes": 1197,
  "epoch": 3,
  "epoch_episode": 197,
  "actor_loss": 1.3988810110276972e-15,
  "value_loss": 1.0,
  "mean_reward": 0.3022190370248672,
  "topic_performance": {
    "ds": 0.3318062723356035,
    "algo": 0.1724142354906281,
    "oops": 0.42295815104938494,
    "dbms": 0.0,
    "os": 0.0,
    "cn": 0.0,
    "system_design": 0.0
  }
}