{
  "total_episodes": 1889,
  "epoch": 4,
  "epoch_episode": 389,
  "actor_loss": -1.1102230246251565e-16,
  "value_loss": 1.0,
  "mean_reward": 0.27555388533697284,
  "topic_performance": {
    "ds": 0.27218476300167954,
    "algo": 0.3162428055715929,
    "oops": 0.12964381607495862,
    "dbms": 0.0,
    "os": 0.0,
    "cn": 0.0,
    "system_design": 0.0
  }
}