{
  "total_episodes": 380,
  "epoch": 1,
  "epoch_episode": 380,
  "average_score": 0.2039033371259351,
  "time_efficiency": 0.48367590669527394,
  "current_streak": 0,
  "difficulty_level": 5.449033956685346,
  "topic_performances": {
    "ds": 0.17877106798065018,
    "algo": 0.4385072474390964,
    "oops": 0.134079456736643,
    "dbms": 0.0,
    "os": 0.0,
    "cn": 0.0,
    "system_design": 0.0
  }
}