{
  "total_episodes": 830,
  "epoch": 2,
  "epoch_episode": 330,
  "average_score": 0.33579524882340067,
  "time_efficiency": 0.4513263152153855,
  "current_streak": 0,
  "difficulty_level": 1.0,
  "topic_performances": {
    "ds": 0.0948286129838169,
    "algo": 0.5206145364591849,
    "oops": 0.4509805331029808,
    "dbms": 0.15868144059605813,
    "os": 0.0,
    "cn": 0.0,
    "system_design": 0.0
  }
}