{
  "total_episodes": 497,
  "epoch": 1,
  "epoch_episode": 497,
  "actor_loss": -0.022974283898534398,
  "value_loss": 1.0,
  "mean_reward": 0.17496334105783712,
  "topic_performance": {
    "ds": 0.12641014719779545,
    "algo": 0.4245014216074091,
    "oops": 0.0710848420883902,
    "dbms": 0.0,
    "os": 0.0,
    "cn": 0.0,
    "system_design": 0.0
  }
}