{
  "total_episodes": 115,
  "epoch": 1,
  "epoch_episode": 115,
  "average_score": 0.44814499888987414,
  "time_efficiency": 0.6190194006462076,
  "current_streak": 0,
  "difficulty_level": 5.427214077623162,
  "topic_performances": {
    "ds": 0.43604755083420826,
    "algo": 0.419317948285868,
    "oops": 0.5132643936608783,
    "dbms": 0.0,
    "os": 0.0,
    "cn": 0.0,
    "system_design": 0.0
  }
}