{
  "total_episodes": 535,
  "epoch": 2,
  "epoch_episode": 35,
  "average_score": 0.22824070437352878,
  "time_efficiency": 0.5155730940175011,
  "current_streak": 0,
  "difficulty_level": 10.0,
  "topic_performances": {
    "ds": 0.18701390532613898,
    "algo": 0.12452163149346812,
    "oops": 0.3762542500114776,
    "dbms": 0.0,
    "os": 0.0,
    "cn": 0.0,
    "system_design": 0.15654540940936273
  }
}