{
  "total_episodes": 1492,
  "epoch": 3,
  "epoch_episode": 492,
  "actor_loss": 6.661338147750939e-17,
  "value_loss": 1.0,
  "mean_reward": 0.2011203223427574,
  "topic_performance": {
    "ds": 0.13931883649910842,
    "algo": 0.091971753158343,
    "oops": 0.36088076215153997,
    "dbms": 0.0,
    "os": 0.0,
    "cn": 0.282036251341365,
    "system_design": 0.0
  }
}