{
  "total_episodes": 1961,
  "epoch": 4,
  "epoch_episode": 461,
  "actor_loss": -0.05211517696626857,
  "value_loss": 1.0,
  "mean_reward": 0.14097295549825478,
  "topic_performance": {
    "ds": 0.17534408690943817,
    "algo": 0.05790680651314714,
    "oops": 0.1187755784805525,
    "dbms": 0.0,
    "os": 0.0,
    "cn": 0.0,
    "system_design": 0.0
  }
}