{
  "total_episodes": 2428,
  "epoch": 5,
  "epoch_episode": 428,
  "actor_loss": -1.3322676295501878e-16,
  "value_loss": 1.0,
  "mean_reward": 0.23939597463651768,
  "topic_performance": {
    "ds": 0.1241054729750874,
    "algo": 0.3888889774730118,
    "oops": 0.24362364068193054,
    "dbms": 0.0,
    "os": 0.0,
    "cn": 0.0,
    "system_design": 0.0
  }
}