{
  "total_episodes": 465,
  "epoch": 1,
  "epoch_episode": 465,
  "actor_loss": -0.04043669766544182,
  "value_loss": 1.0,
  "mean_reward": 0.1892647127826395,
  "topic_performance": {
    "ds": 0.09949271764513497,
    "algo": 0.3460783642499247,
    "oops": 0.2998241123135235,
    "dbms": 0.0,
    "os": 0.0,
    "cn": 0.14963283841022498,
    "system_design": 0.0
  }
}