{
  "total_episodes": 805,
  "epoch": 2,
  "epoch_episode": 305,
  "average_score": 0.1505884667181847,
  "time_efficiency": 0.10262007896076981,
  "current_streak": 0,
  "difficulty_level": 1.0,
  "topic_performances": {
    "ds": 0.11388349607940129,
    "algo": 0.1011049224359211,
    "oops": 0.5083517877523683,
    "dbms": 0.1503577790116694,
    "os": 0.0,
    "cn": 0.0,
    "system_design": 0.0
  }
}