{
  "total_episodes": 1070,
  "epoch": 3,
  "epoch_episode": 70,
  "average_score": 0.2654008789246534,
  "time_efficiency": 0.15123145241548944,
  "current_streak": 0,
  "difficulty_level": 1.0,
  "topic_performances": {
    "ds": 0.1096613052700173,
    "algo": 0.16844968508970107,
    "oops": 0.3625435478892417,
    "dbms": 0.0,
    "os": 0.22628068926120506,
    "cn": 0.0,
    "system_design": 0.0
  }
}