{
  "total_episodes": 289,
  "epoch": 1,
  "epoch_episode": 289,
  "actor_loss": -0.022738760817429315,
  "value_loss": 1.0,
  "mean_reward": 0.14713107451461485,
  "topic_performance": {
    "ds": 0.08373947633487737,
    "algo": 0.33915878238993585,
    "oops": 0.1452781611785064,
    "dbms": 0.0,
    "os": 0.0,
    "cn": 0.0,
    "system_design": 0.0
  }
}