{
  "total_episodes": 945,
  "epoch": 2,
  "epoch_episode": 445,
  "average_score": 0.3730435090926606,
  "time_efficiency": 0.5586089816002578,
  "current_streak": 0,
  "difficulty_level": 10.0,
  "topic_performances": {
    "ds": 0.3955995293289354,
    "algo": 0.32409316846859554,
    "oops": 0.3933913053725897,
    "dbms": 0.0,
    "os": 0.0,
    "cn": 0.0,
    "system_design": 0.0
  }
}