{
  "total_episodes": 1845,
  "epoch": 4,
  "epoch_episode": 345,
  "actor_loss": 9.168014856175687e-08,
  "value_loss": 1.0,
  "mean_reward": 0.11557204615209618,
  "topic_performance": {
    "ds": 0.1293300893908519,
    "algo": 0.10640001732625903,
    "oops": 0.0,
    "dbms": 0.0,
    "os": 0.0,
    "cn": 0.0,
    "system_design": 0.0
  }
}