{
  "total_episodes": 515,
  "epoch": 2,
  "epoch_episode": 15,
  "average_score": 0.16925221838243149,
  "time_efficiency": 0.4639724836054315,
  "current_streak": 0,
  "difficulty_level": 1.0,
  "topic_performances": {
    "ds": 0.2461845847255102,
    "algo": 0.20688427808914206,
    "oops": 0.13574643770540695,
    "dbms": 0.0,
    "os": 0.0,
    "cn": 0.17879011005171053,
    "system_design": 0.0
  }
}