{
  "total_episodes": 2193,
  "epoch": 5,
  "epoch_episode": 193,
  "actor_loss": 6.661338147750939e-17,
  "value_loss": 1.0,
  "mean_reward": 0.1955509751618762,
  "topic_performance": {
    "ds": 0.26158103167921,
    "algo": 0.31555675102088754,
    "oops": 0.10793063090787129,
    "dbms": 0.0,
    "os": 0.0,
    "cn": 0.0,
    "system_design": 0.0
  }
}