{
  "total_episodes": 562,
  "epoch": 2,
  "epoch_episode": 62,
  "actor_loss": -0.004261873648917791,
  "value_loss": 1.0,
  "mean_reward": 0.16467453368729074,
  "topic_performance": {
    "ds": 0.0942661774250221,
    "algo": 0.13747466172161413,
    "oops": 0.19845317489926365,
    "dbms": 0.0,
    "os": 0.14778929978672464,
    "cn": 0.0,
    "system_design": 0.0
  }
}