{
  "total_episodes": 1759,
  "epoch": 4,
  "epoch_episode": 259,
  "actor_loss": 0.12224511403308355,
  "value_loss": 1.0,
  "mean_reward": 0.29720150876860785,
  "topic_performance": {
    "ds": 0.1220268426279292,
    "algo": 0.43632945011517543,
    "oops": 0.36929495835683,
    "dbms": 0.0,
    "os": 0.0,
    "cn": 0.0,
    "system_design": 0.0
  }
}