{
  "total_episodes": 2194,
  "epoch": 5,
  "epoch_episode": 194,
  "actor_loss": -0.016401504537887867,
  "value_loss": 1.0,
  "mean_reward": 0.12386868691116242,
  "topic_performance": {
    "ds": 0.12938623790807408,
    "algo": 0.10953971729615437,
    "oops": 0.12428938329286003,
    "dbms": 0.0,
    "os": 0.0,
    "cn": 0.14394399900514465,
    "system_design": 0.0
  }
}