{
  "total_episodes": 1876,
  "epoch": 4,
  "epoch_episode": 376,
  "actor_loss": -0.02004752803162966,
  "value_loss": 1.0,
  "mean_reward": 0.15238241101309866,
  "topic_performance": {
    "ds": 0.09044229977841495,
    "algo": 0.12519263507069023,
    "oops": 0.3132670177211454,
    "dbms": 0.0,
    "os": 0.0,
    "cn": 0.0,
    "system_design": 0.0
  }
}