{
  "total_episodes": 2227,
  "epoch": 5,
  "epoch_episode": 227,
  "actor_loss": 0.07757488255073615,
  "value_loss": 1.0,
  "mean_reward": 0.27262021458348235,
  "topic_performance": {
    "ds": 0.09659049082964193,
    "algo": 0.4531249798950485,
    "oops": 0.3627296495970776,
    "dbms": 0.0,
    "os": 0.0,
    "cn": 0.0,
    "system_design": 0.1696574454654613
  }
}