{
  "total_episodes": 180,
  "epoch": 1,
  "epoch_episode": 180,
  "average_score": 0.1303136686628504,
  "time_efficiency": 0.271562184731736,
  "current_streak": 0,
  "difficulty_level": 9.439439834639328,
  "topic_performances": {
    "ds": 0.10700278906491927,
    "algo": 0.11666055640223866,
    "oops": 0.12581094703844464,
    "dbms": 0.0,
    "os": 0.29233012505874695,
    "cn": 0.0,
    "system_design": 0.0
  }
}