{
  "total_episodes": 315,
  "epoch": 1,
  "epoch_episode": 315,
  "average_score": 0.11146995258083643,
  "time_efficiency": 0.07016911124470851,
  "current_streak": 0,
  "difficulty_level": 1.0,
  "topic_performances": {
    "ds": 0.10232014019565622,
    "algo": 0.13845316442773406,
    "oops": 0.10076512732785571,
    "dbms": 0.16390529128658243,
    "os": 0.0,
    "cn": 0.0,
    "system_design": 0.0
  }
}