{
  "total_episodes": 4,
  "epoch": 1,
  "epoch_episode": 4,
  "actor_loss": 0.010463417201485248,
  "value_loss": 1.0,
  "mean_reward": 0.15808894573352006,
  "topic_performance": {
    "ds": 0.12033446771170273,
    "algo": 0.12947618681310302,
    "oops": 0.23704100868302688,
    "dbms": 0.0,
    "os": 0.0,
    "cn": 0.0,
    "system_design": 0.0
  }
}