{
  "total_episodes": 2395,
  "epoch": 5,
  "epoch_episode": 395,
  "average_score": 0.2827741217270434,
  "time_efficiency": 0.40352345032096115,
  "current_streak": 0,
  "difficulty_level": 1.0,
  "topic_performances": {
    "ds": 0.3372597722156959,
    "algo": 0.14047674247138045,
    "oops": 0.35906406883009645,
    "dbms": 0.0,
    "os": 0.14236073358900123,
    "cn": 0.0,
    "system_design": 0.0
  }
}