{
  "total_episodes": 2315,
  "epoch": 5,
  "epoch_episode": 315,
  "average_score": 0.17038230526352668,
  "time_efficiency": 0.45292775796936324,
  "current_streak": 0,
  "difficulty_level": 10.0,
  "topic_performances": {
    "ds": 0.2958858378520483,
    "algo": 0.10363998649978941,
    "oops": 0.11529332869615755,
    "dbms": 0.0,
    "os": 0.0,
    "cn": 0.15936559349128102,
    "system_design": 0.0
  }
}