{
  "total_episodes": 2370,
  "epoch": 5,
  "epoch_episode": 370,
  "average_score": 0.16426180872581458,
  "time_efficiency": 0.05872113809137821,
  "current_streak": 0,
  "difficulty_level": 1.0,
  "topic_performances": {
    "ds": 0.2975909215899393,
    "algo": 0.10586538616032518,
    "oops": 0.15599367485924165,
    "dbms": 0.0,
    "os": 0.0,
    "cn": 0.0,
    "system_design": 0.0
  }
}