{
  "total_episodes": 1405,
  "epoch": 3,
  "epoch_episode": 405,
  "actor_loss": -0.013232928664108056,
  "value_loss": 1.0,
  "mean_reward": 0.2916852730173831,
  "topic_performance": {
    "ds": 0.3479910700561433,
    "algo": 0.12257797770024004,
    "oops": 0.32554471292098425,
    "dbms": 0.0,
    "os": 0.0,
    "cn": 0.0,
    "system_design": 0.0
  }
}