{
  "total_episodes": 1195,
  "epoch": 3,
  "epoch_episode": 195,
  "average_score": 0.17344923693496153,
  "time_efficiency": 0.5357178482903411,
  "current_streak": 0,
  "difficulty_level": 10.0,
  "topic_performances": {
    "ds": 0.1197464507791464,
    "algo": 0.11321202519883972,
    "oops": 0.2556370225637609,
    "dbms": 0.0,
    "os": 0.0,
    "cn": 0.0,
    "system_design": 0.0
  }
}