{
  "total_episodes": 2150,
  "epoch": 5,
  "epoch_episode": 150,
  "actor_loss": -0.05891390385140247,
  "value_loss": 1.0,
  "mean_reward": 0.12077092811782361,
  "topic_performance": {
    "ds": 0.11587777985810112,
    "algo": 0.26509309027629063,
    "oops": 0.0958210142939082,
    "dbms": 0.0,
    "os": 0.0,
    "cn": 0.0,
    "system_design": 0.0
  }
}