{
  "total_episodes": 2390,
  "epoch": 5,
  "epoch_episode": 390,
  "actor_loss": 0.0750576289347917,
  "value_loss": 1.0,
  "mean_reward": 0.15051295086055647,
  "topic_performance": {
    "ds": 0.21448066854989475,
    "algo": 0.1602735405076408,
    "oops": 0.09738665877966898,
    "dbms": 0.0,
    "os": 0.0,
    "cn": 0.0,
    "system_design": 0.0
  }
}