{
  "total_episodes": 280,
  "epoch": 1,
  "epoch_episode": 280,
  "actor_loss": -0.00840972658464476,
  "value_loss": 1.0,
  "mean_reward": 0.11733879391955049,
  "topic_performance": {
    "ds": 0.1069638292071538,
    "algo": 0.13605203746799724,
    "oops": 0.11607847532760977,
    "dbms": 0.0,
    "os": 0.0,
    "cn": 0.0,
    "system_design": 0.0
  }
}