{
  "total_episodes": 1020,
  "epoch": 3,
  "epoch_episode": 20,
  "actor_loss": 0.02404117960546772,
  "value_loss": 1.0,
  "mean_reward": 0.14682871253460922,
  "topic_performance": {
    "ds": 0.12086515970329068,
    "algo": 0.30754292232173563,
    "oops": 0.0942214568376462,
    "dbms": 0.0,
    "os": 0.0,
    "cn": 0.1403636771078086,
    "system_design": 0.0
  }
}