{
  "total_episodes": 1384,
  "epoch": 3,
  "epoch_episode": 384,
  "actor_loss": -4.4408920985006264e-17,
  "value_loss": 1.0,
  "mean_reward": 0.1250604556149933,
  "topic_performance": {
    "ds": 0.10804716972029138,
    "algo": 0.16529791674533004,
    "oops": 0.107237478656243,
    "dbms": 0.0,
    "os": 0.0,
    "cn": 0.0,
    "system_design": 0.0
  }
}