{
  "total_episodes": 1277,
  "epoch": 3,
  "epoch_episode": 277,
  "actor_loss": -0.023500583081352434,
  "value_loss": 1.0,
  "mean_reward": 0.22006281054767815,
  "topic_performance": {
    "ds": 0.09645508754338764,
    "algo": 0.40735862489661434,
    "oops": 0.1661075109964378,
    "dbms": 0.0,
    "os": 0.2605168586205122,
    "cn": 0.0,
    "system_design": 0.0
  }
}