{
  "total_episodes": 1859,
  "epoch": 4,
  "epoch_episode": 359,
  "actor_loss": 0.12254228608736713,
  "value_loss": 1.0,
  "mean_reward": 0.21834008379434217,
  "topic_performance": {
    "ds": 0.09562276863603193,
    "algo": 0.37791063093716215,
    "oops": 0.12829666942889237,
    "dbms": 0.0,
    "os": 0.0,
    "cn": 0.0,
    "system_design": 0.0
  }
}