{
  "total_episodes": 2385,
  "epoch": 5,
  "epoch_episode": 385,
  "average_score": 0.24241612469001866,
  "time_efficiency": 0.2950342173277259,
  "current_streak": 0,
  "difficulty_level": 10.0,
  "topic_performances": {
    "ds": 0.11446428269836369,
    "algo": 0.4099075873526452,
    "oops": 0.1470460164648383,
    "dbms": 0.0,
    "os": 0.0,
    "cn": 0.0,
    "system_design": 0.0
  }
}