{
  "total_episodes": 1920,
  "epoch": 4,
  "epoch_episode": 420,
  "average_score": 0.1483706739502884,
  "time_efficiency": 0.2735467699233919,
  "current_streak": 0,
  "difficulty_level": 1.0,
  "topic_performances": {
    "ds": 0.12620015337843443,
    "algo": 0.0,
    "oops": 0.17054119452214236,
    "dbms": 0.0,
    "os": 0.0,
    "cn": 0.0,
    "system_design": 0.0
  }
}