{
  "total_episodes": 486,
  "epoch": 1,
  "epoch_episode": 486,
  "actor_loss": -0.03886497176653399,
  "value_loss": 1.0,
  "mean_reward": 0.3149807986771709,
  "topic_performance": {
    "ds": 0.2513963870378347,
    "algo": 0.18585039135639636,
    "oops": 0.5070417562899142,
    "dbms": 0.0,
    "os": 0.0,
    "cn": 0.0,
    "system_design": 0.0
  }
}