{
  "total_episodes": 445,
  "epoch": 1,
  "epoch_episode": 445,
  "average_score": 0.10948467794567376,
  "time_efficiency": 0.5129226816207402,
  "current_streak": 0,
  "difficulty_level": 10.0,
  "topic_performances": {
    "ds": 0.08565053394680086,
    "algo": 0.11983018755452575,
    "oops": 0.13091802700198563,
    "dbms": 0.0,
    "os": 0.0,
    "cn": 0.0,
    "system_design": 0.0
  }
}