{
  "total_episodes": 1910,
  "epoch": 4,
  "epoch_episode": 410,
  "actor_loss": -0.03011434989720363,
  "value_loss": 1.0,
  "mean_reward": 0.23939597463651768,
  "topic_performance": {
    "ds": 0.1241054729750874,
    "algo": 0.3888889774730118,
    "oops": 0.24362364068193054,
    "dbms": 0.0,
    "os": 0.0,
    "cn": 0.0,
    "system_design": 0.0
  }
}