{
  "total_episodes": 692,
  "epoch": 2,
  "epoch_episode": 192,
  "actor_loss": 0.04687838724030602,
  "value_loss": 1.0,
  "mean_reward": 0.17903393713786803,
  "topic_performance": {
    "ds": 0.11493933097381268,
    "algo": 0.11915640509768288,
    "oops": 0.4032706531358061,
    "dbms": 0.0,
    "os": 0.0,
    "cn": 0.1665715259187689,
    "system_design": 0.0
  }
}