{
  "total_episodes": 2365,
  "epoch": 5,
  "epoch_episode": 365,
  "average_score": 0.273877668093536,
  "time_efficiency": 0.3746360707624785,
  "current_streak": 0,
  "difficulty_level": 10.0,
  "topic_performances": {
    "ds": 0.1448601822060065,
    "algo": 0.13800681476518475,
    "oops": 0.45113564308904364,
    "dbms": 0.0,
    "os": 0.0,
    "cn": 0.0,
    "system_design": 0.2236399324307963
  }
}