{
  "total_episodes": 177,
  "epoch": 1,
  "epoch_episode": 177,
  "actor_loss": -0.0071961575177372115,
  "value_loss": 1.0,
  "mean_reward": 0.11378192286236999,
  "topic_performance": {
    "ds": 0.0,
    "algo": 0.11913512710961695,
    "oops": 0.10575211649149957,
    "dbms": 0.0,
    "os": 0.0,
    "cn": 0.0,
    "system_design": 0.0
  }
}