{
  "total_episodes": 835,
  "epoch": 2,
  "epoch_episode": 335,
  "average_score": 0.1354802863066618,
  "time_efficiency": 0.27352724429251213,
  "current_streak": 0,
  "difficulty_level": 1.0,
  "topic_performances": {
    "ds": 0.10742767123087142,
    "algo": 0.19449120066398762,
    "oops": 0.12676323368942685,
    "dbms": 0.0,
    "os": 0.0,
    "cn": 0.0,
    "system_design": 0.0
  }
}