{
  "total_episodes": 2138,
  "epoch": 5,
  "epoch_episode": 138,
  "actor_loss": 0.11228661727517797,
  "value_loss": 1.0,
  "mean_reward": 0.14875653351063087,
  "topic_performance": {
    "ds": 0.20106392591326303,
    "algo": 0.11707977239579173,
    "oops": 0.12017849206516858,
    "dbms": 0.0,
    "os": 0.0,
    "cn": 0.16640132464488488,
    "system_design": 0.0
  }
}