{
  "total_episodes": 326,
  "epoch": 1,
  "epoch_episode": 326,
  "actor_loss": -0.017162019034286647,
  "value_loss": 1.0,
  "mean_reward": 0.21028781739042612,
  "topic_performance": {
    "ds": 0.3707254330294486,
    "algo": 0.10675049763881592,
    "oops": 0.0816630898989019,
    "dbms": 0.0,
    "os": 0.1614861768121293,
    "cn": 0.0,
    "system_design": 0.0
  }
}