{
  "total_episodes": 705,
  "epoch": 2,
  "epoch_episode": 205,
  "actor_loss": -0.04959870596766238,
  "value_loss": 1.0,
  "mean_reward": 0.33441155888419277,
  "topic_performance": {
    "ds": 0.373792074556239,
    "algo": 0.08867927993009579,
    "oops": 0.4042383022086193,
    "dbms": 0.1433148018523988,
    "os": 0.0,
    "cn": 0.0,
    "system_design": 0.0
  }
}