{
  "total_episodes": 1615,
  "epoch": 4,
  "epoch_episode": 115,
  "average_score": 0.2289532868931695,
  "time_efficiency": 0.3840119360989654,
  "current_streak": 0,
  "difficulty_level": 4.273536382787279,
  "topic_performances": {
    "ds": 0.5342448364911951,
    "algo": 0.11142635699004703,
    "oops": 0.2995390618725661,
    "dbms": 0.0,
    "os": 0.0,
    "cn": 0.0,
    "system_design": 0.0
  }
}