{
  "total_episodes": 443,
  "epoch": 1,
  "epoch_episode": 443,
  "actor_loss": 1.4818429727725402e-08,
  "value_loss": 1.0,
  "mean_reward": 0.12945345749116968,
  "topic_performance": {
    "ds": 0.09668463043310818,
    "algo": 0.27154684476487806,
    "oops": 0.12724984168287726,
    "dbms": 0.0,
    "os": 0.0,
    "cn": 0.0,
    "system_design": 0.0
  }
}