{
  "total_episodes": 295,
  "epoch": 1,
  "epoch_episode": 295,
  "average_score": 0.16031768068361432,
  "time_efficiency": 0.7332525353895064,
  "current_streak": 0,
  "difficulty_level": 5.917445913096646,
  "topic_performances": {
    "ds": 0.1010101316571034,
    "algo": 0.19217879618579703,
    "oops": 0.21910334392610986,
    "dbms": 0.0,
    "os": 0.0,
    "cn": 0.1574686560578059,
    "system_design": 0.0
  }
}