{
  "total_episodes": 2401,
  "epoch": 5,
  "epoch_episode": 401,
  "actor_loss": 0.10964962616470439,
  "value_loss": 1.0,
  "mean_reward": 0.17812816534570233,
  "topic_performance": {
    "ds": 0.14089685622795015,
    "algo": 0.18425388283901342,
    "oops": 0.21338774083368392,
    "dbms": 0.0,
    "os": 0.0,
    "cn": 0.1656662137550809,
    "system_design": 0.0
  }
}