{
  "total_episodes": 2345,
  "epoch": 5,
  "epoch_episode": 345,
  "average_score": 0.15663987587792422,
  "time_efficiency": 0.3921666661616895,
  "current_streak": 0,
  "difficulty_level": 1.0,
  "topic_performances": {
    "ds": 0.1746221614202124,
    "algo": 0.0,
    "oops": 0.12094640611529578,
    "dbms": 0.0,
    "os": 0.0,
    "cn": 0.15582657191208057,
    "system_design": 0.0
  }
}