{
  "total_episodes": 1445,
  "epoch": 3,
  "epoch_episode": 445,
  "actor_loss": -0.0029637403027552357,
  "value_loss": 1.0,
  "mean_reward": 0.11589054531545355,
  "topic_performance": {
    "ds": 0.09919112814282867,
    "algo": 0.14926417432879485,
    "oops": 0.10056498718846352,
    "dbms": 0.16054377131460557,
    "os": 0.0,
    "cn": 0.0,
    "system_design": 0.0
  }
}