{
  "total_episodes": 243,
  "epoch": 1,
  "epoch_episode": 243,
  "actor_loss": -0.020517063725084616,
  "value_loss": 1.0,
  "mean_reward": 0.11186495960099249,
  "topic_performance": {
    "ds": 0.08623777912011171,
    "algo": 0.11163399413699206,
    "oops": 0.1635812514907549,
    "dbms": 0.0,
    "os": 0.0,
    "cn": 0.0,
    "system_design": 0.0
  }
}