{
  "total_episodes": 881,
  "epoch": 2,
  "epoch_episode": 381,
  "actor_loss": -0.05618526300659268,
  "value_loss": 1.0,
  "mean_reward": 0.1485006728745558,
  "topic_performance": {
    "ds": 0.12077412248859846,
    "algo": 0.43885143325050846,
    "oops": 0.10719563113047541,
    "dbms": 0.0,
    "os": 0.0,
    "cn": 0.14785477237687716,
    "system_design": 0.0
  }
}