{
  "total_episodes": 2105,
  "epoch": 5,
  "epoch_episode": 105,
  "average_score": 0.11589054531545355,
  "time_efficiency": 0.0902024853064642,
  "current_streak": 0,
  "difficulty_level": 1.0,
  "topic_performances": {
    "ds": 0.09919112814282867,
    "algo": 0.14926417432879485,
    "oops": 0.10056498718846352,
    "dbms": 0.16054377131460557,
    "os": 0.0,
    "cn": 0.0,
    "system_design": 0.0
  }
}