{
  "total_episodes": 2063,
  "epoch": 5,
  "epoch_episode": 63,
  "actor_loss": -0.02274247873839961,
  "value_loss": 1.0,
  "mean_reward": 0.18542350217520806,
  "topic_performance": {
    "ds": 0.10760380642688532,
    "algo": 0.3847687351619296,
    "oops": 0.21953735643345482,
    "dbms": 0.0,
    "os": 0.0,
    "cn": 0.0,
    "system_design": 0.0
  }
}