{
  "total_episodes": 913,
  "epoch": 2,
  "epoch_episode": 413,
  "actor_loss": -1.1833511980618994e-05,
  "value_loss": 1.0,
  "mean_reward": 0.2814085379419764,
  "topic_performance": {
    "ds": 0.3903499995802769,
    "algo": 0.1258881206915149,
    "oops": 0.23992664767351707,
    "dbms": 0.0,
    "os": 0.0,
    "cn": 0.0,
    "system_design": 0.16709066971307313
  }
}