{
  "total_episodes": 135,
  "epoch": 1,
  "epoch_episode": 135,
  "average_score": 0.35548070570846957,
  "time_efficiency": 0.5489455226969085,
  "current_streak": 0,
  "difficulty_level": 5.324708880547547,
  "topic_performances": {
    "ds": 0.36068294868468476,
    "algo": 0.44770735834935427,
    "oops": 0.1606229144742694,
    "dbms": 0.0,
    "os": 0.0,
    "cn": 0.0,
    "system_design": 0.0
  }
}