{
  "total_episodes": 1398,
  "epoch": 3,
  "epoch_episode": 398,
  "actor_loss": -0.0032363278253570325,
  "value_loss": 1.0,
  "mean_reward": 0.2834506766091488,
  "topic_performance": {
    "ds": 0.3945485225525955,
    "algo": 0.2867559329929421,
    "oops": 0.2294405859361311,
    "dbms": 0.0,
    "os": 0.0,
    "cn": 0.0,
    "system_design": 0.1595869887032928
  }
}