{
  "total_episodes": 501,
  "epoch": 2,
  "epoch_episode": 1,
  "actor_loss": -0.02529599571946326,
  "value_loss": 1.0,
  "mean_reward": 0.1602343573674395,
  "topic_performance": {
    "ds": 0.21393937113681397,
    "algo": 0.0,
    "oops": 0.13388119203945603,
    "dbms": 0.15723830802721675,
    "os": 0.0,
    "cn": 0.0,
    "system_design": 0.0
  }
}