{
  "total_episodes": 2037,
  "epoch": 5,
  "epoch_episode": 37,
  "actor_loss": -4.4408920985006264e-17,
  "value_loss": 1.0,
  "mean_reward": 0.335252936569692,
  "topic_performance": {
    "ds": 0.4273297724557183,
    "algo": 0.36927712136579643,
    "oops": 0.14110354629535268,
    "dbms": 0.0,
    "os": 0.0,
    "cn": 0.0,
    "system_design": 0.0
  }
}