{
  "total_episodes": 1565,
  "epoch": 4,
  "epoch_episode": 65,
  "average_score": 0.23466885163315537,
  "time_efficiency": 0.25327797071218716,
  "current_streak": 0,
  "difficulty_level": 2.7671578877884855,
  "topic_performances": {
    "ds": 0.1065003693768309,
    "algo": 0.2808555385248303,
    "oops": 0.2722294448852288,
    "dbms": 0.0,
    "os": 0.0,
    "cn": 0.0,
    "system_design": 0.18495119518328282
  }
}