{
  "total_episodes": 2168,
  "epoch": 5,
  "epoch_episode": 168,
  "actor_loss": -0.05663409714678118,
  "value_loss": 1.0,
  "mean_reward": 0.20635147396578413,
  "topic_performance": {
    "ds": 0.31928466616281304,
    "algo": 0.1800804170352431,
    "oops": 0.04132630292821532,
    "dbms": 0.0,
    "os": 0.0,
    "cn": 0.0,
    "system_design": 0.16393235306497167
  }
}