{
  "total_episodes": 853,
  "epoch": 2,
  "epoch_episode": 353,
  "actor_loss": -0.009504858699815965,
  "value_loss": 1.0,
  "mean_reward": 0.18985869296974928,
  "topic_performance": {
    "ds": 0.1645390869049789,
    "algo": 0.30745095248742843,
    "oops": 0.12065420288006766,
    "dbms": 0.0,
    "os": 0.0,
    "cn": 0.0,
    "system_design": 0.0
  }
}