{
  "total_episodes": 293,
  "epoch": 1,
  "epoch_episode": 293,
  "actor_loss": -0.014493182887659838,
  "value_loss": 1.0,
  "mean_reward": 0.18771990539468159,
  "topic_performance": {
    "ds": 0.10568228983000728,
    "algo": 0.35449022746177067,
    "oops": 0.12048478838340947,
    "dbms": 0.0,
    "os": 0.0,
    "cn": 0.15002963547465611,
    "system_design": 0.0
  }
}