{
  "total_episodes": 2120,
  "epoch": 5,
  "epoch_episode": 120,
  "average_score": 0.21320699210602373,
  "time_efficiency": 0.45765647920013974,
  "current_streak": 0,
  "difficulty_level": 10.0,
  "topic_performances": {
    "ds": 0.13136322471526532,
    "algo": 0.20584714801577764,
    "oops": 0.29030211702029846,
    "dbms": 0.16507748280169243,
    "os": 0.0,
    "cn": 0.0,
    "system_design": 0.0
  }
}