{
  "total_episodes": 106,
  "epoch": 1,
  "epoch_episode": 106,
  "actor_loss": 0.02730794082521313,
  "value_loss": 1.0,
  "mean_reward": 0.3185773076520836,
  "topic_performance": {
    "ds": 0.46529807739965373,
    "algo": 0.09849615303072828,
    "oops": 0.0,
    "dbms": 0.0,
    "os": 0.0,
    "cn": 0.0,
    "system_design": 0.0
  }
}