{
  "total_episodes": 1024,
  "epoch": 3,
  "epoch_episode": 24,
  "actor_loss": -0.03777616394377874,
  "value_loss": 1.0,
  "mean_reward": 0.21216789695407026,
  "topic_performance": {
    "ds": 0.21443056305549693,
    "algo": 0.12884805270820393,
    "oops": 0.24413823499156076,
    "dbms": 0.0,
    "os": 0.0,
    "cn": 0.0,
    "system_design": 0.0
  }
}