{
  "total_episodes": 460,
  "epoch": 1,
  "epoch_episode": 460,
  "actor_loss": 0.04153190722950371,
  "value_loss": 1.0,
  "mean_reward": 0.3847626488922471,
  "topic_performance": {
    "ds": 0.4614614903033954,
    "algo": 0.2522491442622504,
    "oops": 0.4548024908579265,
    "dbms": 0.0,
    "os": 0.1528517649470149,
    "cn": 0.0,
    "system_design": 0.0
  }
}