{
  "total_episodes": 813,
  "epoch": 2,
  "epoch_episode": 313,
  "actor_loss": -0.03372934764931732,
  "value_loss": 1.0,
  "mean_reward": 0.15560372329971753,
  "topic_performance": {
    "ds": 0.1262516440432926,
    "algo": 0.14152648000573995,
    "oops": 0.25773720436296976,
    "dbms": 0.0,
    "os": 0.0,
    "cn": 0.0,
    "system_design": 0.0
  }
}