{
  "total_episodes": 353,
  "epoch": 1,
  "epoch_episode": 353,
  "actor_loss": -0.020730760334453025,
  "value_loss": 1.0,
  "mean_reward": 0.12725201749668877,
  "topic_performance": {
    "ds": 0.3775065854159086,
    "algo": 0.0,
    "oops": 0.09944595439455323,
    "dbms": 0.0,
    "os": 0.0,
    "cn": 0.0,
    "system_design": 0.0
  }
}