{
  "total_episodes": 634,
  "epoch": 2,
  "epoch_episode": 134,
  "actor_loss": 0.0028510828807099876,
  "value_loss": 1.0,
  "mean_reward": 0.13994793242201545,
  "topic_performance": {
    "ds": 0.10970179224550444,
    "algo": 0.16707625787122735,
    "oops": 0.17097352628035128,
    "dbms": 0.0,
    "os": 0.0,
    "cn": 0.0,
    "system_design": 0.0
  }
}