{
  "total_episodes": 866,
  "epoch": 2,
  "epoch_episode": 366,
  "actor_loss": 0.06707808854493573,
  "value_loss": 1.0,
  "mean_reward": 0.22611287813584138,
  "topic_performance": {
    "ds": 0.22593185953970216,
    "algo": 0.16962739932601273,
    "oops": 0.3606489429354258,
    "dbms": 0.3182428029601285,
    "os": 0.0,
    "cn": 0.0,
    "system_design": 0.0
  }
}