{
  "total_episodes": 1411,
  "epoch": 3,
  "epoch_episode": 411,
  "actor_loss": -0.024756673740982626,
  "value_loss": 1.0,
  "mean_reward": 0.3049399903220971,
  "topic_performance": {
    "ds": 0.3896538216704517,
    "algo": 0.2779076276434104,
    "oops": 0.19975083091497237,
    "dbms": 0.0,
    "os": 0.0,
    "cn": 0.0,
    "system_design": 0.14581387775194704
  }
}