{
  "total_episodes": 2052,
  "epoch": 5,
  "epoch_episode": 52,
  "actor_loss": -0.0048835958286561395,
  "value_loss": 1.0,
  "mean_reward": 0.26402291245935344,
  "topic_performance": {
    "ds": 0.3441125785349194,
    "algo": 0.2087596153974426,
    "oops": 0.157256340916748,
    "dbms": 0.0,
    "os": 0.0,
    "cn": 0.322987282428033,
    "system_design": 0.0
  }
}