{
  "total_episodes": 1597,
  "epoch": 4,
  "epoch_episode": 97,
  "actor_loss": 0.1353759170405633,
  "value_loss": 1.0,
  "mean_reward": 0.2615284164089168,
  "topic_performance": {
    "ds": 0.14627357804927257,
    "algo": 0.35608487116054305,
    "oops": 0.27705220411493015,
    "dbms": 0.0,
    "os": 0.0,
    "cn": 0.0,
    "system_design": 0.0
  }
}