{
  "total_episodes": 2500,
  "epoch": 5,
  "epoch_episode": 500,
  "average_score": 0.1855866014181883,
  "time_efficiency": 0.32538061903810284,
  "current_streak": 0,
  "difficulty_level": 1.0,
  "topic_performances": {
    "ds": 0.15641101685644523,
    "algo": 0.10974150671844041,
    "oops": 0.4189627150101727,
    "dbms": 0.0,
    "os": 0.0,
    "cn": 0.0,
    "system_design": 0.0
  }
}