{
  "total_episodes": 1260,
  "epoch": 3,
  "epoch_episode": 260,
  "average_score": 0.273466055580784,
  "time_efficiency": 0.22966118300421284,
  "current_streak": 0,
  "difficulty_level": 1.0,
  "topic_performances": {
    "ds": 0.38011092565571997,
    "algo": 0.13796523541784916,
    "oops": 0.186058485564514,
    "dbms": 0.0,
    "os": 0.0,
    "cn": 0.0,
    "system_design": 0.0
  }
}