{
  "total_episodes": 1238,
  "epoch": 3,
  "epoch_episode": 238,
  "actor_loss": -1.1102230246251565e-16,
  "value_loss": 1.0,
  "mean_reward": 0.2579329841429267,
  "topic_performance": {
    "ds": 0.29227117073726194,
    "algo": 0.11501952549178651,
    "oops": 0.3431811479195912,
    "dbms": 0.0,
    "os": 0.15066266373787285,
    "cn": 0.0,
    "system_design": 0.0
  }
}