{
  "total_episodes": 1595,
  "epoch": 4,
  "epoch_episode": 95,
  "average_score": 0.2609407061506562,
  "time_efficiency": 0.3592402779836077,
  "current_streak": 0,
  "difficulty_level": 5.553182409775404,
  "topic_performances": {
    "ds": 0.336631761658711,
    "algo": 0.45060479477251064,
    "oops": 0.1724889914406864,
    "dbms": 0.0,
    "os": 0.0,
    "cn": 0.0,
    "system_design": 0.0
  }
}