{
  "total_episodes": 1440,
  "epoch": 3,
  "epoch_episode": 440,
  "average_score": 0.29337628854348724,
  "time_efficiency": 0.3421217107405907,
  "current_streak": 0,
  "difficulty_level": 1.0,
  "topic_performances": {
    "ds": 0.3091568154045099,
    "algo": 0.2570645919211922,
    "oops": 0.3087746658644415,
    "dbms": 0.0,
    "os": 0.0,
    "cn": 0.0,
    "system_design": 0.0
  }
}