{
  "total_episodes": 616,
  "epoch": 2,
  "epoch_episode": 116,
  "actor_loss": -0.01902663093488364,
  "value_loss": 1.0,
  "mean_reward": 0.26845247559184526,
  "topic_performance": {
    "ds": 0.3512811051107529,
    "algo": 0.10305138671182583,
    "oops": 0.3094825351146053,
    "dbms": 0.0,
    "os": 0.0,
    "cn": 0.0,
    "system_design": 0.0
  }
}