{
  "total_episodes": 1867,
  "epoch": 4,
  "epoch_episode": 367,
  "actor_loss": 2.2204460492503132e-17,
  "value_loss": 1.0,
  "mean_reward": 0.19866169414251328,
  "topic_performance": {
    "ds": 0.3946407030476473,
    "algo": 0.1273577008695404,
    "oops": 0.09775467626800975,
    "dbms": 0.0,
    "os": 0.0,
    "cn": 0.0,
    "system_design": 0.0
  }
}