{
  "total_episodes": 1580,
  "epoch": 4,
  "epoch_episode": 80,
  "average_score": 0.33441155888419277,
  "time_efficiency": 0.38266239735248375,
  "current_streak": 0,
  "difficulty_level": 10.0,
  "topic_performances": {
    "ds": 0.373792074556239,
    "algo": 0.08867927993009579,
    "oops": 0.4042383022086193,
    "dbms": 0.1433148018523988,
    "os": 0.0,
    "cn": 0.0,
    "system_design": 0.0
  }
}