{
  "total_episodes": 1640,
  "epoch": 4,
  "epoch_episode": 140,
  "average_score": 0.24676281868126707,
  "time_efficiency": 0.17628838752684195,
  "current_streak": 0,
  "difficulty_level": 1.0,
  "topic_performances": {
    "ds": 0.22278758899712225,
    "algo": 0.32390722092955193,
    "oops": 0.14042447355298712,
    "dbms": 0.0,
    "os": 0.0,
    "cn": 0.0,
    "system_design": 0.0
  }
}