{
  "total_episodes": 446,
  "epoch": 1,
  "epoch_episode": 446,
  "actor_loss": 0.07443114075787367,
  "value_loss": 1.0,
  "mean_reward": 0.2812874959290643,
  "topic_performance": {
    "ds": 0.4448257985808513,
    "algo": 0.28661946241033026,
    "oops": 0.0884116071219024,
    "dbms": 0.0,
    "os": 0.0,
    "cn": 0.19509801878087016,
    "system_design": 0.0
  }
}