{
  "total_episodes": 225,
  "epoch": 1,
  "epoch_episode": 225,
  "average_score": 0.2310867558527169,
  "time_efficiency": 0.5660609135004938,
  "current_streak": 0,
  "difficulty_level": 1.2942689317747709,
  "topic_performances": {
    "ds": 0.10248667964509717,
    "algo": 0.4495039965370239,
    "oops": 0.19019507479285444,
    "dbms": 0.16820243705089732,
    "os": 0.0,
    "cn": 0.0,
    "system_design": 0.0
  }
}