{
  "total_episodes": 742,
  "epoch": 2,
  "epoch_episode": 242,
  "actor_loss": -6.199485369506874e-14,
  "value_loss": 1.0,
  "mean_reward": 0.12683548012898987,
  "topic_performance": {
    "ds": 0.14933416791416732,
    "algo": 0.1067306551341608,
    "oops": 0.12470575839993142,
    "dbms": 0.0,
    "os": 0.18662167299089716,
    "cn": 0.0,
    "system_design": 0.0
  }
}