{
  "total_episodes": 955,
  "epoch": 2,
  "epoch_episode": 455,
  "average_score": 0.11311710880141727,
  "time_efficiency": 0.11689056581434103,
  "current_streak": 0,
  "difficulty_level": 1.0,
  "topic_performances": {
    "ds": 0.11533260697254721,
    "algo": 0.0939902065330364,
    "oops": 0.11353860247093517,
    "dbms": 0.16258684008461646,
    "os": 0.0,
    "cn": 0.0,
    "system_design": 0.0
  }
}