{
  "total_episodes": 694,
  "epoch": 2,
  "epoch_episode": 194,
  "actor_loss": 0.010132516264468738,
  "value_loss": 1.0,
  "mean_reward": 0.2603135584158002,
  "topic_performance": {
    "ds": 0.04885030598449555,
    "algo": 0.34048790043148375,
    "oops": 0.2676651566771973,
    "dbms": 0.0,
    "os": 0.0,
    "cn": 0.0,
    "system_design": 0.0
  }
}