{
  "total_episodes": 254,
  "epoch": 1,
  "epoch_episode": 254,
  "actor_loss": 0.05358832912729328,
  "value_loss": 1.0,
  "mean_reward": 0.1116309885485898,
  "topic_performance": {
    "ds": 0.12087598239709312,
    "algo": 0.1021887613882531,
    "oops": 0.1035452591945466,
    "dbms": 0.0,
    "os": 0.0,
    "cn": 0.0,
    "system_design": 0.1538105997487661
  }
}