{
  "total_episodes": 95,
  "epoch": 1,
  "epoch_episode": 95,
  "average_score": 0.31290096672189155,
  "time_efficiency": 0.5477701071130747,
  "current_streak": 0,
  "difficulty_level": 1.0,
  "topic_performances": {
    "ds": 0.26438085593679456,
    "algo": 0.3105063171891493,
    "oops": 0.43779321798374743,
    "dbms": 0.0,
    "os": 0.0,
    "cn": 0.0,
    "system_design": 0.0
  }
}