{
  "total_episodes": 1040,
  "epoch": 3,
  "epoch_episode": 40,
  "actor_loss": -0.00011016582407190612,
  "value_loss": 1.0,
  "mean_reward": 0.16761232869353873,
  "topic_performance": {
    "ds": 0.11817287388066544,
    "algo": 0.22575477822601617,
    "oops": 0.15250264089920162,
    "dbms": 0.0,
    "os": 0.0,
    "cn": 0.0,
    "system_design": 0.0
  }
}