{
  "total_episodes": 1710,
  "epoch": 4,
  "epoch_episode": 210,
  "average_score": 0.21978132186002294,
  "time_efficiency": 0.22972920487981421,
  "current_streak": 0,
  "difficulty_level": 1.0,
  "topic_performances": {
    "ds": 0.08289043141284905,
    "algo": 0.18264212842868482,
    "oops": 0.38038839859453305,
    "dbms": 0.0,
    "os": 0.0,
    "cn": 0.16029864627619272,
    "system_design": 0.0
  }
}