{
  "total_episodes": 128,
  "epoch": 1,
  "epoch_episode": 128,
  "actor_loss": -0.003032313531663644,
  "value_loss": 1.0,
  "mean_reward": 0.18042414080449393,
  "topic_performance": {
    "ds": 0.2843171111389846,
    "algo": 0.2095583595598228,
    "oops": 0.09934343688191972,
    "dbms": 0.0,
    "os": 0.0,
    "cn": 0.0,
    "system_design": 0.0
  }
}