{
  "total_episodes": 1830,
  "epoch": 4,
  "epoch_episode": 330,
  "average_score": 0.19806194115595926,
  "time_efficiency": 0.45471350331670457,
  "current_streak": 0,
  "difficulty_level": 1.0,
  "topic_performances": {
    "ds": 0.40362971037635714,
    "algo": 0.16161133854844448,
    "oops": 0.13138517781382839,
    "dbms": 0.0,
    "os": 0.0,
    "cn": 0.0,
    "system_design": 0.16298526390623144
  }
}