{
  "total_episodes": 69,
  "epoch": 1,
  "epoch_episode": 69,
  "actor_loss": 0.005856202441914671,
  "value_loss": 1.0,
  "mean_reward": 0.18246073236576654,
  "topic_performance": {
    "ds": 0.20792204230656589,
    "algo": 0.11756909725862676,
    "oops": 0.21340395421850725,
    "dbms": 0.0,
    "os": 0.0,
    "cn": 0.0,
    "system_design": 0.0
  }
}