{
  "total_episodes": 1145,
  "epoch": 3,
  "epoch_episode": 145,
  "average_score": 0.16031768068361432,
  "time_efficiency": 0.3806779409874175,
  "current_streak": 0,
  "difficulty_level": 10.0,
  "topic_performances": {
    "ds": 0.1010101316571034,
    "algo": 0.19217879618579703,
    "oops": 0.21910334392610986,
    "dbms": 0.0,
    "os": 0.0,
    "cn": 0.1574686560578059,
    "system_design": 0.0
  }
}