{
  "total_episodes": 2180,
  "epoch": 5,
  "epoch_episode": 180,
  "average_score": 0.18684838043836227,
  "time_efficiency": 0.2663726338686662,
  "current_streak": 0,
  "difficulty_level": 10.0,
  "topic_performances": {
    "ds": 0.12262266935949623,
    "algo": 0.1427211724184985,
    "oops": 0.3834557155768196,
    "dbms": 0.0,
    "os": 0.0,
    "cn": 0.0,
    "system_design": 0.0
  }
}