{
  "total_episodes": 1855,
  "epoch": 4,
  "epoch_episode": 355,
  "average_score": 0.16761232869353873,
  "time_efficiency": 0.36334892552661147,
  "current_streak": 0,
  "difficulty_level": 1.0,
  "topic_performances": {
    "ds": 0.11817287388066544,
    "algo": 0.22575477822601617,
    "oops": 0.15250264089920162,
    "dbms": 0.0,
    "os": 0.0,
    "cn": 0.0,
    "system_design": 0.0
  }
}