{
  "total_episodes": 390,
  "epoch": 1,
  "epoch_episode": 390,
  "actor_loss": -0.05003919544570401,
  "value_loss": 1.0,
  "mean_reward": 0.11061386432287368,
  "topic_performance": {
    "ds": 0.1173948130428855,
    "algo": 0.11556120713533202,
    "oops": 0.09210864813032157,
    "dbms": 0.15439719730812995,
    "os": 0.0,
    "cn": 0.0,
    "system_design": 0.0
  }
}