{
  "total_episodes": 507,
  "epoch": 2,
  "epoch_episode": 7,
  "actor_loss": -0.04887625387174932,
  "value_loss": 1.0,
  "mean_reward": 0.19806194115595926,
  "topic_performance": {
    "ds": 0.40362971037635714,
    "algo": 0.16161133854844448,
    "oops": 0.13138517781382839,
    "dbms": 0.0,
    "os": 0.0,
    "cn": 0.0,
    "system_design": 0.16298526390623144
  }
}