{
  "total_episodes": 1490,
  "epoch": 3,
  "epoch_episode": 490,
  "average_score": 0.18042414080449393,
  "time_efficiency": 0.5706241362506338,
  "current_streak": 0,
  "difficulty_level": 10.0,
  "topic_performances": {
    "ds": 0.2843171111389846,
    "algo": 0.2095583595598228,
    "oops": 0.09934343688191972,
    "dbms": 0.0,
    "os": 0.0,
    "cn": 0.0,
    "system_design": 0.0
  }
}