{
  "total_episodes": 1060,
  "epoch": 3,
  "epoch_episode": 60,
  "average_score": 0.2200278970650571,
  "time_efficiency": 0.3459027349166357,
  "current_streak": 0,
  "difficulty_level": 1.0,
  "topic_performances": {
    "ds": 0.0,
    "algo": 0.43747747002202914,
    "oops": 0.1211731451887676,
    "dbms": 0.16080768945187812,
    "os": 0.0,
    "cn": 0.0,
    "system_design": 0.0
  }
}