{
  "total_episodes": 231,
  "epoch": 1,
  "epoch_episode": 231,
  "actor_loss": 0.025791108234326954,
  "value_loss": 1.0,
  "mean_reward": 0.18030000614473102,
  "topic_performance": {
    "ds": 0.15604363543574368,
    "algo": 0.13967412246097138,
    "oops": 0.25326771744047377,
    "dbms": 0.0,
    "os": 0.0,
    "cn": 0.0,
    "system_design": 0.0
  }
}