{
  "total_episodes": 509,
  "epoch": 2,
  "epoch_episode": 9,
  "actor_loss": -0.007331931930541424,
  "value_loss": 1.0,
  "mean_reward": 0.31174960566882276,
  "topic_performance": {
    "ds": 0.09894481978471958,
    "algo": 0.45848500398987957,
    "oops": 0.30883028102982985,
    "dbms": 0.0,
    "os": 0.0,
    "cn": 0.0,
    "system_design": 0.0
  }
}