{
  "total_episodes": 1087,
  "epoch": 3,
  "epoch_episode": 87,
  "actor_loss": -0.041834712741650536,
  "value_loss": 1.0,
  "mean_reward": 0.15759335064286528,
  "topic_performance": {
    "ds": 0.0669357247760543,
    "algo": 0.2709816321789106,
    "oops": 0.11540735693766997,
    "dbms": 0.0,
    "os": 0.2745903756687576,
    "cn": 0.0,
    "system_design": 0.0
  }
}