{
  "total_episodes": 620,
  "epoch": 2,
  "epoch_episode": 120,
  "average_score": 0.3071144086815384,
  "time_efficiency": 0.3868190470294574,
  "current_streak": 0,
  "difficulty_level": 1.0,
  "topic_performances": {
    "ds": 0.2653294691973273,
    "algo": 0.2756696964658651,
    "oops": 0.4432334848127693,
    "dbms": 0.0,
    "os": 0.0,
    "cn": 0.0,
    "system_design": 0.0
  }
}