{
  "total_episodes": 1990,
  "epoch": 4,
  "epoch_episode": 490,
  "average_score": 0.22611287813584138,
  "time_efficiency": 0.06844306223643735,
  "current_streak": 0,
  "difficulty_level": 1.0,
  "topic_performances": {
    "ds": 0.22593185953970216,
    "algo": 0.16962739932601273,
    "oops": 0.3606489429354258,
    "dbms": 0.3182428029601285,
    "os": 0.0,
    "cn": 0.0,
    "system_design": 0.0
  }
}