{
  "total_episodes": 2327,
  "epoch": 5,
  "epoch_episode": 327,
  "actor_loss": -2.2204460492503132e-17,
  "value_loss": 1.0,
  "mean_reward": 0.26233320491429424,
  "topic_performance": {
    "ds": 0.12257763578179647,
    "algo": 0.15412396495220743,
    "oops": 0.44830681173523274,
    "dbms": 0.0,
    "os": 0.0,
    "cn": 0.0,
    "system_design": 0.0
  }
}