{
  "total_episodes": 1195,
  "epoch": 3,
  "epoch_episode": 195,
  "actor_loss": 0.027492850993556205,
  "value_loss": 1.0,
  "mean_reward": 0.17344923693496153,
  "topic_performance": {
    "ds": 0.1197464507791464,
    "algo": 0.11321202519883972,
    "oops": 0.2556370225637609,
    "dbms": 0.0,
    "os": 0.0,
    "cn": 0.0,
    "system_design": 0.0
  }
}