{
  "total_episodes": 1357,
  "epoch": 3,
  "epoch_episode": 357,
  "actor_loss": 2.2204460492503132e-17,
  "value_loss": 1.0,
  "mean_reward": 0.15150490999832913,
  "topic_performance": {
    "ds": 0.10909976947827035,
    "algo": 0.3053875913681562,
    "oops": 0.10083689157701639,
    "dbms": 0.0,
    "os": 0.15710128670159437,
    "cn": 0.0,
    "system_design": 0.0
  }
}