{
  "total_episodes": 1465,
  "epoch": 3,
  "epoch_episode": 465,
  "average_score": 0.28966680755778196,
  "time_efficiency": 0.3334646609231421,
  "current_streak": 0,
  "difficulty_level": 10.0,
  "topic_performances": {
    "ds": 0.4964169306345461,
    "algo": 0.2321280242567229,
    "oops": 0.10259210977508536,
    "dbms": 0.0,
    "os": 0.14418505261548112,
    "cn": 0.0,
    "system_design": 0.0
  }
}