{
  "total_episodes": 340,
  "epoch": 1,
  "epoch_episode": 340,
  "average_score": 0.27998342232046325,
  "time_efficiency": 0.7039556977804058,
  "current_streak": 0,
  "difficulty_level": 10.0,
  "topic_performances": {
    "ds": 0.30461189122857907,
    "algo": 0.31510941797653014,
    "oops": 0.1552257298181221,
    "dbms": 0.0,
    "os": 0.0,
    "cn": 0.0,
    "system_design": 0.0
  }
}