{
  "total_episodes": 550,
  "epoch": 2,
  "epoch_episode": 50,
  "average_score": 0.19410925842927154,
  "time_efficiency": 0.26412947295227646,
  "current_streak": 0,
  "difficulty_level": 1.0,
  "topic_performances": {
    "ds": 0.18982679159307148,
    "algo": 0.13121469431011465,
    "oops": 0.24885768880073084,
    "dbms": 0.0,
    "os": 0.23097626025626183,
    "cn": 0.0,
    "system_design": 0.0
  }
}