{
  "total_episodes": 40,
  "epoch": 1,
  "epoch_episode": 40,
  "actor_loss": -0.0011319046782785058,
  "value_loss": 1.0,
  "mean_reward": 0.2914209061980697,
  "topic_performance": {
    "ds": 0.34427887107446514,
    "algo": 0.19282695758602708,
    "oops": 0.4586188304135832,
    "dbms": 0.0,
    "os": 0.0,
    "cn": 0.0,
    "system_design": 0.0
  }
}