{
  "total_episodes": 246,
  "epoch": 1,
  "epoch_episode": 246,
  "actor_loss": -0.021448210381828335,
  "value_loss": 1.0,
  "mean_reward": 0.20015645590726786,
  "topic_performance": {
    "ds": 0.09055177450780896,
    "algo": 0.2847747068133788,
    "oops": 0.29046403839072993,
    "dbms": 0.0,
    "os": 0.0,
    "cn": 0.19841593224249524,
    "system_design": 0.0
  }
}