{
  "total_episodes": 470,
  "epoch": 1,
  "epoch_episode": 470,
  "average_score": 0.31447856707529376,
  "time_efficiency": 0.5039611492637356,
  "current_streak": 0,
  "difficulty_level": 1.0,
  "topic_performances": {
    "ds": 0.25167845341750317,
    "algo": 0.3728653276452844,
    "oops": 0.3177885818911439,
    "dbms": 0.0,
    "os": 0.0,
    "cn": 0.0,
    "system_design": 0.0
  }
}