{
  "total_episodes": 190,
  "epoch": 1,
  "epoch_episode": 190,
  "average_score": 0.15901778161601685,
  "time_efficiency": 0.6030776726560149,
  "current_streak": 0,
  "difficulty_level": 10.0,
  "topic_performances": {
    "ds": 0.1659214560367583,
    "algo": 0.11402653227397685,
    "oops": 0.18142048745587444,
    "dbms": 0.15417746509755845,
    "os": 0.0,
    "cn": 0.0,
    "system_design": 0.0
  }
}