{
  "total_episodes": 1209,
  "epoch": 3,
  "epoch_episode": 209,
  "actor_loss": -0.023098927807008375,
  "value_loss": 1.0,
  "mean_reward": 0.192297074492829,
  "topic_performance": {
    "ds": 0.19646849206102637,
    "algo": 0.23554985178943535,
    "oops": 0.17744342437263794,
    "dbms": 0.0,
    "os": 0.0,
    "cn": 0.1526918676757888,
    "system_design": 0.0
  }
}