{
  "total_episodes": 2306,
  "epoch": 5,
  "epoch_episode": 306,
  "actor_loss": -0.03633860288149422,
  "value_loss": 1.0,
  "mean_reward": 0.28079920937882163,
  "topic_performance": {
    "ds": 0.1302342055287067,
    "algo": 0.3405922355318164,
    "oops": 0.3516401783582768,
    "dbms": 0.0,
    "os": 0.0,
    "cn": 0.0,
    "system_design": 0.0
  }
}