{
  "total_episodes": 436,
  "epoch": 1,
  "epoch_episode": 436,
  "actor_loss": -0.011822125467984224,
  "value_loss": 1.0,
  "mean_reward": 0.224795442306795,
  "topic_performance": {
    "ds": 0.1479685185716175,
    "algo": 0.38939143963058437,
    "oops": 0.15896863711533615,
    "dbms": 0.0,
    "os": 0.0,
    "cn": 0.0,
    "system_design": 0.0
  }
}