{
  "total_episodes": 51,
  "epoch": 1,
  "epoch_episode": 51,
  "actor_loss": 0.00032961621254992137,
  "value_loss": 1.0,
  "mean_reward": 0.22309502238449058,
  "topic_performance": {
    "ds": 0.10460866860852969,
    "algo": 0.4911838258047034,
    "oops": 0.12974673477961768,
    "dbms": 0.0,
    "os": 0.0,
    "cn": 0.0,
    "system_design": 0.0
  }
}