{
  "total_episodes": 1486,
  "epoch": 3,
  "epoch_episode": 486,
  "actor_loss": 0.0008385975463906847,
  "value_loss": 1.0,
  "mean_reward": 0.205848255980787,
  "topic_performance": {
    "ds": 0.27029210973604834,
    "algo": 0.26025467135879327,
    "oops": 0.10768469277249758,
    "dbms": 0.0,
    "os": 0.1437881382058523,
    "cn": 0.0,
    "system_design": 0.0
  }
}