{
  "total_episodes": 194,
  "epoch": 1,
  "epoch_episode": 194,
  "actor_loss": -0.0012413377616550924,
  "value_loss": 1.0,
  "mean_reward": 0.2324607841658795,
  "topic_performance": {
    "ds": 0.22366922585101756,
    "algo": 0.10876431813305294,
    "oops": 0.4108430677687419,
    "dbms": 0.0,
    "os": 0.0,
    "cn": 0.0,
    "system_design": 0.3968567560360467
  }
}