{
  "total_episodes": 1250,
  "epoch": 3,
  "epoch_episode": 250,
  "average_score": 0.2248718206591495,
  "time_efficiency": 0.27559095752579266,
  "current_streak": 0,
  "difficulty_level": 1.0,
  "topic_performances": {
    "ds": 0.15856119216386658,
    "algo": 0.26833349885460417,
    "oops": 0.16005200710000103,
    "dbms": 0.0,
    "os": 0.0,
    "cn": 0.0,
    "system_design": 0.0
  }
}