{
  "total_episodes": 305,
  "epoch": 1,
  "epoch_episode": 305,
  "average_score": 0.2814085379419764,
  "time_efficiency": 0.6037630737937881,
  "current_streak": 0,
  "difficulty_level": 10.0,
  "topic_performances": {
    "ds": 0.3903499995802769,
    "algo": 0.1258881206915149,
    "oops": 0.23992664767351707,
    "dbms": 0.0,
    "os": 0.0,
    "cn": 0.0,
    "system_design": 0.16709066971307313
  }
}