{
  "total_episodes": 2371,
  "epoch": 5,
  "epoch_episode": 371,
  "actor_loss": 0.1378581101184359,
  "value_loss": 1.0,
  "mean_reward": 0.1531338117986542,
  "topic_performance": {
    "ds": 0.1341024105515023,
    "algo": 0.10495553322968967,
    "oops": 0.2108277909911947,
    "dbms": 0.0,
    "os": 0.0,
    "cn": 0.0,
    "system_design": 0.0
  }
}