{
  "total_episodes": 1709,
  "epoch": 4,
  "epoch_episode": 209,
  "actor_loss": 5.176458750533186e-09,
  "value_loss": 1.0,
  "mean_reward": 0.11658308616874638,
  "topic_performance": {
    "ds": 0.12823708584545032,
    "algo": 0.08758712205449891,
    "oops": 0.1366269234443515,
    "dbms": 0.0,
    "os": 0.0,
    "cn": 0.16590710664331526,
    "system_design": 0.0
  }
}