{
  "total_episodes": 1065,
  "epoch": 3,
  "epoch_episode": 65,
  "average_score": 0.23015625301053966,
  "time_efficiency": 0.536214436930009,
  "current_streak": 0,
  "difficulty_level": 10.0,
  "topic_performances": {
    "ds": 0.36080353652779296,
    "algo": 0.10279566404835028,
    "oops": 0.42816711452300354,
    "dbms": 0.0,
    "os": 0.0,
    "cn": 0.14227932976684127,
    "system_design": 0.0
  }
}