{
  "total_episodes": 1350,
  "epoch": 3,
  "epoch_episode": 350,
  "average_score": 0.2625712562516498,
  "time_efficiency": 0.17773004769263917,
  "current_streak": 0,
  "difficulty_level": 1.0,
  "topic_performances": {
    "ds": 0.13384968053772073,
    "algo": 0.1670842093984894,
    "oops": 0.3605732890023736,
    "dbms": 0.0,
    "os": 0.2542128664929778,
    "cn": 0.0,
    "system_design": 0.0
  }
}