{
  "total_episodes": 1439,
  "epoch": 3,
  "epoch_episode": 439,
  "actor_loss": -0.06534769680497403,
  "value_loss": 1.0,
  "mean_reward": 0.16951299712818152,
  "topic_performance": {
    "ds": 0.14945924186879211,
    "algo": 0.20039092335927608,
    "oops": 0.14550620328000688,
    "dbms": 0.0,
    "os": 0.0,
    "cn": 0.0,
    "system_design": 0.15022310708953537
  }
}