{
  "total_episodes": 1320,
  "epoch": 3,
  "epoch_episode": 320,
  "average_score": 0.11378192286236999,
  "time_efficiency": 0.12677329681723054,
  "current_streak": 0,
  "difficulty_level": 1.0,
  "topic_performances": {
    "ds": 0.0,
    "algo": 0.11913512710961695,
    "oops": 0.10575211649149957,
    "dbms": 0.0,
    "os": 0.0,
    "cn": 0.0,
    "system_design": 0.0
  }
}