{
  "total_episodes": 1545,
  "epoch": 4,
  "epoch_episode": 45,
  "average_score": 0.1402829765187541,
  "time_efficiency": 0.32446295557305954,
  "current_streak": 0,
  "difficulty_level": 1.0,
  "topic_performances": {
    "ds": 0.13045279414754704,
    "algo": 0.1041463996320576,
    "oops": 0.24536969229230587,
    "dbms": 0.0,
    "os": 0.0,
    "cn": 0.0,
    "system_design": 0.0
  }
}