{
  "total_episodes": 245,
  "epoch": 1,
  "epoch_episode": 245,
  "average_score": 0.1542475547542191,
  "time_efficiency": 0.5457889647050421,
  "current_streak": 0,
  "difficulty_level": 10.0,
  "topic_performances": {
    "ds": 0.21265552412097308,
    "algo": 0.1782824339883515,
    "oops": 0.10160208575020437,
    "dbms": 0.0,
    "os": 0.1415357642017516,
    "cn": 0.0,
    "system_design": 0.0
  }
}