{
  "total_episodes": 1940,
  "epoch": 4,
  "epoch_episode": 440,
  "actor_loss": 0.16153854462300893,
  "value_loss": 1.0,
  "mean_reward": 0.2654008789246534,
  "topic_performance": {
    "ds": 0.1096613052700173,
    "algo": 0.16844968508970107,
    "oops": 0.3625435478892417,
    "dbms": 0.0,
    "os": 0.22628068926120506,
    "cn": 0.0,
    "system_design": 0.0
  }
}