{
  "total_episodes": 1753,
  "epoch": 4,
  "epoch_episode": 253,
  "actor_loss": 0.08336308965348667,
  "value_loss": 1.0,
  "mean_reward": 0.27998342232046325,
  "topic_performance": {
    "ds": 0.30461189122857907,
    "algo": 0.31510941797653014,
    "oops": 0.1552257298181221,
    "dbms": 0.0,
    "os": 0.0,
    "cn": 0.0,
    "system_design": 0.0
  }
}