{
  "total_episodes": 1005,
  "epoch": 3,
  "epoch_episode": 5,
  "average_score": 0.21919133922096626,
  "time_efficiency": 0.10224377229572457,
  "current_streak": 0,
  "difficulty_level": 1.0,
  "topic_performances": {
    "ds": 0.11789041453700472,
    "algo": 0.43872140703646717,
    "oops": 0.11093739120235058,
    "dbms": 0.0,
    "os": 0.18926575388219558,
    "cn": 0.0,
    "system_design": 0.0
  }
}