{
  "total_episodes": 960,
  "epoch": 2,
  "epoch_episode": 460,
  "average_score": 0.13039265899408914,
  "time_efficiency": 0.1495811558166154,
  "current_streak": 0,
  "difficulty_level": 1.0,
  "topic_performances": {
    "ds": 0.08046328204161496,
    "algo": 0.19523196254194067,
    "oops": 0.1700639903155324,
    "dbms": 0.0,
    "os": 0.0,
    "cn": 0.0,
    "system_design": 0.14585030179146213
  }
}