{
  "total_episodes": 1498,
  "epoch": 3,
  "epoch_episode": 498,
  "actor_loss": -0.013197669591211469,
  "value_loss": 1.0,
  "mean_reward": 0.1601151269932871,
  "topic_performance": {
    "ds": 0.1739115102043619,
    "algo": 0.12964708793509747,
    "oops": 0.16510256205125814,
    "dbms": 0.0,
    "os": 0.0,
    "cn": 0.16852126339766133,
    "system_design": 0.0
  }
}