{
  "total_episodes": 995,
  "epoch": 2,
  "epoch_episode": 495,
  "actor_loss": -0.0383867262419801,
  "value_loss": 1.0,
  "mean_reward": 0.14162574067593156,
  "topic_performance": {
    "ds": 0.10629700460519874,
    "algo": 0.09621900575601298,
    "oops": 0.4541243636910004,
    "dbms": 0.0,
    "os": 0.0,
    "cn": 0.16214700047265415,
    "system_design": 0.0
  }
}