{
  "total_episodes": 319,
  "epoch": 1,
  "epoch_episode": 319,
  "actor_loss": 0.0374382660787657,
  "value_loss": 1.0,
  "mean_reward": 0.23828176048616362,
  "topic_performance": {
    "ds": 0.3289299896638873,
    "algo": 0.24226231336754714,
    "oops": 0.1287305026521952,
    "dbms": 0.0,
    "os": 0.0,
    "cn": 0.14265324267638385,
    "system_design": 0.0
  }
}