{
  "total_episodes": 40,
  "epoch": 1,
  "epoch_episode": 40,
  "average_score": 0.2914209061980697,
  "time_efficiency": 0.6969928317209975,
  "current_streak": 0,
  "difficulty_level": 5.93824137612547,
  "topic_performances": {
    "ds": 0.34427887107446514,
    "algo": 0.19282695758602708,
    "oops": 0.4586188304135832,
    "dbms": 0.0,
    "os": 0.0,
    "cn": 0.0,
    "system_design": 0.0
  }
}