{
  "total_episodes": 1276,
  "epoch": 3,
  "epoch_episode": 276,
  "actor_loss": -0.020570864869485207,
  "value_loss": 1.0,
  "mean_reward": 0.17430990538276014,
  "topic_performance": {
    "ds": 0.09859012057385778,
    "algo": 0.40131814284318357,
    "oops": 0.13652557146145078,
    "dbms": 0.0,
    "os": 0.0,
    "cn": 0.0,
    "system_design": 0.0
  }
}