{
  "total_episodes": 1846,
  "epoch": 4,
  "epoch_episode": 346,
  "actor_loss": 0.047867139676477134,
  "value_loss": 1.0,
  "mean_reward": 0.3426751933792062,
  "topic_performance": {
    "ds": 0.22874767437101698,
    "algo": 0.3171477373127528,
    "oops": 0.49063932047599995,
    "dbms": 0.0,
    "os": 0.0,
    "cn": 0.0,
    "system_design": 0.0
  }
}