{
  "total_episodes": 2085,
  "epoch": 5,
  "epoch_episode": 85,
  "average_score": 0.13994793242201545,
  "time_efficiency": 0.4664987374930235,
  "current_streak": 0,
  "difficulty_level": 1.0,
  "topic_performances": {
    "ds": 0.10970179224550444,
    "algo": 0.16707625787122735,
    "oops": 0.17097352628035128,
    "dbms": 0.0,
    "os": 0.0,
    "cn": 0.0,
    "system_design": 0.0
  }
}