{
  "total_episodes": 1175,
  "epoch": 3,
  "epoch_episode": 175,
  "actor_loss": -0.0732207514149676,
  "value_loss": 1.0,
  "mean_reward": 0.18068061665688182,
  "topic_performance": {
    "ds": 0.419591119621171,
    "algo": 0.10912269313537151,
    "oops": 0.1300409637906492,
    "dbms": 0.0,
    "os": 0.0,
    "cn": 0.14101026341304246,
    "system_design": 0.0
  }
}