{
  "total_episodes": 2353,
  "epoch": 5,
  "epoch_episode": 353,
  "actor_loss": -0.005023717028867103,
  "value_loss": 1.0,
  "mean_reward": 0.13872971844249696,
  "topic_performance": {
    "ds": 0.09947398364772589,
    "algo": 0.09127181594514001,
    "oops": 0.20171440448594644,
    "dbms": 0.0,
    "os": 0.0,
    "cn": 0.0,
    "system_design": 0.0
  }
}