{
  "total_episodes": 1833,
  "epoch": 4,
  "epoch_episode": 333,
  "actor_loss": -0.005100116070841487,
  "value_loss": 1.0,
  "mean_reward": 0.2804179749380417,
  "topic_performance": {
    "ds": 0.4360592681234206,
    "algo": 0.20352533414522356,
    "oops": 0.22730020280975372,
    "dbms": 0.0,
    "os": 0.0,
    "cn": 0.0,
    "system_design": 0.0
  }
}