{
  "total_episodes": 1458,
  "epoch": 3,
  "epoch_episode": 458,
  "actor_loss": -0.01972945123788179,
  "value_loss": 1.0,
  "mean_reward": 0.260647568955764,
  "topic_performance": {
    "ds": 0.16121313807986873,
    "algo": 0.4057821168352131,
    "oops": 0.16442681682738386,
    "dbms": 0.0,
    "os": 0.0,
    "cn": 0.0,
    "system_design": 0.0
  }
}