{
  "total_episodes": 794,
  "epoch": 2,
  "epoch_episode": 294,
  "actor_loss": 0.02029009830756374,
  "value_loss": 1.0,
  "mean_reward": 0.1870183855439363,
  "topic_performance": {
    "ds": 0.13082545263050044,
    "algo": 0.2266016154925377,
    "oops": 0.15850829090522456,
    "dbms": 0.0,
    "os": 0.0,
    "cn": 0.0,
    "system_design": 0.0
  }
}