{
  "total_episodes": 628,
  "epoch": 2,
  "epoch_episode": 128,
  "actor_loss": 0.05078025129079851,
  "value_loss": 1.0,
  "mean_reward": 0.21950293777702307,
  "topic_performance": {
    "ds": 0.13676829442508243,
    "algo": 0.2633739664588624,
    "oops": 0.18174284803945467,
    "dbms": 0.0,
    "os": 0.15950614212743652,
    "cn": 0.0,
    "system_design": 0.0
  }
}