{
  "total_episodes": 350,
  "epoch": 1,
  "epoch_episode": 350,
  "actor_loss": -0.01600792075031445,
  "value_loss": 1.0,
  "mean_reward": 0.2509710023252681,
  "topic_performance": {
    "ds": 0.1462079858991056,
    "algo": 0.3733981285147359,
    "oops": 0.10215881816007955,
    "dbms": 0.0,
    "os": 0.1459857725606309,
    "cn": 0.0,
    "system_design": 0.0
  }
}