{
  "total_episodes": 98,
  "epoch": 1,
  "epoch_episode": 98,
  "actor_loss": -0.00558439272810749,
  "value_loss": 1.0,
  "mean_reward": 0.28966680755778196,
  "topic_performance": {
    "ds": 0.4964169306345461,
    "algo": 0.2321280242567229,
    "oops": 0.10259210977508536,
    "dbms": 0.0,
    "os": 0.14418505261548112,
    "cn": 0.0,
    "system_design": 0.0
  }
}