{
  "total_episodes": 1725,
  "epoch": 4,
  "epoch_episode": 225,
  "actor_loss": -2.2204460492503132e-17,
  "value_loss": 1.0,
  "mean_reward": 0.3022190370248672,
  "topic_performance": {
    "ds": 0.3318062723356035,
    "algo": 0.1724142354906281,
    "oops": 0.42295815104938494,
    "dbms": 0.0,
    "os": 0.0,
    "cn": 0.0,
    "system_design": 0.0
  }
}