{
  "total_episodes": 2109,
  "epoch": 5,
  "epoch_episode": 109,
  "actor_loss": -8.881784197001253e-17,
  "value_loss": 1.0,
  "mean_reward": 0.1303136686628504,
  "topic_performance": {
    "ds": 0.10700278906491927,
    "algo": 0.11666055640223866,
    "oops": 0.12581094703844464,
    "dbms": 0.0,
    "os": 0.29233012505874695,
    "cn": 0.0,
    "system_design": 0.0
  }
}