{
  "total_episodes": 175,
  "epoch": 1,
  "epoch_episode": 175,
  "average_score": 0.34365642500564964,
  "time_efficiency": 0.5162805802053756,
  "current_streak": 0,
  "difficulty_level": 5.4317827416968045,
  "topic_performances": {
    "ds": 0.48266859512353427,
    "algo": 0.42047374427159345,
    "oops": 0.26893063043609816,
    "dbms": 0.0,
    "os": 0.15761710463116774,
    "cn": 0.12100712935130326,
    "system_design": 0.0
  }
}