{
  "total_episodes": 570,
  "epoch": 2,
  "epoch_episode": 70,
  "average_score": 0.28302078647777396,
  "time_efficiency": 0.4563580657432211,
  "current_streak": 0,
  "difficulty_level": 10.0,
  "topic_performances": {
    "ds": 0.0,
    "algo": 0.45581631469299033,
    "oops": 0.11022525826255766,
    "dbms": 0.0,
    "os": 0.0,
    "cn": 0.0,
    "system_design": 0.0
  }
}