{
  "total_episodes": 1825,
  "epoch": 4,
  "epoch_episode": 325,
  "average_score": 0.12077092811782361,
  "time_efficiency": 0.1591919456721421,
  "current_streak": 0,
  "difficulty_level": 1.0,
  "topic_performances": {
    "ds": 0.11587777985810112,
    "algo": 0.26509309027629063,
    "oops": 0.0958210142939082,
    "dbms": 0.0,
    "os": 0.0,
    "cn": 0.0,
    "system_design": 0.0
  }
}