{
  "episode": 350,
  "epoch": 1,
  "mean_reward": 0.1719811850564047,
  "best_reward": 0.44206984182377107,
  "avg_reward_100": 0.20998289604633144,
  "avg_policy_loss_100": 8.9014310660241e-05,
  "avg_value_loss_100": 8.732194315842985,
  "timestamp": "20250507_112052"
}