{
  "interview_num": 1850,
  "stats": {
    "average_score": 0.20043702527528912,
    "time_efficiency": 0.4521376319824455,
    "topic_performances": {
      "ds": 0.20556469483937265,
      "algo": 0.13852373870131426,
      "oops": 0.2837330350855894,
      "dbms": 0.0,
      "os": 0.0,
      "cn": 0.2772425273664959,
      "system_design": 0.0
    },
    "current_streak": 0,
    "difficulty_level": 10.0
  },
  "timestamp": "20250503_213552"
}