{
  "interview_num": 2100,
  "stats": {
    "average_score": 0.2985672975120647,
    "time_efficiency": 0.25713986419499363,
    "topic_performances": {
      "ds": 0.3114851520123816,
      "algo": 0.23487778335074266,
      "oops": 0.5140102743026637,
      "dbms": 0.0,
      "os": 0.0,
      "cn": 0.0,
      "system_design": 0.16029320573684258
    },
    "current_streak": 0,
    "difficulty_level": 1.0
  },
  "timestamp": "20250503_213614"
}