{
  "interview_num": 860,
  "stats": {
    "average_score": 0.18030000614473102,
    "time_efficiency": 0.42245359500826885,
    "topic_performances": {
      "ds": 0.15604363543574368,
      "algo": 0.13967412246097138,
      "oops": 0.25326771744047377,
      "dbms": 0.0,
      "os": 0.0,
      "cn": 0.0,
      "system_design": 0.0
    },
    "current_streak": 0,
    "difficulty_level": 10.0
  },
  "timestamp": "20250503_213431"
}