{
  "episode": 1850,
  "epoch": 4,
  "mean_reward": 0.17190555249384568,
  "best_reward": 0.4567905254997499,
  "avg_reward_100": 0.21007202930694469,
  "avg_policy_loss_100": 0.00017113650203698003,
  "avg_value_loss_100": 8.488127289808924,
  "timestamp": "20250507_112302"
}