{
  "episode": 90,
  "epoch": 1,
  "mean_reward": 0.7773564664282868,
  "best_reward": 0.9066554298388896,
  "timestamp": "20250503_190623"
}