{
  "episode": 1270,
  "epoch": 3,
  "mean_reward": 0.25139909040551484,
  "best_reward": 0.4567905254997499,
  "timestamp": "20250503_215920"
}