{
  "episode": 2470,
  "epoch": 5,
  "mean_reward": 0.23716236610974734,
  "best_reward": 0.4567905254997499,
  "timestamp": "20250503_211217"
}