{
  "interview_num": 340,
  "stats": {
    "average_score": 0.7329966454173111,
    "time_efficiency": 0.4241888504177539,
    "topic_performances": {
      "ds": 0.7095393143764669,
      "algo": 0.0,
      "oops": 0.8722074349440307,
      "dbms": 0.5830846205447066,
      "os": 0.7914204143289019,
      "cn": 0.7522533734008545,
      "system_design": 1.0
    },
    "current_streak": 8,
    "difficulty_level": 1.0
  },
  "timestamp": "20250503_190640"
}