{
  "episode": 2020,
  "epoch": 5,
  "mean_reward": 0.3296676290184185,
  "best_reward": 0.4567905254997499,
  "timestamp": "20250503_220028"
}