{
  "episode": 80,
  "epoch": 1,
  "mean_reward": 0.3814190121728135,
  "best_reward": 0.4567905254997499,
  "timestamp": "20250503_210857"
}