{
  "episode": 1120,
  "epoch": 3,
  "mean_reward": 0.1619939211407823,
  "best_reward": 0.4567905254997499,
  "avg_reward_100": 0.21272593182403932,
  "avg_policy_loss_100": -7.149505972960098e-05,
  "avg_value_loss_100": 8.796542301124108,
  "timestamp": "20250507_112153"
}