{
  "interview_num": 260,
  "stats": {
    "average_score": 0.21101435173744912,
    "time_efficiency": 0.5459532893976504,
    "topic_performances": {
      "ds": 0.18953657183458125,
      "algo": 0.14061672600755576,
      "oops": 0.193977171694682,
      "dbms": 0.0,
      "os": 0.0,
      "cn": 0.4888322629370088,
      "system_design": 0.0
    },
    "current_streak": 0,
    "difficulty_level": 1.0
  },
  "timestamp": "20250503_213348"
}