{
  "episode": 1630,
  "epoch": 4,
  "mean_reward": 0.11719634368649116,
  "best_reward": 0.4567905254997499,
  "timestamp": "20250503_215952"
}