{
  "interview_num": 1620,
  "stats": {
    "average_score": 0.37773151938330773,
    "time_efficiency": 0.44950551556288704,
    "topic_performances": {
      "ds": 0.24999766646868526,
      "algo": 0.0,
      "oops": 0.4904835668085547,
      "dbms": 0.0,
      "os": 0.0,
      "cn": 0.0,
      "system_design": 0.3249066939155627
    },
    "current_streak": 0,
    "difficulty_level": 1.0
  },
  "timestamp": "20250503_213532"
}