{
  "episode": 1220,
  "epoch": 3,
  "mean_reward": 0.16924974499617063,
  "best_reward": 0.4567905254997499,
  "timestamp": "20250503_215916"
}