{
  "interview_num": 1360,
  "stats": {
    "average_score": 0.20625690012392112,
    "time_efficiency": 0.15889970552714505,
    "topic_performances": {
      "ds": 0.12651656184102353,
      "algo": 0.2995193838304716,
      "oops": 0.09271119828189124,
      "dbms": 0.0,
      "os": 0.0,
      "cn": 0.0,
      "system_design": 0.0
    },
    "current_streak": 0,
    "difficulty_level": 1.0
  },
  "timestamp": "20250503_215928"
}