{
  "episode": 1140,
  "epoch": 3,
  "mean_reward": 0.18043776053135482,
  "best_reward": 0.4567905254997499,
  "avg_reward_100": 0.21804659588459188,
  "avg_policy_loss_100": -8.0679636103628e-05,
  "avg_value_loss_100": 8.796496076222008,
  "timestamp": "20250507_112155"
}