{
  "episode": 920,
  "epoch": 2,
  "mean_reward": 0.2895993825843766,
  "best_reward": 0.4567905254997499,
  "timestamp": "20250503_215851"
}