{
  "interview_num": 2070,
  "stats": {
    "average_score": 0.1665196729947807,
    "time_efficiency": 0.5926692124527586,
    "topic_performances": {
      "ds": 0.22840567017005312,
      "algo": 0.07020378834201839,
      "oops": 0.13845591667112994,
      "dbms": 0.0,
      "os": 0.0,
      "cn": 0.19579872257016814,
      "system_design": 0.0
    },
    "current_streak": 0,
    "difficulty_level": 1.0
  },
  "timestamp": "20250503_213612"
}