{
  "episode": 580,
  "epoch": 2,
  "mean_reward": 0.18564775638796593,
  "best_reward": 0.4567905254997499,
  "timestamp": "20250503_213410"
}