{
  "episode": 830,
  "epoch": 2,
  "mean_reward": 0.37773151938330773,
  "best_reward": 0.4567905254997499,
  "timestamp": "20250503_215844"
}