{
  "episode": 1250,
  "epoch": 3,
  "mean_reward": 0.2248718206591495,
  "best_reward": 0.4567905254997499,
  "timestamp": "20250503_211023"
}