{
  "episode": 40,
  "epoch": 1,
  "mean_reward": 0.2241653225420986,
  "best_reward": 0.34365642500564964,
  "avg_reward_100": 0.20738398635310187,
  "avg_policy_loss_100": 0.03603969130267327,
  "avg_value_loss_100": 9.60360724324862,
  "timestamp": "20250507_112032"
}