{
  "interview_num": 1530,
  "stats": {
    "average_score": 0.19410925842927154,
    "time_efficiency": 0.5047695774980394,
    "topic_performances": {
      "ds": 0.18982679159307148,
      "algo": 0.13121469431011465,
      "oops": 0.24885768880073084,
      "dbms": 0.0,
      "os": 0.23097626025626183,
      "cn": 0.0,
      "system_design": 0.0
    },
    "current_streak": 0,
    "difficulty_level": 10.0
  },
  "timestamp": "20250503_213524"
}