{
  "interview_num": 2260,
  "stats": {
    "average_score": 0.2733303681996224,
    "time_efficiency": 0.5224500609552114,
    "topic_performances": {
      "ds": 0.3211026692744512,
      "algo": 0.1595005637278512,
      "oops": 0.43623661349047643,
      "dbms": 0.0,
      "os": 0.1443862480644874,
      "cn": 0.0,
      "system_design": 0.0
    },
    "current_streak": 0,
    "difficulty_level": 10.0
  },
  "timestamp": "20250503_213628"
}