{
  "total_episodes": 407,
  "epoch": 1,
  "epoch_episode": 407,
  "actor_loss": 8.949620599427548e-05,
  "value_loss": 4.953635360594927,
  "entropy_loss": -0.007214266349499619,
  "mean_reward": 0.1349832842820091,
  "topic_performance": {
    "ds": 0.306088490235569,
    "algo": 0.13856044813943189,
    "oops": 0.1349832842820091,
    "dbms": 0.0,
    "os": 0.0,
    "cn": 0.0,
    "system_design": 0.1430405190150489
  }
}