{
  "total_episodes": 740,
  "epoch": 2,
  "epoch_episode": 240,
  "actor_loss": 0.0026708529709517604,
  "value_loss": 10.797203596577841,
  "entropy_loss": -0.00841491389749587,
  "mean_reward": 0.27299266130252603,
  "topic_performance": {
    "ds": 0.16922464356225386,
    "algo": 0.27299266130252603,
    "oops": 0.0,
    "dbms": 0.0,
    "os": 0.0,
    "cn": 0.0,
    "system_design": 0.0
  }
}