{
  "total_episodes": 2157,
  "epoch": 5,
  "epoch_episode": 157,
  "actor_loss": -0.00029943842089244916,
  "value_loss": 4.512840694711821,
  "entropy_loss": -0.009487658445739212,
  "mean_reward": 0.06439342881668855,
  "topic_performance": {
    "ds": 0.10351863816466758,
    "algo": 0.25730137735449543,
    "oops": 0.13459189423172555,
    "dbms": 0.0,
    "os": 0.0,
    "cn": 0.0,
    "system_design": 0.0
  }
}