{
  "total_episodes": 362,
  "epoch": 1,
  "epoch_episode": 362,
  "actor_loss": 0.00046306070711816665,
  "value_loss": 8.872029957154975,
  "entropy_loss": -0.007371517796525359,
  "mean_reward": 0.21433292583287605,
  "topic_performance": {
    "ds": 0.20363470121785401,
    "algo": 0.1487182477624587,
    "oops": 0.0,
    "dbms": 0.0,
    "os": 0.0,
    "cn": 0.0,
    "system_design": 0.0
  }
}