{
  "total_episodes": 820,
  "epoch": 2,
  "epoch_episode": 320,
  "average_score": 0.3023878614597303,
  "time_efficiency": 2.0,
  "current_streak": 0,
  "difficulty_level": 4.0,
  "topic_performances": {
    "ds": 0.3611318689942191,
    "algo": 0.10518936078006731,
    "oops": 0.5505630910344093,
    "dbms": 0.0,
    "os": 0.0,
    "cn": 0.1626568742114062,
    "system_design": 0.0
  }
}