{
  "total_episodes": 1885,
  "epoch": 4,
  "epoch_episode": 385,
  "actor_loss": 0.0008543240414725112,
  "value_loss": 9.21655487757645,
  "entropy_loss": -0.008681724974517751,
  "mean_reward": 0.0987994245479552,
  "topic_performance": {
    "ds": 0.19654681628107423,
    "algo": 0.0,
    "oops": 0.12348412573744749,
    "dbms": 0.0,
    "os": 0.0,
    "cn": 0.0,
    "system_design": 0.0
  }
}