{
  "total_episodes": 2400,
  "epoch": 5,
  "epoch_episode": 400,
  "actor_loss": 0.00018644196486069451,
  "value_loss": 8.891703207693793,
  "entropy_loss": -0.01030845390677203,
  "mean_reward": 0.0474764053904054,
  "topic_performance": {
    "ds": 0.10806910743076298,
    "algo": 0.1237736570085994,
    "oops": 0.17336484839931765,
    "dbms": 0.0,
    "os": 0.0,
    "cn": 0.16835598547715508,
    "system_design": 0.0
  }
}