{
  "total_episodes": 1180,
  "epoch": 3,
  "epoch_episode": 180,
  "average_score": 0.178341696760451,
  "time_efficiency": 2.0,
  "current_streak": 0,
  "difficulty_level": 4.0,
  "topic_performances": {
    "ds": 0.10053959162263348,
    "algo": 0.4308455417142758,
    "oops": 0.07917974515806858,
    "dbms": 0.0,
    "os": 0.0,
    "cn": 0.26066843574665377,
    "system_design": 0.0
  }
}