{
  "total_episodes": 2324,
  "epoch": 5,
  "epoch_episode": 324,
  "actor_loss": 5.763378333194652e-05,
  "value_loss": 10.977224157587921,
  "entropy_loss": -0.009462107328883456,
  "mean_reward": 0.3274565330622136,
  "topic_performance": {
    "ds": 0.23403584439345582,
    "algo": 0.3274565330622136,
    "oops": 0.0,
    "dbms": 0.0,
    "os": 0.0,
    "cn": 0.0,
    "system_design": 0.0
  }
}