{
  "total_episodes": 55,
  "epoch": 1,
  "epoch_episode": 55,
  "actor_loss": -0.0029793870508366266,
  "value_loss": 6.130523887582405,
  "entropy_loss": -0.015480917188631444,
  "mean_reward": 0.2153461398986777,
  "topic_performance": {
    "ds": 0.0,
    "algo": 0.17078993296510447,
    "oops": 0.3187569917685375,
    "dbms": 0.0,
    "os": 0.0,
    "cn": 0.0,
    "system_design": 0.0
  }
}