{
  "total_episodes": 2058,
  "epoch": 5,
  "epoch_episode": 58,
  "actor_loss": 0.00013797509478394968,
  "value_loss": 6.719955778192437,
  "entropy_loss": -0.00928788583845105,
  "mean_reward": 0.11707977239579173,
  "topic_performance": {
    "ds": 0.17941857409155698,
    "algo": 0.11707977239579173,
    "oops": 0.12264162950713191,
    "dbms": 0.0,
    "os": 0.0,
    "cn": 0.16640132464488488,
    "system_design": 0.0
  }
}