{
  "total_episodes": 1178,
  "epoch": 3,
  "epoch_episode": 178,
  "actor_loss": 0.0007198128534362469,
  "value_loss": 8.708863521651086,
  "entropy_loss": -0.010980761485170892,
  "mean_reward": 0.3296089309875032,
  "topic_performance": {
    "ds": 0.23839333183038416,
    "algo": 0.14268178376567597,
    "oops": 0.3460072684709074,
    "dbms": 0.0,
    "os": 0.0,
    "cn": 0.0,
    "system_design": 0.0
  }
}