{
  "total_episodes": 1690,
  "epoch": 4,
  "epoch_episode": 190,
  "average_score": 0.17977285547525096,
  "time_efficiency": 2.0,
  "current_streak": 0,
  "difficulty_level": 4.0,
  "topic_performances": {
    "ds": 0.17134281815562027,
    "algo": 0.20951252222173075,
    "oops": 0.15766712954199325,
    "dbms": 0.0,
    "os": 0.0,
    "cn": 0.0,
    "system_design": 0.0
  }
}