{
  "total_episodes": 202,
  "epoch": 1,
  "epoch_episode": 202,
  "actor_loss": -0.0002462233023021995,
  "value_loss": 8.678015500063745,
  "entropy_loss": -0.01071315066641886,
  "mean_reward": 0.29098013272343165,
  "topic_performance": {
    "ds": 0.3079497055307282,
    "algo": 0.16421844768034416,
    "oops": 0.33248588176900795,
    "dbms": 0.3245508159228427,
    "os": 0.0,
    "cn": 0.0,
    "system_design": 0.0
  }
}