{
  "total_episodes": 141,
  "epoch": 1,
  "epoch_episode": 141,
  "actor_loss": 0.00027616374171209637,
  "value_loss": 7.822925646911822,
  "entropy_loss": -0.012314774419442927,
  "mean_reward": 0.06823167664149135,
  "topic_performance": {
    "ds": 0.0,
    "algo": 0.14266677834310457,
    "oops": 0.24150999792263658,
    "dbms": 0.0,
    "os": 0.0,
    "cn": 0.0,
    "system_design": 0.14290671890958562
  }
}