{
  "total_episodes": 327,
  "epoch": 1,
  "epoch_episode": 327,
  "actor_loss": 0.003781339902090729,
  "value_loss": 8.691455819617394,
  "entropy_loss": -0.007464364092546273,
  "mean_reward": 0.37383021191716237,
  "topic_performance": {
    "ds": 0.4078930224516625,
    "algo": 0.14504192019863243,
    "oops": 0.0,
    "dbms": 0.0,
    "os": 0.0,
    "cn": 0.14616065041207332,
    "system_design": 0.0
  }
}