{
  "total_episodes": 1675,
  "epoch": 4,
  "epoch_episode": 175,
  "average_score": 0.20635147396578413,
  "time_efficiency": 2.0,
  "current_streak": 0,
  "difficulty_level": 4.0,
  "topic_performances": {
    "ds": 0.31928466616281304,
    "algo": 0.1800804170352431,
    "oops": 0.04132630292821532,
    "dbms": 0.0,
    "os": 0.0,
    "cn": 0.0,
    "system_design": 0.16393235306497167
  }
}