{
  "total_episodes": 1375,
  "epoch": 3,
  "epoch_episode": 375,
  "average_score": 0.15663987587792422,
  "time_efficiency": 2.0,
  "current_streak": 0,
  "difficulty_level": 4.0,
  "topic_performances": {
    "ds": 0.1746221614202124,
    "algo": 0.0,
    "oops": 0.12094640611529578,
    "dbms": 0.0,
    "os": 0.0,
    "cn": 0.15582657191208057,
    "system_design": 0.0
  }
}