{
  "total_episodes": 2426,
  "epoch": 5,
  "epoch_episode": 426,
  "actor_loss": -0.0020255403380423477,
  "value_loss": 13.299133316221443,
  "entropy_loss": -0.00977509505514402,
  "mean_reward": 0.3565124557641009,
  "topic_performance": {
    "ds": 0.4860699891489272,
    "algo": 0.466773756841537,
    "oops": 0.2856114952332922,
    "dbms": 0.0,
    "os": 0.15808663949368112,
    "cn": 0.0,
    "system_design": 0.0
  }
}