{
  "total_episodes": 1098,
  "epoch": 3,
  "epoch_episode": 98,
  "actor_loss": 0.0016355637787954652,
  "value_loss": 8.79360062916664,
  "entropy_loss": -0.010474515227147048,
  "mean_reward": 0.43011895683486895,
  "topic_performance": {
    "ds": 0.0,
    "algo": 0.23126599332029918,
    "oops": 0.46274454829954553,
    "dbms": 0.0,
    "os": 0.1528517649470149,
    "cn": 0.0,
    "system_design": 0.0
  }
}