{
  "total_episodes": 532,
  "epoch": 2,
  "epoch_episode": 32,
  "actor_loss": 0.004298413293266043,
  "value_loss": 6.165862031658259,
  "entropy_loss": -0.007995640092833671,
  "mean_reward": 0.42295728428504425,
  "topic_performance": {
    "ds": 0.0,
    "algo": 0.42295728428504425,
    "oops": 0.0,
    "dbms": 0.0,
    "os": 0.0,
    "cn": 0.32771498272626093,
    "system_design": 0.0
  }
}