{
  "total_episodes": 830,
  "epoch": 2,
  "epoch_episode": 330,
  "average_score": 0.19313686549241987,
  "time_efficiency": 2.0,
  "current_streak": 0,
  "difficulty_level": 4.0,
  "topic_performances": {
    "ds": 0.41430928117155,
    "algo": 0.12969033576422762,
    "oops": 0.14599718738104706,
    "dbms": 0.0,
    "os": 0.0,
    "cn": 0.0,
    "system_design": 0.0
  }
}