{
  "total_episodes": 545,
  "epoch": 2,
  "epoch_episode": 45,
  "average_score": 0.39154805364006046,
  "time_efficiency": 2.0,
  "current_streak": 0,
  "difficulty_level": 4.0,
  "topic_performances": {
    "ds": 0.38444350892695056,
    "algo": 0.32646988446659364,
    "oops": 0.48779940281139583,
    "dbms": 0.0,
    "os": 0.0,
    "cn": 0.0,
    "system_design": 0.2613685233254275
  }
}