{
  "total_episodes": 1133,
  "epoch": 3,
  "epoch_episode": 133,
  "actor_loss": -0.0003574050935412444,
  "value_loss": 6.883201180569394,
  "entropy_loss": -0.010801517601889608,
  "mean_reward": 0.045820707429430035,
  "topic_performance": {
    "ds": 0.19048470356116842,
    "algo": 0.3588182559567993,
    "oops": 0.10593416395632509,
    "dbms": 0.0,
    "os": 0.0,
    "cn": 0.0,
    "system_design": 0.0
  }
}