{
  "total_episodes": 2061,
  "epoch": 5,
  "epoch_episode": 61,
  "actor_loss": -0.0004926384583912022,
  "value_loss": 6.391841661123982,
  "entropy_loss": -0.009330435928643029,
  "mean_reward": 0.12794494405428075,
  "topic_performance": {
    "ds": 0.382358693254558,
    "algo": 0.16791942041021035,
    "oops": 0.11104427951467893,
    "dbms": 0.0,
    "os": 0.0,
    "cn": 0.18397208958649813,
    "system_design": 0.0
  }
}