{
  "total_episodes": 1130,
  "epoch": 3,
  "epoch_episode": 130,
  "average_score": 0.22006281054767815,
  "time_efficiency": 2.0,
  "current_streak": 0,
  "difficulty_level": 4.0,
  "topic_performances": {
    "ds": 0.09645508754338764,
    "algo": 0.40735862489661434,
    "oops": 0.1661075109964378,
    "dbms": 0.0,
    "os": 0.2605168586205122,
    "cn": 0.0,
    "system_design": 0.0
  }
}