{
  "total_episodes": 1904,
  "epoch": 4,
  "epoch_episode": 404,
  "actor_loss": -0.004552213293048342,
  "value_loss": 10.104974659236134,
  "entropy_loss": -0.00851995956186612,
  "mean_reward": 0.15641681557079168,
  "topic_performance": {
    "ds": 0.1094973674424754,
    "algo": 0.12498966958724114,
    "oops": 0.16086971119880844,
    "dbms": 0.0,
    "os": 0.0,
    "cn": 0.0,
    "system_design": 0.0
  }
}