{
  "total_episodes": 1595,
  "epoch": 4,
  "epoch_episode": 95,
  "average_score": 0.27631105889882857,
  "time_efficiency": 2.0,
  "current_streak": 0,
  "difficulty_level": 4.0,
  "topic_performances": {
    "ds": 0.08132033695086406,
    "algo": 0.43587860077761,
    "oops": 0.1849627212501639,
    "dbms": 0.0,
    "os": 0.1547938529974794,
    "cn": 0.0,
    "system_design": 0.0
  }
}