{
  "total_episodes": 1136,
  "epoch": 3,
  "epoch_episode": 136,
  "actor_loss": 9.66962203921562e-07,
  "value_loss": 7.451696847085385,
  "entropy_loss": -0.010623463219245165,
  "mean_reward": 0.17398364214202222,
  "topic_performance": {
    "ds": 0.4427672528901294,
    "algo": 0.42762698402209914,
    "oops": 0.13572396316423854,
    "dbms": 0.0,
    "os": 0.16372735646153683,
    "cn": 0.0,
    "system_design": 0.0
  }
}