{
  "total_episodes": 1648,
  "epoch": 4,
  "epoch_episode": 148,
  "actor_loss": 0.0011614583117304164,
  "value_loss": 9.723509354293217,
  "entropy_loss": -0.008457202915217576,
  "mean_reward": 0.11310970984752128,
  "topic_performance": {
    "ds": 0.10886645105822562,
    "algo": 0.14266677834310457,
    "oops": 0.24150999792263658,
    "dbms": 0.0,
    "os": 0.0,
    "cn": 0.0,
    "system_design": 0.14290671890958562
  }
}