{
  "total_episodes": 650,
  "epoch": 2,
  "epoch_episode": 150,
  "actor_loss": 0.0002646853467197606,
  "value_loss": 7.742423955636293,
  "entropy_loss": -0.00799813425178634,
  "mean_reward": 0.2529004598286747,
  "topic_performance": {
    "ds": 0.15462447653852465,
    "algo": 0.17496247119948077,
    "oops": 0.21910334392610986,
    "dbms": 0.0,
    "os": 0.0,
    "cn": 0.1574686560578059,
    "system_design": 0.0
  }
}