{
  "total_episodes": 1853,
  "epoch": 4,
  "epoch_episode": 353,
  "actor_loss": 8.392717589180524e-05,
  "value_loss": 9.504791016515531,
  "entropy_loss": -0.008767610571542789,
  "mean_reward": 0.2097684170284711,
  "topic_performance": {
    "ds": 0.1684123814851311,
    "algo": 0.13967412246097138,
    "oops": 0.25326771744047377,
    "dbms": 0.0,
    "os": 0.0,
    "cn": 0.0,
    "system_design": 0.0
  }
}