{
  "total_episodes": 848,
  "epoch": 2,
  "epoch_episode": 348,
  "actor_loss": -0.00013515653238903858,
  "value_loss": 7.436516639342694,
  "entropy_loss": -0.0089545102072844,
  "mean_reward": 0.0769365247887469,
  "topic_performance": {
    "ds": 0.11241674013790023,
    "algo": 0.1083208457743983,
    "oops": 0.16504169466667873,
    "dbms": 0.16725379478955826,
    "os": 0.0,
    "cn": 0.0,
    "system_design": 0.0
  }
}