{
  "total_episodes": 1021,
  "epoch": 3,
  "epoch_episode": 21,
  "actor_loss": 0.00020834899894227045,
  "value_loss": 6.335699371672034,
  "entropy_loss": -0.00997964100501406,
  "mean_reward": 0.10506106540027296,
  "topic_performance": {
    "ds": 0.13125241660345136,
    "algo": 0.11558760548454868,
    "oops": 0.1091946631026255,
    "dbms": 0.25799938755583784,
    "os": 0.0,
    "cn": 0.0,
    "system_design": 0.0
  }
}