{
  "total_episodes": 1405,
  "epoch": 3,
  "epoch_episode": 405,
  "average_score": 0.11484980953579849,
  "time_efficiency": 2.0,
  "current_streak": 0,
  "difficulty_level": 4.0,
  "topic_performances": {
    "ds": 0.11910154390317816,
    "algo": 0.0678030875641829,
    "oops": 0.12202858145824436,
    "dbms": 0.0,
    "os": 0.0,
    "cn": 0.0,
    "system_design": 0.0
  }
}