{
  "total_episodes": 1831,
  "epoch": 4,
  "epoch_episode": 331,
  "actor_loss": 0.00023962683979492707,
  "value_loss": 7.0366802883846615,
  "entropy_loss": -0.008762774821650774,
  "mean_reward": 0.10909517339690948,
  "topic_performance": {
    "ds": 0.29083636636120375,
    "algo": 0.12278928413878279,
    "oops": 0.0,
    "dbms": 0.0,
    "os": 0.0,
    "cn": 0.0,
    "system_design": 0.0
  }
}