{
  "total_episodes": 590,
  "epoch": 2,
  "epoch_episode": 90,
  "average_score": 0.18564775638796593,
  "time_efficiency": 2.0,
  "current_streak": 0,
  "difficulty_level": 4.0,
  "topic_performances": {
    "ds": 0.11393999823071807,
    "algo": 0.22182192374149154,
    "oops": 0.25507898462680706,
    "dbms": 0.0,
    "os": 0.0,
    "cn": 0.22509383047869844,
    "system_design": 0.0
  }
}