{
  "total_episodes": 1348,
  "epoch": 3,
  "epoch_episode": 348,
  "actor_loss": -6.421766055851597e-05,
  "value_loss": 7.8150488092284345,
  "entropy_loss": -0.008865984215126774,
  "mean_reward": 0.6093561330081209,
  "topic_performance": {
    "ds": 0.0,
    "algo": 0.0,
    "oops": 0.6093561330081209,
    "dbms": 0.1591217032825235,
    "os": 0.0,
    "cn": 0.0,
    "system_design": 0.0
  }
}