{
  "total_episodes": 1786,
  "epoch": 4,
  "epoch_episode": 286,
  "actor_loss": -0.0002807741294859188,
  "value_loss": 8.728893371556785,
  "entropy_loss": -0.008009807144359294,
  "mean_reward": 0.13734796202992855,
  "topic_performance": {
    "ds": 0.26466930863849153,
    "algo": 0.13734796202992855,
    "oops": 0.5146374789093848,
    "dbms": 0.0,
    "os": 0.0,
    "cn": 0.27302643484051436,
    "system_design": 0.0
  }
}