{
  "total_episodes": 2119,
  "epoch": 5,
  "epoch_episode": 119,
  "actor_loss": -0.00022320251992837426,
  "value_loss": 10.89704965943693,
  "entropy_loss": -0.009342426642353635,
  "mean_reward": 0.1317873994770719,
  "topic_performance": {
    "ds": 0.0,
    "algo": 0.1919721735800099,
    "oops": 0.1317873994770719,
    "dbms": 0.16098122220336136,
    "os": 0.0,
    "cn": 0.0,
    "system_design": 0.0
  }
}