{
  "total_episodes": 1783,
  "epoch": 4,
  "epoch_episode": 283,
  "actor_loss": 0.002094795483264951,
  "value_loss": 9.371383770414827,
  "entropy_loss": -0.008041137635855969,
  "mean_reward": 0.11090940642111642,
  "topic_performance": {
    "ds": 0.11090940642111642,
    "algo": 0.13302345208611122,
    "oops": 0.0,
    "dbms": 0.0,
    "os": 0.0,
    "cn": 0.15339559367381858,
    "system_design": 0.0
  }
}