{
  "total_episodes": 1520,
  "epoch": 4,
  "epoch_episode": 20,
  "actor_loss": 1.7648431152303411e-06,
  "value_loss": 10.209676009755304,
  "entropy_loss": -0.00899764550123525,
  "mean_reward": 0.06791580372906902,
  "topic_performance": {
    "ds": 0.22840567017005312,
    "algo": 0.07020378834201839,
    "oops": 0.13845591667112994,
    "dbms": 0.0,
    "os": 0.0,
    "cn": 0.19579872257016814,
    "system_design": 0.0
  }
}