{
  "total_episodes": 1924,
  "epoch": 4,
  "epoch_episode": 424,
  "actor_loss": -0.00026715565190381407,
  "value_loss": 10.805317686628248,
  "entropy_loss": -0.008509648602797825,
  "mean_reward": 0.18167075150351525,
  "topic_performance": {
    "ds": 0.16271311691883394,
    "algo": 0.0,
    "oops": 0.0,
    "dbms": 0.0,
    "os": 0.0,
    "cn": 0.0,
    "system_design": 0.0
  }
}