{
  "total_episodes": 2300,
  "epoch": 5,
  "epoch_episode": 300,
  "average_score": 0.16924974499617063,
  "time_efficiency": 2.0,
  "current_streak": 0,
  "difficulty_level": 4.0,
  "topic_performances": {
    "ds": 0.19386237817140056,
    "algo": 0.15261323429832957,
    "oops": 0.19841295587256774,
    "dbms": 0.0,
    "os": 0.0,
    "cn": 0.14488061038212183,
    "system_design": 0.0
  }
}