{
  "total_episodes": 2436,
  "epoch": 5,
  "epoch_episode": 436,
  "actor_loss": -0.0010476054472312087,
  "value_loss": 6.350198490027549,
  "entropy_loss": -0.009006403902700418,
  "mean_reward": 0.12869397709125474,
  "topic_performance": {
    "ds": 0.12869397709125474,
    "algo": 0.4673697793999758,
    "oops": 0.0,
    "dbms": 0.0,
    "os": 0.0,
    "cn": 0.0,
    "system_design": 0.0
  }
}