{
  "total_episodes": 1380,
  "epoch": 3,
  "epoch_episode": 380,
  "average_score": 0.10253512536525203,
  "time_efficiency": 2.0,
  "current_streak": 0,
  "difficulty_level": 4.0,
  "topic_performances": {
    "ds": 0.10286113056732972,
    "algo": 0.09939331623408428,
    "oops": 0.0698735014395366,
    "dbms": 0.0,
    "os": 0.0,
    "cn": 0.15339559367381858,
    "system_design": 0.0
  }
}