{
  "total_episodes": 1290,
  "epoch": 3,
  "epoch_episode": 290,
  "actor_loss": -4.530781935943827e-05,
  "value_loss": 4.812676677778269,
  "entropy_loss": -0.009775330036818696,
  "mean_reward": 0.12845019168125665,
  "topic_performance": {
    "ds": 0.12394039352237776,
    "algo": 0.1359992799740711,
    "oops": 0.12845019168125665,
    "dbms": 0.0,
    "os": 0.0,
    "cn": 0.3542424228610749,
    "system_design": 0.0
  }
}