{
  "total_episodes": 935,
  "epoch": 2,
  "epoch_episode": 435,
  "actor_loss": -0.0006078596399534585,
  "value_loss": 11.144753210839852,
  "entropy_loss": -0.009771139507355895,
  "mean_reward": 0.1220073364574108,
  "topic_performance": {
    "ds": 0.1220073364574108,
    "algo": 0.4531249798950485,
    "oops": 0.46974984261409874,
    "dbms": 0.0,
    "os": 0.0,
    "cn": 0.0,
    "system_design": 0.1696574454654613
  }
}