{
  "total_episodes": 1840,
  "epoch": 4,
  "epoch_episode": 340,
  "actor_loss": -0.004944091304245739,
  "value_loss": 10.560580173299467,
  "entropy_loss": -0.008597206839759555,
  "mean_reward": 0.31345355587916846,
  "topic_performance": {
    "ds": 0.46739449428779944,
    "algo": 0.25890625992668165,
    "oops": 0.41580839205455045,
    "dbms": 0.0,
    "os": 0.0,
    "cn": 0.0,
    "system_design": 0.0
  }
}