{
  "total_episodes": 922,
  "epoch": 2,
  "epoch_episode": 422,
  "actor_loss": -0.00015879672503185742,
  "value_loss": 10.302537676410394,
  "entropy_loss": -0.009550706687718364,
  "mean_reward": 0.12353589195710385,
  "topic_performance": {
    "ds": 0.4588182985809296,
    "algo": 0.1381346480062624,
    "oops": 0.12353589195710385,
    "dbms": 0.0,
    "os": 0.18849819415417624,
    "cn": 0.0,
    "system_design": 0.0
  }
}