{
  "total_episodes": 205,
  "epoch": 1,
  "epoch_episode": 205,
  "actor_loss": -0.001539686154231468,
  "value_loss": 10.564990967689031,
  "entropy_loss": -0.010591701943231372,
  "mean_reward": 0.09827272797782441,
  "topic_performance": {
    "ds": 0.3265959661719541,
    "algo": 0.09337672665685574,
    "oops": 0.11985617467973449,
    "dbms": 0.0,
    "os": 0.0,
    "cn": 0.0,
    "system_design": 0.0
  }
}