{
  "total_episodes": 916,
  "epoch": 2,
  "epoch_episode": 416,
  "actor_loss": -0.0010889291644903365,
  "value_loss": 8.766071437318876,
  "entropy_loss": -0.009154714634232394,
  "mean_reward": 0.13601059321493808,
  "topic_performance": {
    "ds": 0.0,
    "algo": 0.13937925562003606,
    "oops": 0.0,
    "dbms": 0.0,
    "os": 0.0,
    "cn": 0.0,
    "system_design": 0.0
  }
}