{
  "total_episodes": 1111,
  "epoch": 3,
  "epoch_episode": 111,
  "actor_loss": 0.001098870032581114,
  "value_loss": 11.167982468843572,
  "entropy_loss": -0.010570943170329703,
  "mean_reward": 0.32102837800473705,
  "topic_performance": {
    "ds": 0.4273368111632338,
    "algo": 0.2888237898582856,
    "oops": 0.25704619934765394,
    "dbms": 0.0,
    "os": 0.0,
    "cn": 0.0,
    "system_design": 0.0
  }
}