{
  "total_episodes": 240,
  "epoch": 1,
  "epoch_episode": 240,
  "actor_loss": -0.002732517416942787,
  "value_loss": 7.33951635685568,
  "entropy_loss": -0.009217688522889437,
  "mean_reward": 0.3902388001263174,
  "topic_performance": {
    "ds": 0.18701390532613898,
    "algo": 0.12452163149346812,
    "oops": 0.3762542500114776,
    "dbms": 0.0,
    "os": 0.0,
    "cn": 0.0,
    "system_design": 0.15654540940936273
  }
}