{
  "total_episodes": 1268,
  "epoch": 3,
  "epoch_episode": 268,
  "actor_loss": 0.001048485634236376,
  "value_loss": 12.589392642783913,
  "entropy_loss": -0.009588241966493362,
  "mean_reward": 0.3264314804153065,
  "topic_performance": {
    "ds": 0.3264314804153065,
    "algo": 0.0,
    "oops": 0.0,
    "dbms": 0.0,
    "os": 0.0,
    "cn": 0.27302643484051436,
    "system_design": 0.0
  }
}