{
  "total_episodes": 2394,
  "epoch": 5,
  "epoch_episode": 394,
  "actor_loss": 0.0001259278800225312,
  "value_loss": 10.005822547532684,
  "entropy_loss": -0.01046477640145512,
  "mean_reward": 0.09352728472642423,
  "topic_performance": {
    "ds": 0.13192191794882172,
    "algo": 0.3053875913681562,
    "oops": 0.09352728472642423,
    "dbms": 0.0,
    "os": 0.15710128670159437,
    "cn": 0.0,
    "system_design": 0.0
  }
}