{
  "total_episodes": 800,
  "epoch": 2,
  "epoch_episode": 300,
  "average_score": 0.2609407061506562,
  "time_efficiency": 2.0,
  "current_streak": 0,
  "difficulty_level": 4.0,
  "topic_performances": {
    "ds": 0.336631761658711,
    "algo": 0.45060479477251064,
    "oops": 0.1724889914406864,
    "dbms": 0.0,
    "os": 0.0,
    "cn": 0.0,
    "system_design": 0.0
  }
}