{
  "total_episodes": 999,
  "epoch": 2,
  "epoch_episode": 499,
  "actor_loss": -0.0025482201062348143,
  "value_loss": 5.962359143944054,
  "entropy_loss": -0.009772879299590921,
  "mean_reward": 0.09850502232279675,
  "topic_performance": {
    "ds": 0.4459721625924437,
    "algo": 0.11451208272639565,
    "oops": 0.09850502232279675,
    "dbms": 0.0,
    "os": 0.1523829162458733,
    "cn": 0.0,
    "system_design": 0.0
  }
}