{
  "total_episodes": 2130,
  "epoch": 5,
  "epoch_episode": 130,
  "average_score": 0.22811680416922156,
  "time_efficiency": 2.0,
  "current_streak": 0,
  "difficulty_level": 4.0,
  "topic_performances": {
    "ds": 0.36083839618765406,
    "algo": 0.48866731993955903,
    "oops": 0.111930351222884,
    "dbms": 0.15033377707527446,
    "os": 0.0,
    "cn": 0.0,
    "system_design": 0.0
  }
}