{
  "total_episodes": 1015,
  "epoch": 3,
  "epoch_episode": 15,
  "actor_loss": -0.0017007457636518011,
  "value_loss": 10.49025499806439,
  "entropy_loss": -0.009948088066421019,
  "mean_reward": 0.22448957670801462,
  "topic_performance": {
    "ds": 0.12999630923728128,
    "algo": 0.22448957670801462,
    "oops": 0.4357367779781754,
    "dbms": 0.0,
    "os": 0.0,
    "cn": 0.0,
    "system_design": 0.16336125971407078
  }
}