{
  "total_episodes": 1620,
  "epoch": 4,
  "epoch_episode": 120,
  "average_score": 0.24043456844255387,
  "time_efficiency": 2.0,
  "current_streak": 0,
  "difficulty_level": 4.0,
  "topic_performances": {
    "ds": 0.1616351527001626,
    "algo": 0.2310767086446501,
    "oops": 0.34730756357865644,
    "dbms": 0.0,
    "os": 0.0,
    "cn": 0.0,
    "system_design": 0.0
  }
}