{
  "total_episodes": 743,
  "epoch": 2,
  "epoch_episode": 243,
  "actor_loss": -0.00036996189642665814,
  "value_loss": 6.449095027572274,
  "entropy_loss": -0.008464211050730322,
  "mean_reward": 0.5543714201216725,
  "topic_performance": {
    "ds": 0.4289707536418783,
    "algo": 0.15178495146478538,
    "oops": 0.0,
    "dbms": 0.0,
    "os": 0.0,
    "cn": 0.0,
    "system_design": 0.0
  }
}