{
  "total_episodes": 701,
  "epoch": 2,
  "epoch_episode": 201,
  "actor_loss": 0.002925785694081852,
  "value_loss": 8.526950694948349,
  "entropy_loss": -0.008042654358076568,
  "mean_reward": 0.1133863563142929,
  "topic_performance": {
    "ds": 0.1217053251562621,
    "algo": 0.3047584022489646,
    "oops": 0.11505530363348525,
    "dbms": 0.0,
    "os": 0.0,
    "cn": 0.0,
    "system_design": 0.0
  }
}