{
  "total_episodes": 1810,
  "epoch": 4,
  "epoch_episode": 310,
  "average_score": 0.15150490999832913,
  "time_efficiency": 2.0,
  "current_streak": 0,
  "difficulty_level": 4.0,
  "topic_performances": {
    "ds": 0.10909976947827035,
    "algo": 0.3053875913681562,
    "oops": 0.10083689157701639,
    "dbms": 0.0,
    "os": 0.15710128670159437,
    "cn": 0.0,
    "system_design": 0.0
  }
}