{
  "total_episodes": 317,
  "epoch": 1,
  "epoch_episode": 317,
  "actor_loss": -0.000799139642450087,
  "value_loss": 8.604091806298289,
  "entropy_loss": -0.007614675569895889,
  "mean_reward": 0.19471015212457213,
  "topic_performance": {
    "ds": 0.10339542165372576,
    "algo": 0.45848500398987957,
    "oops": 0.3172857665532368,
    "dbms": 0.0,
    "os": 0.0,
    "cn": 0.0,
    "system_design": 0.0
  }
}