{
  "total_episodes": 1677,
  "epoch": 4,
  "epoch_episode": 177,
  "actor_loss": 0.00437262074948585,
  "value_loss": 10.334359694549299,
  "entropy_loss": -0.008954387532647271,
  "mean_reward": 0.4450159025880295,
  "topic_performance": {
    "ds": 0.3900687659179077,
    "algo": 0.3662519461950309,
    "oops": 0.4771654834042154,
    "dbms": 0.0,
    "os": 0.0,
    "cn": 0.0,
    "system_design": 0.0
  }
}