{
  "total_episodes": 1661,
  "epoch": 4,
  "epoch_episode": 161,
  "actor_loss": 6.658548401873038e-05,
  "value_loss": 5.355098288021682,
  "entropy_loss": -0.009448921154209311,
  "mean_reward": 0.07514498776059823,
  "topic_performance": {
    "ds": 0.13886701101707924,
    "algo": 0.45693821305239474,
    "oops": 0.07514498776059823,
    "dbms": 0.14860431328022525,
    "os": 0.0,
    "cn": 0.0,
    "system_design": 0.0
  }
}