{
  "total_episodes": 2234,
  "epoch": 5,
  "epoch_episode": 234,
  "actor_loss": -0.00029750031004879796,
  "value_loss": 6.847030624388791,
  "entropy_loss": -0.009487500016645087,
  "mean_reward": 0.2987493837328694,
  "topic_performance": {
    "ds": 0.24094973014378887,
    "algo": 0.3171477373127528,
    "oops": 0.5501581101252703,
    "dbms": 0.0,
    "os": 0.0,
    "cn": 0.0,
    "system_design": 0.0
  }
}