{
  "total_episodes": 602,
  "epoch": 2,
  "epoch_episode": 102,
  "actor_loss": -0.0005745653024398781,
  "value_loss": 10.093596517757364,
  "entropy_loss": -0.007821825586466834,
  "mean_reward": 0.29098013272343165,
  "topic_performance": {
    "ds": 0.3079497055307282,
    "algo": 0.16421844768034416,
    "oops": 0.33248588176900795,
    "dbms": 0.3245508159228427,
    "os": 0.0,
    "cn": 0.0,
    "system_design": 0.0
  }
}