{
  "total_episodes": 260,
  "epoch": 1,
  "epoch_episode": 260,
  "actor_loss": -0.0002888052114555457,
  "value_loss": 7.877192973904703,
  "entropy_loss": -0.008600729825085845,
  "mean_reward": 0.1627727678060914,
  "topic_performance": {
    "ds": 0.0,
    "algo": 0.1627727678060914,
    "oops": 0.0,
    "dbms": 0.0,
    "os": 0.0,
    "cn": 0.0,
    "system_design": 0.2236399324307963
  }
}