{
  "total_episodes": 2496,
  "epoch": 5,
  "epoch_episode": 496,
  "actor_loss": 0.00030056610142391966,
  "value_loss": 7.6933981987082705,
  "entropy_loss": -0.009585185287938289,
  "mean_reward": 0.41648960520631506,
  "topic_performance": {
    "ds": 0.08521340073629419,
    "algo": 0.3650791044233553,
    "oops": 0.12267203695683812,
    "dbms": 0.0,
    "os": 0.0,
    "cn": 0.0,
    "system_design": 0.0
  }
}