{
  "total_episodes": 1920,
  "epoch": 4,
  "epoch_episode": 420,
  "average_score": 0.4567905254997499,
  "time_efficiency": 2.0,
  "current_streak": 0,
  "difficulty_level": 4.0,
  "topic_performances": {
    "ds": 0.5086402452702179,
    "algo": 0.48065300544675504,
    "oops": 0.408235587542927,
    "dbms": 0.14652218493975494,
    "os": 0.0,
    "cn": 0.0,
    "system_design": 0.0
  }
}