{
  "total_episodes": 2120,
  "epoch": 5,
  "epoch_episode": 120,
  "average_score": 0.21041003774493308,
  "time_efficiency": 2.0,
  "current_streak": 0,
  "difficulty_level": 4.0,
  "topic_performances": {
    "ds": 0.1350589330855393,
    "algo": 0.31968704672244297,
    "oops": 0.22987275524504494,
    "dbms": 0.0,
    "os": 0.0,
    "cn": 0.0,
    "system_design": 0.0
  }
}