{
  "total_episodes": 1600,
  "epoch": 4,
  "epoch_episode": 100,
  "average_score": 0.17038230526352668,
  "time_efficiency": 2.0,
  "current_streak": 0,
  "difficulty_level": 4.0,
  "topic_performances": {
    "ds": 0.2958858378520483,
    "algo": 0.10363998649978941,
    "oops": 0.11529332869615755,
    "dbms": 0.0,
    "os": 0.0,
    "cn": 0.15936559349128102,
    "system_design": 0.0
  }
}