{
  "total_episodes": 2470,
  "epoch": 5,
  "epoch_episode": 470,
  "average_score": 0.2579329841429267,
  "time_efficiency": 2.0,
  "current_streak": 0,
  "difficulty_level": 4.0,
  "topic_performances": {
    "ds": 0.29227117073726194,
    "algo": 0.11501952549178651,
    "oops": 0.3431811479195912,
    "dbms": 0.0,
    "os": 0.15066266373787285,
    "cn": 0.0,
    "system_design": 0.0
  }
}