{
  "total_episodes": 2106,
  "epoch": 5,
  "epoch_episode": 106,
  "actor_loss": 0.00030193609675430584,
  "value_loss": 6.539561561705959,
  "entropy_loss": -0.009519757291351438,
  "mean_reward": 0.0773020483370196,
  "topic_performance": {
    "ds": 0.13219780894358557,
    "algo": 0.11685880420294852,
    "oops": 0.3097436933279022,
    "dbms": 0.0,
    "os": 0.0,
    "cn": 0.0,
    "system_design": 0.0
  }
}