{
  "total_episodes": 360,
  "epoch": 1,
  "epoch_episode": 360,
  "average_score": 0.22815154936335805,
  "time_efficiency": 2.0,
  "current_streak": 0,
  "difficulty_level": 4.0,
  "topic_performances": {
    "ds": 0.31797912894077995,
    "algo": 0.10589570188920079,
    "oops": 0.2931716609012177,
    "dbms": 0.0,
    "os": 0.15518348647954752,
    "cn": 0.0,
    "system_design": 0.0
  }
}