{
  "total_episodes": 810,
  "epoch": 2,
  "epoch_episode": 310,
  "average_score": 0.20812958798815942,
  "time_efficiency": 2.0,
  "current_streak": 0,
  "difficulty_level": 4.0,
  "topic_performances": {
    "ds": 0.2569388369702894,
    "algo": 0.10989265905114622,
    "oops": 0.2532577742472442,
    "dbms": 0.0,
    "os": 0.2173470063525091,
    "cn": 0.0,
    "system_design": 0.0
  }
}