{
  "total_episodes": 1860,
  "epoch": 4,
  "epoch_episode": 360,
  "actor_loss": 0.00036733021203755323,
  "value_loss": 5.896246927125711,
  "entropy_loss": -0.008651904508689039,
  "mean_reward": 0.32147400330296605,
  "topic_performance": {
    "ds": 0.0,
    "algo": 0.16291609066539528,
    "oops": 0.32147400330296605,
    "dbms": 0.0,
    "os": 0.0,
    "cn": 0.0,
    "system_design": 0.0
  }
}