{
  "total_episodes": 372,
  "epoch": 1,
  "epoch_episode": 372,
  "actor_loss": 0.00024931955318876836,
  "value_loss": 10.356769769652965,
  "entropy_loss": -0.00724878729384783,
  "mean_reward": 0.15040020391024925,
  "topic_performance": {
    "ds": 0.0,
    "algo": 0.15040020391024925,
    "oops": 0.0,
    "dbms": 0.2266026494336027,
    "os": 0.0,
    "cn": 0.0,
    "system_design": 0.0
  }
}