{
  "total_episodes": 2455,
  "epoch": 5,
  "epoch_episode": 455,
  "actor_loss": 0.0010420430595793457,
  "value_loss": 8.452733375597091,
  "entropy_loss": -0.009352230777664495,
  "mean_reward": 0.4045864037624163,
  "topic_performance": {
    "ds": 0.13290434955949865,
    "algo": 0.4045864037624163,
    "oops": 0.25558838914094756,
    "dbms": 0.0,
    "os": 0.24659080789445068,
    "cn": 0.0,
    "system_design": 0.0
  }
}