{
  "total_episodes": 2333,
  "epoch": 5,
  "epoch_episode": 333,
  "actor_loss": 0.0010189617482478305,
  "value_loss": 9.202709459254248,
  "entropy_loss": -0.009661590400668482,
  "mean_reward": 0.19112964709635352,
  "topic_performance": {
    "ds": 0.12394039352237776,
    "algo": 0.15437606901483192,
    "oops": 0.12300804533469731,
    "dbms": 0.0,
    "os": 0.0,
    "cn": 0.3542424228610749,
    "system_design": 0.0
  }
}