{
  "total_episodes": 970,
  "epoch": 2,
  "epoch_episode": 470,
  "actor_loss": 0.00030362198995749,
  "value_loss": 6.42174958126712,
  "entropy_loss": -0.009872580458813883,
  "mean_reward": 0.1602735405076408,
  "topic_performance": {
    "ds": 0.19685544393661877,
    "algo": 0.1602735405076408,
    "oops": 0.10324254721510293,
    "dbms": 0.0,
    "os": 0.0,
    "cn": 0.0,
    "system_design": 0.0
  }
}