{
  "total_episodes": 2032,
  "epoch": 5,
  "epoch_episode": 32,
  "actor_loss": -0.00017465383501118897,
  "value_loss": 6.607681239583735,
  "entropy_loss": -0.009446497606242655,
  "mean_reward": 0.37014622103873807,
  "topic_performance": {
    "ds": 0.25412088034863484,
    "algo": 0.09278858165653825,
    "oops": 0.37014622103873807,
    "dbms": 0.0,
    "os": 0.0,
    "cn": 0.0,
    "system_design": 0.14237294126391703
  }
}