{
  "total_episodes": 1639,
  "epoch": 4,
  "epoch_episode": 139,
  "actor_loss": -0.0010635558257525725,
  "value_loss": 8.282373681519996,
  "entropy_loss": -0.008971830153261178,
  "mean_reward": 0.13012210712242595,
  "topic_performance": {
    "ds": 0.13012210712242595,
    "algo": 0.44653361269916986,
    "oops": 0.21538748821495735,
    "dbms": 0.0,
    "os": 0.2605168586205122,
    "cn": 0.0,
    "system_design": 0.0
  }
}