{
  "total_episodes": 1850,
  "epoch": 4,
  "epoch_episode": 350,
  "actor_loss": -0.0006418600865270893,
  "value_loss": 8.891985253819305,
  "entropy_loss": -0.008648012824551552,
  "mean_reward": 0.09979759033991686,
  "topic_performance": {
    "ds": 0.18931333117620266,
    "algo": 0.2950397027116232,
    "oops": 0.1119074715997125,
    "dbms": 0.0,
    "os": 0.0,
    "cn": 0.0,
    "system_design": 0.0
  }
}