{
  "total_episodes": 272,
  "epoch": 1,
  "epoch_episode": 272,
  "actor_loss": -0.0007984790912700017,
  "value_loss": 8.064057919174719,
  "entropy_loss": -0.008436032431470987,
  "mean_reward": 0.2588688250471874,
  "topic_performance": {
    "ds": 0.3269622085603331,
    "algo": 0.34451842039774555,
    "oops": 0.20420211064663746,
    "dbms": 0.14758186347507993,
    "os": 0.0,
    "cn": 0.0,
    "system_design": 0.0
  }
}