{
  "total_episodes": 1245,
  "epoch": 3,
  "epoch_episode": 245,
  "actor_loss": -0.0011655511908343556,
  "value_loss": 11.4334213387027,
  "entropy_loss": -0.01007998165989139,
  "mean_reward": 0.0790707024670449,
  "topic_performance": {
    "ds": 0.42363360885142554,
    "algo": 0.4576986033868003,
    "oops": 0.10654910014199,
    "dbms": 0.0,
    "os": 0.0,
    "cn": 0.0,
    "system_design": 0.0
  }
}