{
  "total_episodes": 1110,
  "epoch": 3,
  "epoch_episode": 110,
  "average_score": 0.15895064921916435,
  "time_efficiency": 2.0,
  "current_streak": 0,
  "difficulty_level": 4.0,
  "topic_performances": {
    "ds": 0.12051655963266783,
    "algo": 0.0,
    "oops": 0.19738473880566085,
    "dbms": 0.0,
    "os": 0.0,
    "cn": 0.0,
    "system_design": 0.0
  }
}