{
  "total_episodes": 301,
  "epoch": 1,
  "epoch_episode": 301,
  "actor_loss": -0.0010487487356953575,
  "value_loss": 8.865867377227383,
  "entropy_loss": -0.007909839694020135,
  "mean_reward": 0.24397505498767313,
  "topic_performance": {
    "ds": 0.0,
    "algo": 0.46280445439173395,
    "oops": 0.23543550770497995,
    "dbms": 0.0,
    "os": 0.1769979691172347,
    "cn": 0.0,
    "system_design": 0.0
  }
}