{
  "total_episodes": 1316,
  "epoch": 3,
  "epoch_episode": 316,
  "actor_loss": 5.1865053518962075e-05,
  "value_loss": 7.6665524956278785,
  "entropy_loss": -0.009585837230536045,
  "mean_reward": 0.14481094910977665,
  "topic_performance": {
    "ds": 0.14481094910977665,
    "algo": 0.0,
    "oops": 0.0,
    "dbms": 0.0,
    "os": 0.16803369739109789,
    "cn": 0.0,
    "system_design": 0.0
  }
}