{
  "total_episodes": 1296,
  "epoch": 3,
  "epoch_episode": 296,
  "actor_loss": -0.0004152931972508222,
  "value_loss": 13.831843448374098,
  "entropy_loss": -0.009500040305790734,
  "mean_reward": 0.11306532311269712,
  "topic_performance": {
    "ds": 0.08632947317249824,
    "algo": 0.33195396401021277,
    "oops": 0.20567458010221762,
    "dbms": 0.27373267680745583,
    "os": 0.0,
    "cn": 0.0,
    "system_design": 0.0
  }
}