{
  "total_episodes": 986,
  "epoch": 2,
  "epoch_episode": 486,
  "actor_loss": 0.0004940302276507152,
  "value_loss": 6.070231870678302,
  "entropy_loss": -0.01003608915303601,
  "mean_reward": 0.19085158562971494,
  "topic_performance": {
    "ds": 0.3081353919031336,
    "algo": 0.12063869324609504,
    "oops": 0.09075938686497242,
    "dbms": 0.1470775167483007,
    "os": 0.0,
    "cn": 0.0,
    "system_design": 0.0
  }
}