{
  "total_episodes": 1668,
  "epoch": 4,
  "epoch_episode": 168,
  "actor_loss": 0.00024036909382478335,
  "value_loss": 9.653631709035604,
  "entropy_loss": -0.008476293560474055,
  "mean_reward": 0.28777776900869684,
  "topic_performance": {
    "ds": 0.28777776900869684,
    "algo": 0.0,
    "oops": 0.0,
    "dbms": 0.0,
    "os": 0.15531747745353558,
    "cn": 0.0,
    "system_design": 0.0
  }
}