{
  "total_episodes": 647,
  "epoch": 2,
  "epoch_episode": 147,
  "actor_loss": 0.0007894162197314508,
  "value_loss": 7.533670087266961,
  "entropy_loss": -0.007997776573827919,
  "mean_reward": 0.19146669937045213,
  "topic_performance": {
    "ds": 0.19146669937045213,
    "algo": 0.14514560094294326,
    "oops": 0.16529246300895897,
    "dbms": 0.15417746509755845,
    "os": 0.0,
    "cn": 0.0,
    "system_design": 0.0
  }
}