{
  "total_episodes": 1616,
  "epoch": 4,
  "epoch_episode": 116,
  "actor_loss": -0.0007361422987174675,
  "value_loss": 6.822801699510111,
  "entropy_loss": -0.009037211894499063,
  "mean_reward": 0.2316226630692853,
  "topic_performance": {
    "ds": 0.1524274397756671,
    "algo": 0.3973129216641873,
    "oops": 0.12691005141687728,
    "dbms": 0.0,
    "os": 0.0,
    "cn": 0.0,
    "system_design": 0.1640582205687417
  }
}