{
  "total_episodes": 1776,
  "epoch": 4,
  "epoch_episode": 276,
  "actor_loss": 0.001684766283136439,
  "value_loss": 11.612845631334,
  "entropy_loss": -0.008354065592449387,
  "mean_reward": 0.3798081509488179,
  "topic_performance": {
    "ds": 0.4012366473027982,
    "algo": 0.25583044611570394,
    "oops": 0.34708382022049866,
    "dbms": 0.0,
    "os": 0.0,
    "cn": 0.0,
    "system_design": 0.0
  }
}