{
  "total_episodes": 1418,
  "epoch": 3,
  "epoch_episode": 418,
  "actor_loss": -0.000455935964131083,
  "value_loss": 10.407121475564447,
  "entropy_loss": -0.008712519883482267,
  "mean_reward": 0.21433292583287605,
  "topic_performance": {
    "ds": 0.20363470121785401,
    "algo": 0.1487182477624587,
    "oops": 0.0,
    "dbms": 0.0,
    "os": 0.0,
    "cn": 0.0,
    "system_design": 0.0
  }
}