{
  "total_episodes": 2167,
  "epoch": 5,
  "epoch_episode": 167,
  "actor_loss": -0.00017211716605661267,
  "value_loss": 7.972993475878761,
  "entropy_loss": -0.009618823730569515,
  "mean_reward": 0.2080237790505456,
  "topic_performance": {
    "ds": 0.2404851399820379,
    "algo": 0.2758418296796677,
    "oops": 0.0,
    "dbms": 0.0,
    "os": 0.0,
    "cn": 0.0,
    "system_design": 0.0
  }
}