{
  "total_episodes": 1796,
  "epoch": 4,
  "epoch_episode": 296,
  "actor_loss": -0.0008365590339070615,
  "value_loss": 7.652992070131529,
  "entropy_loss": -0.008197577359178605,
  "mean_reward": 0.20056134135361664,
  "topic_performance": {
    "ds": 0.0,
    "algo": 0.1747473197056187,
    "oops": 0.0,
    "dbms": 0.0,
    "os": 0.0,
    "cn": 0.0,
    "system_design": 0.0
  }
}