{
  "total_episodes": 340,
  "epoch": 1,
  "epoch_episode": 340,
  "actor_loss": 0.001414007989282339,
  "value_loss": 5.807094545226934,
  "entropy_loss": -0.007324345828670259,
  "mean_reward": 0.21712089431985226,
  "topic_performance": {
    "ds": 0.0,
    "algo": 0.0,
    "oops": 0.21712089431985226,
    "dbms": 0.0,
    "os": 0.0,
    "cn": 0.0,
    "system_design": 0.16709066971307313
  }
}