{
  "total_episodes": 1997,
  "epoch": 4,
  "epoch_episode": 497,
  "actor_loss": 7.569919478588039e-05,
  "value_loss": 9.590752486556081,
  "entropy_loss": -0.009070388786323417,
  "mean_reward": 0.27123325564967093,
  "topic_performance": {
    "ds": 0.10165548760560059,
    "algo": 0.22515500270975905,
    "oops": 0.38038839859453305,
    "dbms": 0.0,
    "os": 0.0,
    "cn": 0.16029864627619272,
    "system_design": 0.0
  }
}