{
  "total_episodes": 200,
  "epoch": 1,
  "epoch_episode": 200,
  "average_score": 0.18077364565516524,
  "time_efficiency": 2.0,
  "current_streak": 0,
  "difficulty_level": 4.0,
  "topic_performances": {
    "ds": 0.10495966272249886,
    "algo": 0.2689914216988899,
    "oops": 0.34904549688822206,
    "dbms": 0.0,
    "os": 0.0,
    "cn": 0.21089606474132516,
    "system_design": 0.0
  }
}