{
  "total_episodes": 23,
  "epoch": 1,
  "epoch_episode": 23,
  "actor_loss": 0.05727341245439973,
  "value_loss": 10.532612480234794,
  "entropy_loss": -0.017751543578486195,
  "mean_reward": 0.12328103161978374,
  "topic_performance": {
    "ds": 0.11927523240683127,
    "algo": 0.25730137735449543,
    "oops": 0.16004953443601652,
    "dbms": 0.0,
    "os": 0.0,
    "cn": 0.0,
    "system_design": 0.0
  }
}