{
  "total_episodes": 1008,
  "epoch": 3,
  "epoch_episode": 8,
  "actor_loss": -0.0015212912324066852,
  "value_loss": 4.995097317187033,
  "entropy_loss": -0.00981543417661661,
  "mean_reward": 0.3034750500176524,
  "topic_performance": {
    "ds": 0.11763861352143463,
    "algo": 0.12063556165584512,
    "oops": 0.3034750500176524,
    "dbms": 0.0,
    "os": 0.0,
    "cn": 0.0,
    "system_design": 0.0
  }
}