{
  "total_episodes": 151,
  "epoch": 1,
  "epoch_episode": 151,
  "actor_loss": 7.25200030236673e-05,
  "value_loss": 6.8451453324122635,
  "entropy_loss": -0.01180723519926913,
  "mean_reward": 0.12476603339625582,
  "topic_performance": {
    "ds": 0.0,
    "algo": 0.15922166057357176,
    "oops": 0.13312503331483969,
    "dbms": 0.0,
    "os": 0.0,
    "cn": 0.0,
    "system_design": 0.0
  }
}