{
  "total_episodes": 1585,
  "epoch": 4,
  "epoch_episode": 85,
  "average_score": 0.2895993825843766,
  "time_efficiency": 2.0,
  "current_streak": 0,
  "difficulty_level": 4.0,
  "topic_performances": {
    "ds": 0.4162141750376489,
    "algo": 0.18945986747775304,
    "oops": 0.3264315014643641,
    "dbms": 0.0,
    "os": 0.0,
    "cn": 0.0,
    "system_design": 0.0
  }
}