{
  "total_episodes": 256,
  "epoch": 1,
  "epoch_episode": 256,
  "actor_loss": -0.0023614669016955464,
  "value_loss": 8.04247641935825,
  "entropy_loss": -0.00858931750366171,
  "mean_reward": 0.07734486554458023,
  "topic_performance": {
    "ds": 0.2958858378520483,
    "algo": 0.10363998649978941,
    "oops": 0.11529332869615755,
    "dbms": 0.0,
    "os": 0.0,
    "cn": 0.15936559349128102,
    "system_design": 0.0
  }
}