{
  "total_episodes": 228,
  "epoch": 1,
  "epoch_episode": 228,
  "actor_loss": 0.0001925187516673782,
  "value_loss": 7.567640703602217,
  "entropy_loss": -0.009593236234677834,
  "mean_reward": 0.2448119868260435,
  "topic_performance": {
    "ds": 0.0,
    "algo": 0.0,
    "oops": 0.2448119868260435,
    "dbms": 0.0,
    "os": 0.14289273401258398,
    "cn": 0.0,
    "system_design": 0.0
  }
}