{
  "total_episodes": 1357,
  "epoch": 3,
  "epoch_episode": 357,
  "actor_loss": -0.00018306854929035673,
  "value_loss": 10.565257256139805,
  "entropy_loss": -0.009159128481361897,
  "mean_reward": 0.3425077124643996,
  "topic_performance": {
    "ds": 0.42612442429826614,
    "algo": 0.32409316846859554,
    "oops": 0.4078845893966651,
    "dbms": 0.0,
    "os": 0.0,
    "cn": 0.0,
    "system_design": 0.0
  }
}