{
  "total_episodes": 2285,
  "epoch": 5,
  "epoch_episode": 285,
  "actor_loss": 0.00015205866448302004,
  "value_loss": 8.034669630291079,
  "entropy_loss": -0.009326686151955794,
  "mean_reward": 0.07867496929761943,
  "topic_performance": {
    "ds": 0.10567059971136503,
    "algo": 0.10705852703557081,
    "oops": 0.4541243636910004,
    "dbms": 0.0,
    "os": 0.0,
    "cn": 0.16214700047265415,
    "system_design": 0.0
  }
}