{
  "total_episodes": 2320,
  "epoch": 5,
  "epoch_episode": 320,
  "actor_loss": 0.0009131165391441685,
  "value_loss": 10.058424728401738,
  "entropy_loss": -0.009671686453357406,
  "mean_reward": 0.3798081509488179,
  "topic_performance": {
    "ds": 0.4012366473027982,
    "algo": 0.25583044611570394,
    "oops": 0.34708382022049866,
    "dbms": 0.0,
    "os": 0.0,
    "cn": 0.0,
    "system_design": 0.0
  }
}