{
  "total_episodes": 2050,
  "epoch": 5,
  "epoch_episode": 50,
  "average_score": 0.10979748946259896,
  "time_efficiency": 2.0,
  "current_streak": 0,
  "difficulty_level": 4.0,
  "topic_performances": {
    "ds": 0.10483880256201468,
    "algo": 0.1614198624661473,
    "oops": 0.10309025483744225,
    "dbms": 0.0,
    "os": 0.0,
    "cn": 0.0,
    "system_design": 0.0
  }
}