{
  "total_episodes": 1626,
  "epoch": 4,
  "epoch_episode": 126,
  "actor_loss": -0.0012790130965830114,
  "value_loss": 8.788859774372527,
  "entropy_loss": -0.009052566910997404,
  "mean_reward": 0.5241094278510607,
  "topic_performance": {
    "ds": 0.40156465769782623,
    "algo": 0.5082585369151618,
    "oops": 0.5132643936608783,
    "dbms": 0.0,
    "os": 0.0,
    "cn": 0.0,
    "system_design": 0.0
  }
}