{
  "total_episodes": 762,
  "epoch": 2,
  "epoch_episode": 262,
  "actor_loss": -8.181628359542684e-05,
  "value_loss": 9.495877356756598,
  "entropy_loss": -0.008886236507471213,
  "mean_reward": 0.20263274342311602,
  "topic_performance": {
    "ds": 0.14841595700951943,
    "algo": 0.15944425674084553,
    "oops": 0.1943028683502058,
    "dbms": 0.0,
    "os": 0.0,
    "cn": 0.0,
    "system_design": 0.0
  }
}