{
  "total_episodes": 1700,
  "epoch": 4,
  "epoch_episode": 200,
  "actor_loss": -0.0003704130682430827,
  "value_loss": 8.7672225803623,
  "entropy_loss": -0.008592766209031849,
  "mean_reward": 0.1535628280718942,
  "topic_performance": {
    "ds": 0.15928337355197392,
    "algo": 0.0,
    "oops": 0.0,
    "dbms": 0.0,
    "os": 0.0,
    "cn": 0.0,
    "system_design": 0.0
  }
}