{
  "total_episodes": 1664,
  "epoch": 4,
  "epoch_episode": 164,
  "actor_loss": -0.0003130534124847883,
  "value_loss": 11.498846815260986,
  "entropy_loss": -0.009006419263600515,
  "mean_reward": 0.387010926940079,
  "topic_performance": {
    "ds": 0.1065003693768309,
    "algo": 0.2808555385248303,
    "oops": 0.2722294448852288,
    "dbms": 0.0,
    "os": 0.0,
    "cn": 0.0,
    "system_design": 0.18495119518328282
  }
}