{
  "total_episodes": 1498,
  "epoch": 3,
  "epoch_episode": 498,
  "actor_loss": -8.819233393996747e-05,
  "value_loss": 8.593946215867613,
  "entropy_loss": -0.009162519577451742,
  "mean_reward": 0.36308310865091015,
  "topic_performance": {
    "ds": 0.13101061139707487,
    "algo": 0.1558494415872661,
    "oops": 0.36308310865091015,
    "dbms": 0.0,
    "os": 0.26442820533187955,
    "cn": 0.0,
    "system_design": 0.0
  }
}