{
  "total_episodes": 420,
  "epoch": 1,
  "epoch_episode": 420,
  "actor_loss": -0.001780318554656117,
  "value_loss": 6.753595443456135,
  "entropy_loss": -0.007134512220375634,
  "mean_reward": 0.45076795043976325,
  "topic_performance": {
    "ds": 0.45076795043976325,
    "algo": 0.0,
    "oops": 0.0,
    "dbms": 0.0,
    "os": 0.0,
    "cn": 0.0,
    "system_design": 0.3439438508215016
  }
}