{
  "total_episodes": 2084,
  "epoch": 5,
  "epoch_episode": 84,
  "actor_loss": -5.8660099070933366e-05,
  "value_loss": 8.26392253677813,
  "entropy_loss": -0.009344149985638827,
  "mean_reward": 0.14270610328717603,
  "topic_performance": {
    "ds": 0.14270610328717603,
    "algo": 0.14553053227326831,
    "oops": 0.0,
    "dbms": 0.0,
    "os": 0.0,
    "cn": 0.0,
    "system_design": 0.0
  }
}