{
  "total_episodes": 263,
  "epoch": 1,
  "epoch_episode": 263,
  "actor_loss": -0.0021046576639069956,
  "value_loss": 8.930619828551334,
  "entropy_loss": -0.008604335573538204,
  "mean_reward": 0.5083517877523683,
  "topic_performance": {
    "ds": 0.13561971751497937,
    "algo": 0.11624247839025453,
    "oops": 0.5083517877523683,
    "dbms": 0.1503577790116694,
    "os": 0.0,
    "cn": 0.0,
    "system_design": 0.0
  }
}