{
  "total_episodes": 759,
  "epoch": 2,
  "epoch_episode": 259,
  "actor_loss": -0.00113338146917253,
  "value_loss": 8.34190398260387,
  "entropy_loss": -0.008772900984982738,
  "mean_reward": 0.11976293235523944,
  "topic_performance": {
    "ds": 0.11883637981187316,
    "algo": 0.1423579228440936,
    "oops": 0.0,
    "dbms": 0.0,
    "os": 0.0,
    "cn": 0.15520285379029014,
    "system_design": 0.0
  }
}