{
  "total_episodes": 1101,
  "epoch": 3,
  "epoch_episode": 101,
  "actor_loss": -1.2709792113697188e-05,
  "value_loss": 9.977306636871635,
  "entropy_loss": -0.010492390786723491,
  "mean_reward": 0.10444975613718152,
  "topic_performance": {
    "ds": 0.20532970341277726,
    "algo": 0.24759319291708526,
    "oops": 0.2652242237226862,
    "dbms": 0.0,
    "os": 0.0,
    "cn": 0.0,
    "system_design": 0.0
  }
}