{
  "total_episodes": 474,
  "epoch": 1,
  "epoch_episode": 474,
  "actor_loss": 0.00037125988772213867,
  "value_loss": 7.493292144929493,
  "entropy_loss": -0.007238023070757486,
  "mean_reward": 0.08322936360435078,
  "topic_performance": {
    "ds": 0.14842716093419991,
    "algo": 0.08322936360435078,
    "oops": 0.20710237670231227,
    "dbms": 0.0,
    "os": 0.0,
    "cn": 0.0,
    "system_design": 0.0
  }
}