{
  "total_episodes": 1952,
  "epoch": 4,
  "epoch_episode": 452,
  "actor_loss": 0.002216724797631921,
  "value_loss": 8.76312394426335,
  "entropy_loss": -0.00845748876408918,
  "mean_reward": 0.2465177281470739,
  "topic_performance": {
    "ds": 0.2617245085940059,
    "algo": 0.14388412946821755,
    "oops": 0.19536143419475988,
    "dbms": 0.0,
    "os": 0.0,
    "cn": 0.0,
    "system_design": 0.0
  }
}