{
  "total_episodes": 1370,
  "epoch": 3,
  "epoch_episode": 370,
  "actor_loss": 0.0002022855697770151,
  "value_loss": 13.700260913062817,
  "entropy_loss": -0.009291501411292376,
  "mean_reward": 0.12615111656378825,
  "topic_performance": {
    "ds": 0.1691871327528096,
    "algo": 0.34519158884945983,
    "oops": 0.13532008085266042,
    "dbms": 0.0,
    "os": 0.0,
    "cn": 0.0,
    "system_design": 0.0
  }
}