{
  "total_episodes": 836,
  "epoch": 2,
  "epoch_episode": 336,
  "actor_loss": -0.0032518741942006877,
  "value_loss": 10.29349443860534,
  "entropy_loss": -0.009238479440014446,
  "mean_reward": 0.1627727678060914,
  "topic_performance": {
    "ds": 0.0,
    "algo": 0.1627727678060914,
    "oops": 0.0,
    "dbms": 0.0,
    "os": 0.0,
    "cn": 0.0,
    "system_design": 0.2236399324307963
  }
}