{
  "total_episodes": 1825,
  "epoch": 4,
  "epoch_episode": 325,
  "average_score": 0.19403288571966712,
  "time_efficiency": 2.0,
  "current_streak": 0,
  "difficulty_level": 4.0,
  "topic_performances": {
    "ds": 0.3931362108665658,
    "algo": 0.2710890524052832,
    "oops": 0.11456696315835035,
    "dbms": 0.16109067332250393,
    "os": 0.0,
    "cn": 0.0,
    "system_design": 0.0
  }
}