{
  "total_episodes": 109,
  "epoch": 1,
  "epoch_episode": 109,
  "actor_loss": -0.0032275421575903617,
  "value_loss": 15.241706720921723,
  "entropy_loss": -0.013603916313121692,
  "mean_reward": 0.3702688895659698,
  "topic_performance": {
    "ds": 0.4289707536418783,
    "algo": 0.15178495146478538,
    "oops": 0.3363730729557728,
    "dbms": 0.0,
    "os": 0.0,
    "cn": 0.0,
    "system_design": 0.0
  }
}