{
  "total_episodes": 352,
  "epoch": 1,
  "epoch_episode": 352,
  "actor_loss": -0.0007028645560786716,
  "value_loss": 9.072537396735276,
  "entropy_loss": -0.007344487985313767,
  "mean_reward": 0.049656580421969826,
  "topic_performance": {
    "ds": 0.3810336049620123,
    "algo": 0.15868780948021302,
    "oops": 0.11404819686212449,
    "dbms": 0.0,
    "os": 0.0,
    "cn": 0.0,
    "system_design": 0.0
  }
}