{
  "total_episodes": 65,
  "epoch": 1,
  "epoch_episode": 65,
  "average_score": 0.23948579059692737,
  "time_efficiency": 2.0,
  "current_streak": 0,
  "difficulty_level": 4.0,
  "topic_performances": {
    "ds": 0.10205773517688659,
    "algo": 0.0,
    "oops": 0.42138383050059947,
    "dbms": 0.0,
    "os": 0.0,
    "cn": 0.12844893518142753,
    "system_design": 0.17264270807790252
  }
}