{
  "total_episodes": 1440,
  "epoch": 3,
  "epoch_episode": 440,
  "actor_loss": -0.0004727672518780295,
  "value_loss": 13.125294153661311,
  "entropy_loss": -0.008318759352708273,
  "mean_reward": 0.5132851183778316,
  "topic_performance": {
    "ds": 0.1555512452378297,
    "algo": 0.4503004586690513,
    "oops": 0.13494787416620385,
    "dbms": 0.14154283363922437,
    "os": 0.0,
    "cn": 0.0,
    "system_design": 0.0
  }
}