{
  "total_episodes": 560,
  "epoch": 2,
  "epoch_episode": 60,
  "actor_loss": 0.0019551504971712435,
  "value_loss": 7.414129855727343,
  "entropy_loss": -0.007854583088269198,
  "mean_reward": 0.3034750500176524,
  "topic_performance": {
    "ds": 0.11763861352143463,
    "algo": 0.12063556165584512,
    "oops": 0.3034750500176524,
    "dbms": 0.0,
    "os": 0.0,
    "cn": 0.0,
    "system_design": 0.0
  }
}