{
  "total_episodes": 442,
  "epoch": 1,
  "epoch_episode": 442,
  "actor_loss": 0.0005020277447534457,
  "value_loss": 7.519504598892022,
  "entropy_loss": -0.007268781561360361,
  "mean_reward": 0.08655138316615565,
  "topic_performance": {
    "ds": 0.416430512461597,
    "algo": 0.08655138316615565,
    "oops": 0.15349578702576974,
    "dbms": 0.0,
    "os": 0.0,
    "cn": 0.0,
    "system_design": 0.1596395135307309
  }
}