{
  "total_episodes": 1751,
  "epoch": 4,
  "epoch_episode": 251,
  "actor_loss": -0.0003646786397255491,
  "value_loss": 7.608019928098807,
  "entropy_loss": -0.00883634383015691,
  "mean_reward": 0.10550498387459112,
  "topic_performance": {
    "ds": 0.10550498387459112,
    "algo": 0.12683939852700332,
    "oops": 0.38116818682001186,
    "dbms": 0.0,
    "os": 0.0,
    "cn": 0.1665715259187689,
    "system_design": 0.0
  }
}