{
  "total_episodes": 471,
  "epoch": 1,
  "epoch_episode": 471,
  "actor_loss": 0.002742252551416322,
  "value_loss": 9.513307822139595,
  "entropy_loss": -0.007135714421466115,
  "mean_reward": 0.2706738379041373,
  "topic_performance": {
    "ds": 0.38598990260775184,
    "algo": 0.0,
    "oops": 0.26013252254414454,
    "dbms": 0.0,
    "os": 0.0,
    "cn": 0.0,
    "system_design": 0.1996595804846843
  }
}