{
  "total_episodes": 688,
  "epoch": 2,
  "epoch_episode": 188,
  "actor_loss": -0.005244200725567163,
  "value_loss": 15.392288859137556,
  "entropy_loss": -0.007959443026137597,
  "mean_reward": 0.3357227732064473,
  "topic_performance": {
    "ds": 0.408162851626789,
    "algo": 0.29585966452915924,
    "oops": 0.0886326323528474,
    "dbms": 0.0,
    "os": 0.0,
    "cn": 0.0,
    "system_design": 0.0
  }
}