{
  "total_episodes": 500,
  "epoch": 1,
  "epoch_episode": 500,
  "actor_loss": -0.0014021789718662498,
  "value_loss": 9.881974558620598,
  "entropy_loss": -0.0074625925826071,
  "mean_reward": 0.3867976938532288,
  "topic_performance": {
    "ds": 0.0,
    "algo": 0.3867976938532288,
    "oops": 0.0,
    "dbms": 0.14136142240877553,
    "os": 0.0,
    "cn": 0.0,
    "system_design": 0.0
  }
}