{
  "total_episodes": 2336,
  "epoch": 5,
  "epoch_episode": 336,
  "actor_loss": 0.00012404090324576975,
  "value_loss": 15.874246621578056,
  "entropy_loss": -0.009754973807765842,
  "mean_reward": 0.15341470790767142,
  "topic_performance": {
    "ds": 0.13907290593033594,
    "algo": 0.09663688679048961,
    "oops": 0.23379871672487762,
    "dbms": 0.0,
    "os": 0.0,
    "cn": 0.0,
    "system_design": 0.0
  }
}