{
  "total_episodes": 1124,
  "epoch": 3,
  "epoch_episode": 124,
  "actor_loss": 0.0005853468920657339,
  "value_loss": 7.341695282473428,
  "entropy_loss": -0.010629755038242376,
  "mean_reward": 0.43547039055603387,
  "topic_performance": {
    "ds": 0.0,
    "algo": 0.387862616344713,
    "oops": 0.0,
    "dbms": 0.0,
    "os": 0.0,
    "cn": 0.0,
    "system_design": 0.0
  }
}