{
  "total_episodes": 736,
  "epoch": 2,
  "epoch_episode": 236,
  "actor_loss": -0.00022204371879971132,
  "value_loss": 8.89395244311759,
  "entropy_loss": -0.008404026734796325,
  "mean_reward": 0.43288249120471856,
  "topic_performance": {
    "ds": 0.3512811051107529,
    "algo": 0.10305138671182583,
    "oops": 0.3094825351146053,
    "dbms": 0.0,
    "os": 0.0,
    "cn": 0.0,
    "system_design": 0.0
  }
}