{
  "total_episodes": 554,
  "epoch": 2,
  "epoch_episode": 54,
  "actor_loss": -0.0002463464434674559,
  "value_loss": 8.23376434589412,
  "entropy_loss": -0.008088276483068136,
  "mean_reward": 0.12908104883978375,
  "topic_performance": {
    "ds": 0.0,
    "algo": 0.14006076371193757,
    "oops": 0.1252173425940292,
    "dbms": 0.0,
    "os": 0.0,
    "cn": 0.0,
    "system_design": 0.0
  }
}