{
  "total_episodes": 1130,
  "epoch": 3,
  "epoch_episode": 130,
  "actor_loss": 0.0003421805406519679,
  "value_loss": 9.037777428894483,
  "entropy_loss": -0.010827433098597114,
  "mean_reward": 0.11682753377791825,
  "topic_performance": {
    "ds": 0.12271180213692123,
    "algo": 0.44653361269916986,
    "oops": 0.1661075109964378,
    "dbms": 0.0,
    "os": 0.2605168586205122,
    "cn": 0.0,
    "system_design": 0.0
  }
}