{
  "total_episodes": 620,
  "epoch": 2,
  "epoch_episode": 120,
  "average_score": 0.26155418332823094,
  "time_efficiency": 2.0,
  "current_streak": 0,
  "difficulty_level": 4.0,
  "topic_performances": {
    "ds": 0.3536146860528885,
    "algo": 0.11272676854032887,
    "oops": 0.3503898659529475,
    "dbms": 0.0,
    "os": 0.0,
    "cn": 0.0,
    "system_design": 0.1621230515438734
  }
}