{
  "total_episodes": 320,
  "epoch": 1,
  "epoch_episode": 320,
  "average_score": 0.2599676162530672,
  "time_efficiency": 2.0,
  "current_streak": 0,
  "difficulty_level": 4.0,
  "topic_performances": {
    "ds": 0.19023612199148554,
    "algo": 0.07711525591107846,
    "oops": 0.397571630162893,
    "dbms": 0.0,
    "os": 0.0,
    "cn": 0.0,
    "system_design": 0.0
  }
}