{
  "total_episodes": 1338,
  "epoch": 3,
  "epoch_episode": 338,
  "actor_loss": 4.0654256270555857e-05,
  "value_loss": 7.116617942984133,
  "entropy_loss": -0.009306340534545774,
  "mean_reward": 0.09352728472642423,
  "topic_performance": {
    "ds": 0.13192191794882172,
    "algo": 0.3053875913681562,
    "oops": 0.09352728472642423,
    "dbms": 0.0,
    "os": 0.15710128670159437,
    "cn": 0.0,
    "system_design": 0.0
  }
}