{
  "total_episodes": 1402,
  "epoch": 3,
  "epoch_episode": 402,
  "actor_loss": -4.4155166921966416e-05,
  "value_loss": 7.481034290686367,
  "entropy_loss": -0.008676905736311101,
  "mean_reward": 0.09345675461417084,
  "topic_performance": {
    "ds": 0.11896062671751675,
    "algo": 0.12851038950414367,
    "oops": 0.24990601554425784,
    "dbms": 0.0,
    "os": 0.0,
    "cn": 0.4888322629370088,
    "system_design": 0.0
  }
}