{
  "total_episodes": 2260,
  "epoch": 5,
  "epoch_episode": 260,
  "actor_loss": -0.0003528081072744389,
  "value_loss": 10.362575297938822,
  "entropy_loss": -0.009393191782952861,
  "mean_reward": 0.1555512452378297,
  "topic_performance": {
    "ds": 0.1555512452378297,
    "algo": 0.0,
    "oops": 0.0,
    "dbms": 0.14154283363922437,
    "os": 0.0,
    "cn": 0.0,
    "system_design": 0.0
  }
}