{
  "total_episodes": 1450,
  "epoch": 3,
  "epoch_episode": 450,
  "actor_loss": 0.0004896389067041405,
  "value_loss": 5.844251857649838,
  "entropy_loss": -0.008293044216796665,
  "mean_reward": 0.38515313523444883,
  "topic_performance": {
    "ds": 0.39399705010226743,
    "algo": 0.1042801278831905,
    "oops": 0.43623661349047643,
    "dbms": 0.0,
    "os": 0.1443862480644874,
    "cn": 0.0,
    "system_design": 0.0
  }
}