{
  "total_episodes": 2210,
  "epoch": 5,
  "epoch_episode": 210,
  "average_score": 0.13872971844249696,
  "time_efficiency": 2.0,
  "current_streak": 0,
  "difficulty_level": 4.0,
  "topic_performances": {
    "ds": 0.09947398364772589,
    "algo": 0.09127181594514001,
    "oops": 0.20171440448594644,
    "dbms": 0.0,
    "os": 0.0,
    "cn": 0.0,
    "system_design": 0.0
  }
}