{
  "total_episodes": 320,
  "epoch": 1,
  "epoch_episode": 320,
  "actor_loss": 0.0013058917485600885,
  "value_loss": 9.922567817830156,
  "entropy_loss": -0.007500751846578155,
  "mean_reward": 0.329306676299863,
  "topic_performance": {
    "ds": 0.19023612199148554,
    "algo": 0.07711525591107846,
    "oops": 0.397571630162893,
    "dbms": 0.0,
    "os": 0.0,
    "cn": 0.0,
    "system_design": 0.0
  }
}