{
  "total_episodes": 2122,
  "epoch": 5,
  "epoch_episode": 122,
  "actor_loss": -0.0011123011259180932,
  "value_loss": 7.483676707844016,
  "entropy_loss": -0.009520082178726156,
  "mean_reward": 0.25659076272840553,
  "topic_performance": {
    "ds": 0.1316644263549585,
    "algo": 0.14583908444992189,
    "oops": 0.25116450272659613,
    "dbms": 0.0,
    "os": 0.0,
    "cn": 0.0,
    "system_design": 0.14489479316740142
  }
}