{
  "total_episodes": 2160,
  "epoch": 5,
  "epoch_episode": 160,
  "actor_loss": 0.0009129753450905373,
  "value_loss": 10.232514402534566,
  "entropy_loss": -0.009256854854460088,
  "mean_reward": 0.39280256843503336,
  "topic_performance": {
    "ds": 0.4964169306345461,
    "algo": 0.2321280242567229,
    "oops": 0.10259210977508536,
    "dbms": 0.0,
    "os": 0.14418505261548112,
    "cn": 0.0,
    "system_design": 0.0
  }
}