{
  "total_episodes": 1412,
  "epoch": 3,
  "epoch_episode": 412,
  "actor_loss": -0.0006735555091560271,
  "value_loss": 13.58940257195523,
  "entropy_loss": -0.008431216991174734,
  "mean_reward": 0.157193913935701,
  "topic_performance": {
    "ds": 0.0,
    "algo": 0.0,
    "oops": 0.157193913935701,
    "dbms": 0.0,
    "os": 0.16298642269549818,
    "cn": 0.0,
    "system_design": 0.0
  }
}