{
  "total_episodes": 944,
  "epoch": 2,
  "epoch_episode": 444,
  "actor_loss": -5.4212045864036536e-05,
  "value_loss": 8.386741385029618,
  "entropy_loss": -0.009629578303445557,
  "mean_reward": 0.08595866855855927,
  "topic_performance": {
    "ds": 0.12262266935949623,
    "algo": 0.1427211724184985,
    "oops": 0.3834557155768196,
    "dbms": 0.0,
    "os": 0.0,
    "cn": 0.0,
    "system_design": 0.0
  }
}