{
  "total_episodes": 1535,
  "epoch": 4,
  "epoch_episode": 35,
  "average_score": 0.24200090007306452,
  "time_efficiency": 2.0,
  "current_streak": 0,
  "difficulty_level": 4.0,
  "topic_performances": {
    "ds": 0.3502030790987839,
    "algo": 0.08816094063138047,
    "oops": 0.25217772264174804,
    "dbms": 0.0,
    "os": 0.0,
    "cn": 0.0,
    "system_design": 0.28239234806157626
  }
}