{
  "total_episodes": 1162,
  "epoch": 3,
  "epoch_episode": 162,
  "actor_loss": 8.274554110002212e-05,
  "value_loss": 6.878124658030241,
  "entropy_loss": -0.01096214385380699,
  "mean_reward": 0.13361529343381148,
  "topic_performance": {
    "ds": 0.15599693914118176,
    "algo": 0.0,
    "oops": 0.3575043613479253,
    "dbms": 0.0,
    "os": 0.0,
    "cn": 0.0,
    "system_design": 0.0
  }
}