{
  "total_episodes": 2381,
  "epoch": 5,
  "epoch_episode": 381,
  "actor_loss": -0.0005676943725982465,
  "value_loss": 9.710669207697205,
  "entropy_loss": -0.010695401294768214,
  "mean_reward": 0.047187506988531,
  "topic_performance": {
    "ds": 0.09667256959495207,
    "algo": 0.34104688492137947,
    "oops": 0.2519068526551626,
    "dbms": 0.0,
    "os": 0.0,
    "cn": 0.0,
    "system_design": 0.0
  }
}