{
  "total_episodes": 2255,
  "epoch": 5,
  "epoch_episode": 255,
  "average_score": 0.1908214461969658,
  "time_efficiency": 2.0,
  "current_streak": 0,
  "difficulty_level": 4.0,
  "topic_performances": {
    "ds": 0.16453827622036712,
    "algo": 0.3133120254768653,
    "oops": 0.1471803768468623,
    "dbms": 0.0,
    "os": 0.0,
    "cn": 0.0,
    "system_design": 0.0
  }
}