{
  "total_episodes": 2275,
  "epoch": 5,
  "epoch_episode": 275,
  "average_score": 0.3016451136456764,
  "time_efficiency": 2.0,
  "current_streak": 0,
  "difficulty_level": 4.0,
  "topic_performances": {
    "ds": 0.4490869623868492,
    "algo": 0.10139473701019847,
    "oops": 0.2883996117566059,
    "dbms": 0.0,
    "os": 0.0,
    "cn": 0.1521149776191531,
    "system_design": 0.0
  }
}