{
  "total_episodes": 1012,
  "epoch": 3,
  "epoch_episode": 12,
  "actor_loss": 0.0018191428482716375,
  "value_loss": 11.411488841044548,
  "entropy_loss": -0.009935438640961943,
  "mean_reward": 0.38131761431090394,
  "topic_performance": {
    "ds": 0.38131761431090394,
    "algo": 0.0,
    "oops": 0.0,
    "dbms": 0.0,
    "os": 0.14435999908893649,
    "cn": 0.0,
    "system_design": 0.0
  }
}