{
  "total_episodes": 605,
  "epoch": 2,
  "epoch_episode": 105,
  "average_score": 0.37773151938330773,
  "time_efficiency": 2.0,
  "current_streak": 0,
  "difficulty_level": 4.0,
  "topic_performances": {
    "ds": 0.24999766646868526,
    "algo": 0.0,
    "oops": 0.4904835668085547,
    "dbms": 0.0,
    "os": 0.0,
    "cn": 0.0,
    "system_design": 0.3249066939155627
  }
}