{
  "total_episodes": 2448,
  "epoch": 5,
  "epoch_episode": 448,
  "actor_loss": 0.00033687519060898415,
  "value_loss": 9.170726574375498,
  "entropy_loss": -0.009320636559037483,
  "mean_reward": 0.1908348478613961,
  "topic_performance": {
    "ds": 0.060150299976447774,
    "algo": 0.19543057269219138,
    "oops": 0.29187593383114907,
    "dbms": 0.0,
    "os": 0.38334338619545927,
    "cn": 0.0,
    "system_design": 0.0
  }
}