{
  "total_episodes": 1917,
  "epoch": 4,
  "epoch_episode": 417,
  "actor_loss": 0.0012305103164502492,
  "value_loss": 6.697710082925356,
  "entropy_loss": -0.008635149270655838,
  "mean_reward": 0.2605444217050934,
  "topic_performance": {
    "ds": 0.21678876634330274,
    "algo": 0.1487182477624587,
    "oops": 0.0,
    "dbms": 0.0,
    "os": 0.0,
    "cn": 0.0,
    "system_design": 0.0
  }
}