{
  "total_episodes": 1572,
  "epoch": 4,
  "epoch_episode": 72,
  "actor_loss": 0.0011401721721508707,
  "value_loss": 6.096262351371292,
  "entropy_loss": -0.009452006346762071,
  "mean_reward": 0.4510371420175694,
  "topic_performance": {
    "ds": 0.0,
    "algo": 0.4510371420175694,
    "oops": 0.16742240762556665,
    "dbms": 0.0,
    "os": 0.0,
    "cn": 0.0,
    "system_design": 0.0
  }
}