{
  "total_episodes": 1959,
  "epoch": 4,
  "epoch_episode": 459,
  "actor_loss": 0.002459122330329198,
  "value_loss": 10.0721579918764,
  "entropy_loss": -0.00864303739522764,
  "mean_reward": 0.10279377535926448,
  "topic_performance": {
    "ds": 0.4105284459931273,
    "algo": 0.10279377535926448,
    "oops": 0.0,
    "dbms": 0.0,
    "os": 0.0,
    "cn": 0.0,
    "system_design": 0.13850927237105878
  }
}