{
  "total_episodes": 973,
  "epoch": 2,
  "epoch_episode": 473,
  "actor_loss": 0.0001781348918774961,
  "value_loss": 8.859138073439814,
  "entropy_loss": -0.009861117162658205,
  "mean_reward": 0.2605444217050934,
  "topic_performance": {
    "ds": 0.21678876634330274,
    "algo": 0.1487182477624587,
    "oops": 0.0,
    "dbms": 0.0,
    "os": 0.0,
    "cn": 0.0,
    "system_design": 0.0
  }
}