{
  "total_episodes": 1210,
  "epoch": 3,
  "epoch_episode": 210,
  "actor_loss": -7.692388214838899e-05,
  "value_loss": 8.123409989141459,
  "entropy_loss": -0.010352467094407711,
  "mean_reward": 0.18923007993651356,
  "topic_performance": {
    "ds": 0.3797820758216088,
    "algo": 0.09920656020965006,
    "oops": 0.15666721011068538,
    "dbms": 0.0,
    "os": 0.0,
    "cn": 0.0,
    "system_design": 0.0
  }
}