{
  "total_episodes": 1988,
  "epoch": 4,
  "epoch_episode": 488,
  "actor_loss": -0.0031738465638926406,
  "value_loss": 9.082768029820443,
  "entropy_loss": -0.00886491790636719,
  "mean_reward": 0.49017178338988954,
  "topic_performance": {
    "ds": 0.49017178338988954,
    "algo": 0.0,
    "oops": 0.0,
    "dbms": 0.0,
    "os": 0.0,
    "cn": 0.0,
    "system_design": 0.24924780627233967
  }
}