{
  "total_episodes": 2125,
  "epoch": 5,
  "epoch_episode": 125,
  "actor_loss": 0.0005584584795732698,
  "value_loss": 13.633385797207321,
  "entropy_loss": -0.00943975600364033,
  "mean_reward": 0.10353085254616713,
  "topic_performance": {
    "ds": 0.3737004428246196,
    "algo": 0.11272676854032887,
    "oops": 0.3525396214194311,
    "dbms": 0.0,
    "os": 0.0,
    "cn": 0.0,
    "system_design": 0.1621230515438734
  }
}