{
  "total_episodes": 1205,
  "epoch": 3,
  "epoch_episode": 205,
  "average_score": 0.12048469411616596,
  "time_efficiency": 2.0,
  "current_streak": 0,
  "difficulty_level": 4.0,
  "topic_performances": {
    "ds": 0.10506527473580288,
    "algo": 0.10172881828276321,
    "oops": 0.19217174099673717,
    "dbms": 0.0,
    "os": 0.0,
    "cn": 0.0,
    "system_design": 0.0
  }
}