{
  "total_episodes": 752,
  "epoch": 2,
  "epoch_episode": 252,
  "actor_loss": -0.0012863394118223695,
  "value_loss": 7.226444241737495,
  "entropy_loss": -0.008545373551858545,
  "mean_reward": 0.08443406845456779,
  "topic_performance": {
    "ds": 0.18188391381910296,
    "algo": 0.3804139786571812,
    "oops": 0.09387721578110556,
    "dbms": 0.0,
    "os": 0.0,
    "cn": 0.0,
    "system_design": 0.30195997105031125
  }
}