{
  "total_episodes": 100,
  "epoch": 1,
  "epoch_episode": 100,
  "actor_loss": -0.002566405670142034,
  "value_loss": 8.943391360259,
  "entropy_loss": -0.013758809693348487,
  "mean_reward": 0.1670842093984894,
  "topic_performance": {
    "ds": 0.0,
    "algo": 0.1670842093984894,
    "oops": 0.0,
    "dbms": 0.0,
    "os": 0.2542128664929778,
    "cn": 0.0,
    "system_design": 0.0
  }
}