{
  "total_episodes": 692,
  "epoch": 2,
  "epoch_episode": 192,
  "actor_loss": -0.0007304153746759866,
  "value_loss": 8.931085147235464,
  "entropy_loss": -0.007832402072170347,
  "mean_reward": 0.16253432918798258,
  "topic_performance": {
    "ds": 0.0,
    "algo": 0.16253432918798258,
    "oops": 0.0,
    "dbms": 0.0,
    "os": 0.3500004642166128,
    "cn": 0.0,
    "system_design": 0.0
  }
}