{
  "total_episodes": 432,
  "epoch": 1,
  "epoch_episode": 432,
  "actor_loss": -0.0007416746265198872,
  "value_loss": 7.853627812413738,
  "entropy_loss": -0.006875900835223529,
  "mean_reward": 0.08269569802087698,
  "topic_performance": {
    "ds": 0.11140914095610233,
    "algo": 0.11119855899729503,
    "oops": 0.05394253360065626,
    "dbms": 0.0,
    "os": 0.0,
    "cn": 0.2959187060492039,
    "system_design": 0.0
  }
}