{
  "total_episodes": 1044,
  "epoch": 3,
  "epoch_episode": 44,
  "actor_loss": -0.0004682278260688854,
  "value_loss": 6.923636311667067,
  "entropy_loss": -0.009397247598919245,
  "mean_reward": 0.13859494503155412,
  "topic_performance": {
    "ds": 0.0,
    "algo": 0.13859494503155412,
    "oops": 0.16835892943314681,
    "dbms": 0.0,
    "os": 0.0,
    "cn": 0.0,
    "system_design": 0.0
  }
}