{
  "total_episodes": 1728,
  "epoch": 4,
  "epoch_episode": 228,
  "actor_loss": -0.0008013650938116796,
  "value_loss": 15.420054493188308,
  "entropy_loss": -0.00867667900939361,
  "mean_reward": 0.33541816927628804,
  "topic_performance": {
    "ds": 0.3955995293289354,
    "algo": 0.32409316846859554,
    "oops": 0.3933913053725897,
    "dbms": 0.0,
    "os": 0.0,
    "cn": 0.0,
    "system_design": 0.0
  }
}