{
  "total_episodes": 637,
  "epoch": 2,
  "epoch_episode": 137,
  "actor_loss": -0.00047087958097335043,
  "value_loss": 8.027115006221408,
  "entropy_loss": -0.008036552489511182,
  "mean_reward": 0.24844470351351025,
  "topic_performance": {
    "ds": 0.2125227312856621,
    "algo": 0.14276835094769963,
    "oops": 0.26407328925269447,
    "dbms": 0.180916105268343,
    "os": 0.0,
    "cn": 0.0,
    "system_design": 0.0
  }
}