{
  "total_episodes": 1284,
  "epoch": 3,
  "epoch_episode": 284,
  "actor_loss": -0.0002085971782817213,
  "value_loss": 7.7198071087751945,
  "entropy_loss": -0.009670211841624612,
  "mean_reward": 0.4510371420175694,
  "topic_performance": {
    "ds": 0.0,
    "algo": 0.4510371420175694,
    "oops": 0.16742240762556665,
    "dbms": 0.0,
    "os": 0.0,
    "cn": 0.0,
    "system_design": 0.0
  }
}