{
  "total_episodes": 16,
  "epoch": 1,
  "epoch_episode": 16,
  "actor_loss": 0.044410343411393785,
  "value_loss": 8.8384148334212,
  "entropy_loss": -0.018485462302903016,
  "mean_reward": 0.19520587164038317,
  "topic_performance": {
    "ds": 0.11910154390317816,
    "algo": 0.0678030875641829,
    "oops": 0.12202858145824436,
    "dbms": 0.0,
    "os": 0.0,
    "cn": 0.0,
    "system_design": 0.0
  }
}