{
  "total_episodes": 2042,
  "epoch": 5,
  "epoch_episode": 42,
  "actor_loss": 0.0006289501325501438,
  "value_loss": 7.834347055874943,
  "entropy_loss": -0.0095323337007143,
  "mean_reward": 0.10672859254697895,
  "topic_performance": {
    "ds": 0.13494945188737453,
    "algo": 0.101262919766872,
    "oops": 0.3379267751260829,
    "dbms": 0.0,
    "os": 0.0,
    "cn": 0.0,
    "system_design": 0.0
  }
}