{
  "total_episodes": 445,
  "epoch": 1,
  "epoch_episode": 445,
  "actor_loss": -0.002323993775316208,
  "value_loss": 8.728877357384054,
  "entropy_loss": -0.007232920367032078,
  "mean_reward": 0.36620798528361453,
  "topic_performance": {
    "ds": 0.39046179158139327,
    "algo": 0.3643034697056805,
    "oops": 0.41473442429571844,
    "dbms": 0.0,
    "os": 0.14021711633893993,
    "cn": 0.0,
    "system_design": 0.0
  }
}