{
  "total_episodes": 2415,
  "epoch": 5,
  "epoch_episode": 415,
  "average_score": 0.1178894650012841,
  "time_efficiency": 2.0,
  "current_streak": 0,
  "difficulty_level": 4.0,
  "topic_performances": {
    "ds": 0.10719818417227611,
    "algo": 0.11697608410297136,
    "oops": 0.0946202071081327,
    "dbms": 0.0,
    "os": 0.25464500078823427,
    "cn": 0.0,
    "system_design": 0.0
  }
}