{
  "total_episodes": 976,
  "epoch": 2,
  "epoch_episode": 476,
  "actor_loss": -0.0005370219774063496,
  "value_loss": 8.187904440086776,
  "entropy_loss": -0.009788832757184708,
  "mean_reward": 0.24236414687259789,
  "topic_performance": {
    "ds": 0.10248667964509717,
    "algo": 0.4495039965370239,
    "oops": 0.19019507479285444,
    "dbms": 0.16820243705089732,
    "os": 0.0,
    "cn": 0.0,
    "system_design": 0.0
  }
}