{
  "total_episodes": 1559,
  "epoch": 4,
  "epoch_episode": 59,
  "actor_loss": 0.0005943098004673943,
  "value_loss": 7.516486307800908,
  "entropy_loss": -0.009338428376856367,
  "mean_reward": 0.5491922510066477,
  "topic_performance": {
    "ds": 0.0,
    "algo": 0.38140757648223833,
    "oops": 0.41327269779986875,
    "dbms": 0.0,
    "os": 0.0,
    "cn": 0.0,
    "system_design": 0.16959046915697237
  }
}