{
  "total_episodes": 1927,
  "epoch": 4,
  "epoch_episode": 427,
  "actor_loss": -0.0016599321180392483,
  "value_loss": 7.877664203327841,
  "entropy_loss": -0.008584158621330917,
  "mean_reward": 0.12374037005285717,
  "topic_performance": {
    "ds": 0.437552643549175,
    "algo": 0.0,
    "oops": 0.13859376513597454,
    "dbms": 0.0,
    "os": 0.0,
    "cn": 0.14101026341304246,
    "system_design": 0.0
  }
}