{
  "total_episodes": 1072,
  "epoch": 3,
  "epoch_episode": 72,
  "actor_loss": 0.0008069326842777131,
  "value_loss": 6.783665065116651,
  "entropy_loss": -0.009820811542856385,
  "mean_reward": 0.16494183137234414,
  "topic_performance": {
    "ds": 0.5156450446726137,
    "algo": 0.14962411536659947,
    "oops": 0.16494183137234414,
    "dbms": 0.0,
    "os": 0.0,
    "cn": 0.15175463178310045,
    "system_design": 0.0
  }
}