{
  "total_episodes": 336,
  "epoch": 1,
  "epoch_episode": 336,
  "actor_loss": -0.0013975458398168441,
  "value_loss": 5.675985357999781,
  "entropy_loss": -0.007227075447617028,
  "mean_reward": 0.3242191433356999,
  "topic_performance": {
    "ds": 0.10715564576521772,
    "algo": 0.2624587092120083,
    "oops": 0.15647236343682605,
    "dbms": 0.0,
    "os": 0.0,
    "cn": 0.0,
    "system_design": 0.0
  }
}