{
  "total_episodes": 2247,
  "epoch": 5,
  "epoch_episode": 247,
  "actor_loss": 0.0010175825430972674,
  "value_loss": 4.819518589174812,
  "entropy_loss": -0.009519503590712528,
  "mean_reward": 0.11055533658192365,
  "topic_performance": {
    "ds": 0.12265764620787932,
    "algo": 0.0,
    "oops": 0.29928288271051956,
    "dbms": 0.0,
    "os": 0.0,
    "cn": 0.0,
    "system_design": 0.0
  }
}