{
  "total_episodes": 1895,
  "epoch": 4,
  "epoch_episode": 395,
  "actor_loss": -0.0023641689710338304,
  "value_loss": 6.078814320883353,
  "entropy_loss": -0.008502247256098324,
  "mean_reward": 0.41783650664939387,
  "topic_performance": {
    "ds": 0.416430512461597,
    "algo": 0.0,
    "oops": 0.13044994543303579,
    "dbms": 0.0,
    "os": 0.0,
    "cn": 0.0,
    "system_design": 0.1596395135307309
  }
}