{
  "total_episodes": 314,
  "epoch": 1,
  "epoch_episode": 314,
  "actor_loss": -0.0008072057868838179,
  "value_loss": 6.445601040598213,
  "entropy_loss": -0.007662452034143401,
  "mean_reward": 0.4366934423690769,
  "topic_performance": {
    "ds": 0.3138611825601677,
    "algo": 0.3594733741825915,
    "oops": 0.12065323756210464,
    "dbms": 0.0,
    "os": 0.16298642269549818,
    "cn": 0.0,
    "system_design": 0.0
  }
}