{
  "total_episodes": 644,
  "epoch": 2,
  "epoch_episode": 144,
  "actor_loss": -0.0025856850055719994,
  "value_loss": 5.089099252296284,
  "entropy_loss": -0.007952902119879042,
  "mean_reward": 0.16183086140977643,
  "topic_performance": {
    "ds": 0.16183086140977643,
    "algo": 0.0,
    "oops": 0.1637058776746634,
    "dbms": 0.0,
    "os": 0.0,
    "cn": 0.0,
    "system_design": 0.0
  }
}