{
  "total_episodes": 2202,
  "epoch": 5,
  "epoch_episode": 202,
  "actor_loss": 0.00017707395960217705,
  "value_loss": 7.898124417043744,
  "entropy_loss": -0.00974919596349971,
  "mean_reward": 0.08259621813906104,
  "topic_performance": {
    "ds": 0.12185344350973398,
    "algo": 0.26684860128556714,
    "oops": 0.11563298756983431,
    "dbms": 0.0,
    "os": 0.0,
    "cn": 0.1403636771078086,
    "system_design": 0.0
  }
}