{
  "total_episodes": 1386,
  "epoch": 3,
  "epoch_episode": 386,
  "actor_loss": -0.00010819353533909928,
  "value_loss": 7.932481251342483,
  "entropy_loss": -0.009092449968901819,
  "mean_reward": 0.1738828281007152,
  "topic_performance": {
    "ds": 0.40037698151659185,
    "algo": 0.14583868674057587,
    "oops": 0.15299430248943224,
    "dbms": 0.0,
    "os": 0.0,
    "cn": 0.0,
    "system_design": 0.0
  }
}