{
  "total_episodes": 42,
  "epoch": 1,
  "epoch_episode": 42,
  "actor_loss": 0.02261584946608543,
  "value_loss": 7.653195932265858,
  "entropy_loss": -0.016323121163398565,
  "mean_reward": 0.12792412789189556,
  "topic_performance": {
    "ds": 0.13690913861746362,
    "algo": 0.423982087909398,
    "oops": 0.1331313216079125,
    "dbms": 0.0,
    "os": 0.0,
    "cn": 0.0,
    "system_design": 0.0
  }
}