{
  "total_episodes": 1795,
  "epoch": 4,
  "epoch_episode": 295,
  "average_score": 0.30603889132421913,
  "time_efficiency": 2.0,
  "current_streak": 0,
  "difficulty_level": 4.0,
  "topic_performances": {
    "ds": 0.26759982201939875,
    "algo": 0.22585417866259774,
    "oops": 0.40544313863825066,
    "dbms": 0.0,
    "os": 0.0,
    "cn": 0.0,
    "system_design": 0.0
  }
}