{
  "total_episodes": 1396,
  "epoch": 3,
  "epoch_episode": 396,
  "actor_loss": 0.00029930284845088273,
  "value_loss": 7.441219360947318,
  "entropy_loss": -0.008365679568412271,
  "mean_reward": 0.23942511044334036,
  "topic_performance": {
    "ds": 0.0,
    "algo": 0.23942511044334036,
    "oops": 0.1651719475947111,
    "dbms": 0.0,
    "os": 0.0,
    "cn": 0.0,
    "system_design": 0.0
  }
}