{
  "total_episodes": 490,
  "epoch": 1,
  "epoch_episode": 490,
  "actor_loss": 9.316509755484034e-05,
  "value_loss": 7.566761118084907,
  "entropy_loss": -0.007546780009975197,
  "mean_reward": 0.1633253913690057,
  "topic_performance": {
    "ds": 0.1633253913690057,
    "algo": 0.16032517755589354,
    "oops": 0.33625917089081886,
    "dbms": 0.0,
    "os": 0.0,
    "cn": 0.0,
    "system_design": 0.0
  }
}