{
  "total_episodes": 756,
  "epoch": 2,
  "epoch_episode": 256,
  "actor_loss": -0.0017623289597641513,
  "value_loss": 16.298055055813535,
  "entropy_loss": -0.008716792093657371,
  "mean_reward": 0.14338181740895706,
  "topic_performance": {
    "ds": 0.0,
    "algo": 0.0,
    "oops": 0.14338181740895706,
    "dbms": 0.1563665337284689,
    "os": 0.0,
    "cn": 0.0,
    "system_design": 0.0
  }
}