{
  "total_episodes": 615,
  "epoch": 2,
  "epoch_episode": 115,
  "actor_loss": 0.0007659585433323372,
  "value_loss": 9.45727626336652,
  "entropy_loss": -0.007805714409590879,
  "mean_reward": 0.3612698554353822,
  "topic_performance": {
    "ds": 0.3612698554353822,
    "algo": 0.21762334777871659,
    "oops": 0.0,
    "dbms": 0.0,
    "os": 0.0,
    "cn": 0.0,
    "system_design": 0.1671457744485388
  }
}