{
  "total_episodes": 1184,
  "epoch": 3,
  "epoch_episode": 184,
  "actor_loss": 0.0003616994697626313,
  "value_loss": 6.365595804536563,
  "entropy_loss": -0.010687735842197418,
  "mean_reward": 0.08172883866021992,
  "topic_performance": {
    "ds": 0.12808839561875288,
    "algo": 0.34126605110340513,
    "oops": 0.08938154611110774,
    "dbms": 0.0,
    "os": 0.0,
    "cn": 0.0,
    "system_design": 0.14251819000633648
  }
}