{
  "total_episodes": 1410,
  "epoch": 3,
  "epoch_episode": 410,
  "average_score": 0.24109808784601308,
  "time_efficiency": 2.0,
  "current_streak": 0,
  "difficulty_level": 4.0,
  "topic_performances": {
    "ds": 0.3002975893302744,
    "algo": 0.28943647226582364,
    "oops": 0.19375762267107086,
    "dbms": 0.0,
    "os": 0.15618467525337654,
    "cn": 0.0,
    "system_design": 0.0
  }
}