{
  "total_episodes": 1076,
  "epoch": 3,
  "epoch_episode": 76,
  "actor_loss": -0.0001649387199839543,
  "value_loss": 8.988448385518264,
  "entropy_loss": -0.009890591819653485,
  "mean_reward": 0.15383452271170037,
  "topic_performance": {
    "ds": 0.0,
    "algo": 0.0,
    "oops": 0.15383452271170037,
    "dbms": 0.143357034329263,
    "os": 0.0,
    "cn": 0.0,
    "system_design": 0.0
  }
}