{
  "total_episodes": 487,
  "epoch": 1,
  "epoch_episode": 487,
  "actor_loss": 0.0008041325997011579,
  "value_loss": 6.998130054469644,
  "entropy_loss": -0.007381785089435636,
  "mean_reward": 0.1370386289086749,
  "topic_performance": {
    "ds": 0.14744498573106943,
    "algo": 0.15239091375535807,
    "oops": 0.38591069419676965,
    "dbms": 0.0,
    "os": 0.0,
    "cn": 0.0,
    "system_design": 0.0
  }
}