{
  "total_episodes": 2330,
  "epoch": 5,
  "epoch_episode": 330,
  "actor_loss": 0.00017823848864597126,
  "value_loss": 8.798594548046333,
  "entropy_loss": -0.009864939237281422,
  "mean_reward": 0.15294905517083443,
  "topic_performance": {
    "ds": 0.306088490235569,
    "algo": 0.12711740082330616,
    "oops": 0.14396616972642176,
    "dbms": 0.0,
    "os": 0.0,
    "cn": 0.0,
    "system_design": 0.1430405190150489
  }
}