{
  "total_episodes": 1325,
  "epoch": 3,
  "epoch_episode": 325,
  "average_score": 0.14494913398736398,
  "time_efficiency": 2.0,
  "current_streak": 0,
  "difficulty_level": 4.0,
  "topic_performances": {
    "ds": 0.12146747881422953,
    "algo": 0.20000873425187848,
    "oops": 0.09501798880781238,
    "dbms": 0.0,
    "os": 0.0,
    "cn": 0.0,
    "system_design": 0.0
  }
}