{
  "total_episodes": 1031,
  "epoch": 3,
  "epoch_episode": 31,
  "actor_loss": -0.0013929996584098852,
  "value_loss": 8.56978070282708,
  "entropy_loss": -0.009653885861056793,
  "mean_reward": 0.3007440113090617,
  "topic_performance": {
    "ds": 0.2616722015387218,
    "algo": 0.22289746743226058,
    "oops": 0.0,
    "dbms": 0.3182428029601285,
    "os": 0.0,
    "cn": 0.0,
    "system_design": 0.0
  }
}