{
  "total_episodes": 429,
  "epoch": 1,
  "epoch_episode": 429,
  "actor_loss": -0.00033183643610859744,
  "value_loss": 9.000824039600712,
  "entropy_loss": -0.007086068173336464,
  "mean_reward": 0.17181340326650735,
  "topic_performance": {
    "ds": 0.12662875655771852,
    "algo": 0.5485129005993981,
    "oops": 0.26114397510011905,
    "dbms": 0.0,
    "os": 0.24173271578323607,
    "cn": 0.0,
    "system_design": 0.0
  }
}