{
  "total_episodes": 330,
  "epoch": 1,
  "epoch_episode": 330,
  "actor_loss": -0.0006395439992435643,
  "value_loss": 9.57224871204741,
  "entropy_loss": -0.007589062550176992,
  "mean_reward": 0.3190188232553364,
  "topic_performance": {
    "ds": 0.374643882536835,
    "algo": 0.14797956707102367,
    "oops": 0.13459554616399835,
    "dbms": 0.0,
    "os": 0.0,
    "cn": 0.322987282428033,
    "system_design": 0.0
  }
}