{
  "total_episodes": 755,
  "epoch": 2,
  "epoch_episode": 255,
  "average_score": 0.3473984977548798,
  "time_efficiency": 2.0,
  "current_streak": 0,
  "difficulty_level": 4.0,
  "topic_performances": {
    "ds": 0.4427672528901294,
    "algo": 0.42762698402209914,
    "oops": 0.13572396316423854,
    "dbms": 0.0,
    "os": 0.16372735646153683,
    "cn": 0.0,
    "system_design": 0.0
  }
}