{
  "total_episodes": 349,
  "epoch": 1,
  "epoch_episode": 349,
  "actor_loss": 0.0005834828253006123,
  "value_loss": 8.413366584594552,
  "entropy_loss": -0.007555731004312895,
  "mean_reward": 0.28690326079996065,
  "topic_performance": {
    "ds": 0.20822093013174933,
    "algo": 0.296009990870161,
    "oops": 0.09528638959056555,
    "dbms": 0.0,
    "os": 0.0,
    "cn": 0.0,
    "system_design": 0.0
  }
}