{
  "total_episodes": 608,
  "epoch": 2,
  "epoch_episode": 108,
  "actor_loss": -0.00043728890511214054,
  "value_loss": 6.494099003595538,
  "entropy_loss": -0.007652114068806724,
  "mean_reward": 0.3717063841211671,
  "topic_performance": {
    "ds": 0.11729946821259771,
    "algo": 0.2057327646744025,
    "oops": 0.3955352091321503,
    "dbms": 0.0,
    "os": 0.16929623475364128,
    "cn": 0.0,
    "system_design": 0.0
  }
}