{
  "total_episodes": 2045,
  "epoch": 5,
  "epoch_episode": 45,
  "actor_loss": 0.000999650569171874,
  "value_loss": 7.7125973400882115,
  "entropy_loss": -0.009365876048214355,
  "mean_reward": 0.08015777272963767,
  "topic_performance": {
    "ds": 0.10931593154902768,
    "algo": 0.17496247119948077,
    "oops": 0.21910334392610986,
    "dbms": 0.0,
    "os": 0.0,
    "cn": 0.1574686560578059,
    "system_design": 0.0
  }
}