{
  "total_episodes": 912,
  "epoch": 2,
  "epoch_episode": 412,
  "actor_loss": -0.0005793375060118136,
  "value_loss": 9.532015964612931,
  "entropy_loss": -0.009091942605090723,
  "mean_reward": 0.177929417592214,
  "topic_performance": {
    "ds": 0.382358693254558,
    "algo": 0.16791942041021035,
    "oops": 0.11896545879066549,
    "dbms": 0.0,
    "os": 0.0,
    "cn": 0.18397208958649813,
    "system_design": 0.0
  }
}