{
  "total_episodes": 666,
  "epoch": 2,
  "epoch_episode": 166,
  "actor_loss": -0.0012358976808344,
  "value_loss": 8.699317385695617,
  "entropy_loss": -0.007995699224629442,
  "mean_reward": 0.36119477279546147,
  "topic_performance": {
    "ds": 0.10427337131121807,
    "algo": 0.36119477279546147,
    "oops": 0.15302942296247785,
    "dbms": 0.0,
    "os": 0.0,
    "cn": 0.0,
    "system_design": 0.0
  }
}