{
  "total_episodes": 2442,
  "epoch": 5,
  "epoch_episode": 442,
  "actor_loss": -0.0003751935634489723,
  "value_loss": 10.375725087140122,
  "entropy_loss": -0.00981069409827672,
  "mean_reward": 0.3224139581464977,
  "topic_performance": {
    "ds": 0.3289299896638873,
    "algo": 0.3272860440508415,
    "oops": 0.1287305026521952,
    "dbms": 0.0,
    "os": 0.0,
    "cn": 0.14265324267638385,
    "system_design": 0.0
  }
}