{
  "total_episodes": 4,
  "epoch": 1,
  "epoch_episode": 4,
  "actor_loss": 0.10036778299192013,
  "value_loss": 14.238182944344842,
  "entropy_loss": -0.019532774479825758,
  "mean_reward": 0.44366143538079816,
  "topic_performance": {
    "ds": 0.0,
    "algo": 0.1599347390470187,
    "oops": 0.44366143538079816,
    "dbms": 0.0,
    "os": 0.0,
    "cn": 0.0,
    "system_design": 0.0
  }
}