{
  "total_episodes": 676,
  "epoch": 2,
  "epoch_episode": 176,
  "actor_loss": -0.0010177808915523274,
  "value_loss": 10.206932548004342,
  "entropy_loss": -0.007796814893544404,
  "mean_reward": 0.14705466825162744,
  "topic_performance": {
    "ds": 0.0,
    "algo": 0.14705466825162744,
    "oops": 0.0,
    "dbms": 0.0,
    "os": 0.0,
    "cn": 0.0,
    "system_design": 0.3053167160098025
  }
}