{
  "total_episodes": 1367,
  "epoch": 3,
  "epoch_episode": 367,
  "actor_loss": 0.0002696179818507394,
  "value_loss": 6.36845640068895,
  "entropy_loss": -0.009175151758113417,
  "mean_reward": 0.3201889336966844,
  "topic_performance": {
    "ds": 0.3335139928736304,
    "algo": 0.1331742634705005,
    "oops": 0.0,
    "dbms": 0.0,
    "os": 0.0,
    "cn": 0.0,
    "system_design": 0.14237294126391703
  }
}