{
  "total_episodes": 2175,
  "epoch": 5,
  "epoch_episode": 175,
  "average_score": 0.14713775343090335,
  "time_efficiency": 2.0,
  "current_streak": 0,
  "difficulty_level": 4.0,
  "topic_performances": {
    "ds": 0.13428558776487912,
    "algo": 0.17721285731251832,
    "oops": 0.11364505477827938,
    "dbms": 0.0,
    "os": 0.0,
    "cn": 0.0,
    "system_design": 0.21658756772860271
  }
}