{
  "total_episodes": 496,
  "epoch": 1,
  "epoch_episode": 496,
  "actor_loss": 0.0028801649059403164,
  "value_loss": 7.481387780554537,
  "entropy_loss": -0.007478486086358248,
  "mean_reward": 0.1937119386364198,
  "topic_performance": {
    "ds": 0.26237992882473626,
    "algo": 0.39798806436948225,
    "oops": 0.2930338049907752,
    "dbms": 0.0,
    "os": 0.0,
    "cn": 0.0,
    "system_design": 0.0
  }
}