{
  "total_episodes": 551,
  "epoch": 2,
  "epoch_episode": 51,
  "actor_loss": 0.002288200864368825,
  "value_loss": 8.910331839883517,
  "entropy_loss": -0.007993760186257848,
  "mean_reward": 0.12418115196310893,
  "topic_performance": {
    "ds": 0.25889054453637905,
    "algo": 0.0,
    "oops": 0.13812644036212426,
    "dbms": 0.0,
    "os": 0.0,
    "cn": 0.0,
    "system_design": 0.0
  }
}