{
  "total_episodes": 157,
  "epoch": 1,
  "epoch_episode": 157,
  "actor_loss": -0.0015803622066038498,
  "value_loss": 14.133558692140586,
  "entropy_loss": -0.011732122537326353,
  "mean_reward": 0.19112964709635352,
  "topic_performance": {
    "ds": 0.12394039352237776,
    "algo": 0.15437606901483192,
    "oops": 0.12300804533469731,
    "dbms": 0.0,
    "os": 0.0,
    "cn": 0.3542424228610749,
    "system_design": 0.0
  }
}