{
  "total_episodes": 1018,
  "epoch": 3,
  "epoch_episode": 18,
  "actor_loss": 0.00010664128924732334,
  "value_loss": 7.897162056856699,
  "entropy_loss": -0.010026066175940145,
  "mean_reward": 0.18565810807625222,
  "topic_performance": {
    "ds": 0.3280982032226827,
    "algo": 0.3024261700618268,
    "oops": 0.0,
    "dbms": 0.0,
    "os": 0.0,
    "cn": 0.0,
    "system_design": 0.17541280606316706
  }
}