{
  "total_episodes": 820,
  "epoch": 2,
  "epoch_episode": 320,
  "actor_loss": 0.000637575800174921,
  "value_loss": 6.0594252913619036,
  "entropy_loss": -0.00898217709743459,
  "mean_reward": 0.35226811181609313,
  "topic_performance": {
    "ds": 0.35226811181609313,
    "algo": 0.0,
    "oops": 0.0,
    "dbms": 0.0,
    "os": 0.0,
    "cn": 0.1626568742114062,
    "system_design": 0.0
  }
}