{
  "total_episodes": 1847,
  "epoch": 4,
  "epoch_episode": 347,
  "actor_loss": -0.00029111126211199475,
  "value_loss": 7.786514511980519,
  "entropy_loss": -0.008818926642082198,
  "mean_reward": 0.38487560440126767,
  "topic_performance": {
    "ds": 0.5228564099151196,
    "algo": 0.38487560440126767,
    "oops": 0.14412048256948284,
    "dbms": 0.0,
    "os": 0.0,
    "cn": 0.0,
    "system_design": 0.0
  }
}