{
  "total_episodes": 2000,
  "epoch": 4,
  "epoch_episode": 500,
  "actor_loss": -0.0005742932596211816,
  "value_loss": 11.334993993843433,
  "entropy_loss": -0.00910200120135483,
  "mean_reward": 0.2918235357062322,
  "topic_performance": {
    "ds": 0.31797912894077995,
    "algo": 0.10589570188920079,
    "oops": 0.2931716609012177,
    "dbms": 0.0,
    "os": 0.15518348647954752,
    "cn": 0.0,
    "system_design": 0.0
  }
}