{
  "total_episodes": 1002,
  "epoch": 3,
  "epoch_episode": 2,
  "actor_loss": 0.0005921577318605074,
  "value_loss": 12.399199866084963,
  "entropy_loss": -0.009951692634778764,
  "mean_reward": 0.0981543005794804,
  "topic_performance": {
    "ds": 0.12027241424014616,
    "algo": 0.37837774816673325,
    "oops": 0.1388889895199054,
    "dbms": 0.0,
    "os": 0.0,
    "cn": 0.0,
    "system_design": 0.0
  }
}