{
  "total_episodes": 1911,
  "epoch": 4,
  "epoch_episode": 411,
  "actor_loss": 0.002044134682001696,
  "value_loss": 6.772176753506716,
  "entropy_loss": -0.008234964617024521,
  "mean_reward": 0.14857281103446637,
  "topic_performance": {
    "ds": 0.21884081420805626,
    "algo": 0.12898027021726782,
    "oops": 0.14857281103446637,
    "dbms": 0.0,
    "os": 0.18662167299089716,
    "cn": 0.0,
    "system_design": 0.0
  }
}