{
  "total_episodes": 1789,
  "epoch": 4,
  "epoch_episode": 289,
  "actor_loss": 0.000319624754147424,
  "value_loss": 9.267268299941085,
  "entropy_loss": -0.008087396831045809,
  "mean_reward": 0.08482574975100642,
  "topic_performance": {
    "ds": 0.11393999823071807,
    "algo": 0.26627181123643073,
    "oops": 0.2133557308998829,
    "dbms": 0.0,
    "os": 0.0,
    "cn": 0.22509383047869844,
    "system_design": 0.0
  }
}