{
  "total_episodes": 1373,
  "epoch": 3,
  "epoch_episode": 373,
  "actor_loss": -0.001432597523051216,
  "value_loss": 8.894586418532324,
  "entropy_loss": -0.009143322708496788,
  "mean_reward": 0.19527154947452915,
  "topic_performance": {
    "ds": 0.19838249510880762,
    "algo": 0.14726365380310122,
    "oops": 0.14908769528946386,
    "dbms": 0.0,
    "os": 0.4048830646585078,
    "cn": 0.0,
    "system_design": 0.0
  }
}