{
  "total_episodes": 2429,
  "epoch": 5,
  "epoch_episode": 429,
  "actor_loss": 0.0024671008960952773,
  "value_loss": 8.782668958137588,
  "entropy_loss": -0.009517181392449092,
  "mean_reward": 0.08953429682857367,
  "topic_performance": {
    "ds": 0.11069832263135575,
    "algo": 0.3460783642499247,
    "oops": 0.26608780511664043,
    "dbms": 0.0,
    "os": 0.0,
    "cn": 0.14963283841022498,
    "system_design": 0.0
  }
}