{
  "total_episodes": 1434,
  "epoch": 3,
  "epoch_episode": 434,
  "actor_loss": 0.00045148689276400673,
  "value_loss": 9.06379056491514,
  "entropy_loss": -0.008612489180804993,
  "mean_reward": 0.1829740247841145,
  "topic_performance": {
    "ds": 0.40846850744161695,
    "algo": 0.1829740247841145,
    "oops": 0.5949779357658108,
    "dbms": 0.0,
    "os": 0.0,
    "cn": 0.1626568742114062,
    "system_design": 0.0
  }
}