{
  "total_episodes": 2170,
  "epoch": 5,
  "epoch_episode": 170,
  "actor_loss": -4.724894198057106e-05,
  "value_loss": 5.543583841825697,
  "entropy_loss": -0.00966864612862758,
  "mean_reward": 0.1284887959573953,
  "topic_performance": {
    "ds": 0.13499976118996154,
    "algo": 0.14065682939075197,
    "oops": 0.38701704021195876,
    "dbms": 0.0,
    "os": 0.0,
    "cn": 0.0,
    "system_design": 0.0
  }
}