{
  "total_episodes": 2269,
  "epoch": 5,
  "epoch_episode": 269,
  "actor_loss": -0.00045443545959666725,
  "value_loss": 9.430490646736537,
  "entropy_loss": -0.009641202398675584,
  "mean_reward": 0.21423240104637764,
  "topic_performance": {
    "ds": 0.2229738368079297,
    "algo": 0.11785993089091445,
    "oops": 0.1645169263078085,
    "dbms": 0.0,
    "os": 0.0,
    "cn": 0.0,
    "system_design": 0.0
  }
}