{
  "total_episodes": 173,
  "epoch": 1,
  "epoch_episode": 173,
  "actor_loss": -0.00010918362824608729,
  "value_loss": 8.68843697333461,
  "entropy_loss": -0.011257875358742087,
  "mean_reward": 0.10247920857139882,
  "topic_performance": {
    "ds": 0.0,
    "algo": 0.12970004937520668,
    "oops": 0.11976292213907212,
    "dbms": 0.0,
    "os": 0.0,
    "cn": 0.14174094688257105,
    "system_design": 0.0
  }
}