{
  "total_episodes": 1780,
  "epoch": 4,
  "epoch_episode": 280,
  "average_score": 0.3442283033939318,
  "time_efficiency": 2.0,
  "current_streak": 0,
  "difficulty_level": 4.0,
  "topic_performances": {
    "ds": 0.4385714702707082,
    "algo": 0.43230481198064985,
    "oops": 0.2759680899180531,
    "dbms": 0.0,
    "os": 0.15808663949368112,
    "cn": 0.0,
    "system_design": 0.0
  }
}