{
  "total_episodes": 311,
  "epoch": 1,
  "epoch_episode": 311,
  "actor_loss": 7.578388297857646e-05,
  "value_loss": 10.156484901917157,
  "entropy_loss": -0.007665472347304472,
  "mean_reward": 0.3198031807221373,
  "topic_performance": {
    "ds": 0.23538755697516517,
    "algo": 0.34269686826144474,
    "oops": 0.0,
    "dbms": 0.0,
    "os": 0.16650428109287446,
    "cn": 0.0,
    "system_design": 0.0
  }
}