{
  "total_episodes": 170,
  "epoch": 1,
  "epoch_episode": 170,
  "actor_loss": -0.00038055614380135656,
  "value_loss": 5.370767004273323,
  "entropy_loss": -0.011362996705420429,
  "mean_reward": 0.09533465529864363,
  "topic_performance": {
    "ds": 0.25412088034863484,
    "algo": 0.12637939542865362,
    "oops": 0.0,
    "dbms": 0.0,
    "os": 0.0,
    "cn": 0.0,
    "system_design": 0.14237294126391703
  }
}