{
  "total_episodes": 1716,
  "epoch": 4,
  "epoch_episode": 216,
  "actor_loss": -0.00018318524791057395,
  "value_loss": 5.6686825658918005,
  "entropy_loss": -0.008308453688145685,
  "mean_reward": 0.1439501505276873,
  "topic_performance": {
    "ds": 0.1439501505276873,
    "algo": 0.0,
    "oops": 0.3787214441315926,
    "dbms": 0.0,
    "os": 0.0,
    "cn": 0.0,
    "system_design": 0.0
  }
}