{
  "total_episodes": 1005,
  "epoch": 3,
  "epoch_episode": 5,
  "average_score": 0.16199956435727828,
  "time_efficiency": 2.0,
  "current_streak": 0,
  "difficulty_level": 4.0,
  "topic_performances": {
    "ds": 0.0673119921483222,
    "algo": 0.32760235427764456,
    "oops": 0.13836115845347488,
    "dbms": 0.0,
    "os": 0.0,
    "cn": 0.0,
    "system_design": 0.0
  }
}