{
  "total_episodes": 1034,
  "epoch": 3,
  "epoch_episode": 34,
  "actor_loss": 2.657856107111667e-05,
  "value_loss": 9.398598495885086,
  "entropy_loss": -0.009891217444737786,
  "mean_reward": 0.3794464018257927,
  "topic_performance": {
    "ds": 0.35376121885067774,
    "algo": 0.14149992634460726,
    "oops": 0.41774963079967076,
    "dbms": 0.0,
    "os": 0.0,
    "cn": 0.0,
    "system_design": 0.0
  }
}