{
  "total_episodes": 52,
  "epoch": 1,
  "epoch_episode": 52,
  "actor_loss": -0.009021648069645121,
  "value_loss": 7.10068707938656,
  "entropy_loss": -0.01555560536727291,
  "mean_reward": 0.2545536583270491,
  "topic_performance": {
    "ds": 0.15477590525963758,
    "algo": 0.2545536583270491,
    "oops": 0.0,
    "dbms": 0.0,
    "os": 0.0,
    "cn": 0.0,
    "system_design": 0.0
  }
}