{
  "total_episodes": 2253,
  "epoch": 5,
  "epoch_episode": 253,
  "actor_loss": -0.0013181504893834052,
  "value_loss": 8.700690394837412,
  "entropy_loss": -0.009388092540657414,
  "mean_reward": 0.33754511330873815,
  "topic_performance": {
    "ds": 0.2636113258179802,
    "algo": 0.29780122121819463,
    "oops": 0.11947332214690307,
    "dbms": 0.0,
    "os": 0.0,
    "cn": 0.19337457907607353,
    "system_design": 0.0
  }
}