{
  "total_episodes": 2007,
  "epoch": 5,
  "epoch_episode": 7,
  "actor_loss": 0.0007129244495717238,
  "value_loss": 12.514285025891992,
  "entropy_loss": -0.009319189581337015,
  "mean_reward": 0.10178794848574917,
  "topic_performance": {
    "ds": 0.42994006845800126,
    "algo": 0.14096747381315375,
    "oops": 0.0,
    "dbms": 0.0,
    "os": 0.0,
    "cn": 0.0,
    "system_design": 0.0
  }
}