{
  "total_episodes": 1127,
  "epoch": 3,
  "epoch_episode": 127,
  "actor_loss": -0.00034402011581736167,
  "value_loss": 17.019545253109516,
  "entropy_loss": -0.010923848927365278,
  "mean_reward": 0.42132211718850365,
  "topic_performance": {
    "ds": 0.2035779137416617,
    "algo": 0.3090523262857685,
    "oops": 0.0,
    "dbms": 0.0,
    "os": 0.0,
    "cn": 0.0,
    "system_design": 0.0
  }
}