{
  "total_episodes": 29,
  "epoch": 1,
  "epoch_episode": 29,
  "actor_loss": 0.0019438597011103096,
  "value_loss": 5.352480066060221,
  "entropy_loss": -0.017189284309536677,
  "mean_reward": 0.06957822962950144,
  "topic_performance": {
    "ds": 0.2136994731028451,
    "algo": 0.20039092335927608,
    "oops": 0.14550620328000688,
    "dbms": 0.0,
    "os": 0.0,
    "cn": 0.0,
    "system_design": 0.15022310708953537
  }
}