{
  "total_episodes": 58,
  "epoch": 1,
  "epoch_episode": 58,
  "actor_loss": 0.001988306426237589,
  "value_loss": 12.269090846981932,
  "entropy_loss": -0.015397799708012411,
  "mean_reward": 0.09768872840711347,
  "topic_performance": {
    "ds": 0.1140098218942842,
    "algo": 0.3165724664219425,
    "oops": 0.12158656691761122,
    "dbms": 0.0,
    "os": 0.0,
    "cn": 0.0,
    "system_design": 0.0
  }
}