{
  "total_episodes": 1940,
  "epoch": 4,
  "epoch_episode": 440,
  "actor_loss": 0.00021813289299518686,
  "value_loss": 8.848794030407614,
  "entropy_loss": -0.008565823861391986,
  "mean_reward": 0.12990878747373497,
  "topic_performance": {
    "ds": 0.1457325866801646,
    "algo": 0.0,
    "oops": 0.0,
    "dbms": 0.0,
    "os": 0.0,
    "cn": 0.0,
    "system_design": 0.0
  }
}