{
  "total_episodes": 1588,
  "epoch": 4,
  "epoch_episode": 88,
  "actor_loss": -0.0006931498208502813,
  "value_loss": 8.814068033181826,
  "entropy_loss": -0.009193282252013706,
  "mean_reward": 0.4251043249636315,
  "topic_performance": {
    "ds": 0.0,
    "algo": 0.4251043249636315,
    "oops": 0.0,
    "dbms": 0.0,
    "os": 0.0,
    "cn": 0.1559151426686806,
    "system_design": 0.0
  }
}