{
  "total_episodes": 1844,
  "epoch": 4,
  "epoch_episode": 344,
  "actor_loss": 0.0003506611398883981,
  "value_loss": 8.826528241440592,
  "entropy_loss": -0.008400338790124853,
  "mean_reward": 0.4154304625193865,
  "topic_performance": {
    "ds": 0.0,
    "algo": 0.0,
    "oops": 0.4154304625193865,
    "dbms": 0.0,
    "os": 0.0,
    "cn": 0.14392572736431572,
    "system_design": 0.0
  }
}