{
  "total_episodes": 775,
  "epoch": 2,
  "epoch_episode": 275,
  "actor_loss": -0.0007518111041663802,
  "value_loss": 7.498756052035563,
  "entropy_loss": -0.008919744283724601,
  "mean_reward": 0.2837330350855894,
  "topic_performance": {
    "ds": 0.0,
    "algo": 0.15719673643780374,
    "oops": 0.2837330350855894,
    "dbms": 0.0,
    "os": 0.0,
    "cn": 0.2772425273664959,
    "system_design": 0.0
  }
}