{
  "total_episodes": 768,
  "epoch": 2,
  "epoch_episode": 268,
  "actor_loss": 0.0001299285174479671,
  "value_loss": 9.889678279386066,
  "entropy_loss": -0.008742812760826375,
  "mean_reward": 0.21271765403863427,
  "topic_performance": {
    "ds": 0.3002975893302744,
    "algo": 0.28943647226582364,
    "oops": 0.19375762267107086,
    "dbms": 0.0,
    "os": 0.15618467525337654,
    "cn": 0.0,
    "system_design": 0.0
  }
}