{
  "total_episodes": 2087,
  "epoch": 5,
  "epoch_episode": 87,
  "actor_loss": -0.0010862400194320686,
  "value_loss": 8.693141853274772,
  "entropy_loss": -0.009283635363312864,
  "mean_reward": 0.2914112862908003,
  "topic_performance": {
    "ds": 0.43462222584762933,
    "algo": 0.0,
    "oops": 0.19402036197950032,
    "dbms": 0.0,
    "os": 0.0,
    "cn": 0.0,
    "system_design": 0.0
  }
}