{
  "total_episodes": 1990,
  "epoch": 4,
  "epoch_episode": 490,
  "average_score": 0.17530139598553346,
  "time_efficiency": 2.0,
  "current_streak": 0,
  "difficulty_level": 4.0,
  "topic_performances": {
    "ds": 0.09215103904267008,
    "algo": 0.12937343360439502,
    "oops": 0.30728157124933975,
    "dbms": 0.0,
    "os": 0.0,
    "cn": 0.0,
    "system_design": 0.0
  }
}