{
  "total_episodes": 660,
  "epoch": 2,
  "epoch_episode": 160,
  "actor_loss": -0.0006176557349012839,
  "value_loss": 10.283972626752306,
  "entropy_loss": -0.007951495556087429,
  "mean_reward": 0.49316305388250187,
  "topic_performance": {
    "ds": 0.0,
    "algo": 0.417001197340233,
    "oops": 0.0,
    "dbms": 0.0,
    "os": 0.0,
    "cn": 0.0,
    "system_design": 0.0
  }
}