{
  "total_episodes": 2109,
  "epoch": 5,
  "epoch_episode": 109,
  "actor_loss": -0.00027547652408930546,
  "value_loss": 11.422837006653712,
  "entropy_loss": -0.009440938851310534,
  "mean_reward": 0.17335691903662007,
  "topic_performance": {
    "ds": 0.11017551423585058,
    "algo": 0.25829747665859587,
    "oops": 0.09943082630767583,
    "dbms": 0.0,
    "os": 0.0,
    "cn": 0.1560681268720145,
    "system_design": 0.0
  }
}