{
  "total_episodes": 375,
  "epoch": 1,
  "epoch_episode": 375,
  "actor_loss": -0.003303765761000936,
  "value_loss": 7.844640377132218,
  "entropy_loss": -0.007261148042372522,
  "mean_reward": 0.23241861244239242,
  "topic_performance": {
    "ds": 0.0,
    "algo": 0.4251043249636315,
    "oops": 0.19109017913317972,
    "dbms": 0.0,
    "os": 0.0,
    "cn": 0.1559151426686806,
    "system_design": 0.0
  }
}