{
  "total_episodes": 448,
  "epoch": 1,
  "epoch_episode": 448,
  "actor_loss": 0.003145212804478374,
  "value_loss": 9.55587775771841,
  "entropy_loss": -0.007007957300880117,
  "mean_reward": 0.2770570614147112,
  "topic_performance": {
    "ds": 0.16820291999188208,
    "algo": 0.25349835238909446,
    "oops": 0.1189598753981813,
    "dbms": 0.0,
    "os": 0.23993941309583547,
    "cn": 0.0,
    "system_design": 0.0
  }
}