{
  "total_episodes": 138,
  "epoch": 1,
  "epoch_episode": 138,
  "actor_loss": 0.0004376160949862744,
  "value_loss": 5.735673983349748,
  "entropy_loss": -0.012464488567578338,
  "mean_reward": 0.08198937815998371,
  "topic_performance": {
    "ds": 0.0,
    "algo": 0.12947375080558726,
    "oops": 0.14448623497360089,
    "dbms": 0.0,
    "os": 0.15971962250154687,
    "cn": 0.0,
    "system_design": 0.0
  }
}