{
  "total_episodes": 378,
  "epoch": 1,
  "epoch_episode": 378,
  "actor_loss": 0.0004928573169872344,
  "value_loss": 12.39976719371065,
  "entropy_loss": -0.007454046920719194,
  "mean_reward": 0.3344823128086942,
  "topic_performance": {
    "ds": 0.3700491997258726,
    "algo": 0.0,
    "oops": 0.29576446659874917,
    "dbms": 0.2584654033865357,
    "os": 0.0,
    "cn": 0.0,
    "system_design": 0.0
  }
}