{
  "total_episodes": 900,
  "epoch": 2,
  "epoch_episode": 400,
  "actor_loss": -0.0008876754028984523,
  "value_loss": 9.758829499753663,
  "entropy_loss": -0.009051879897596782,
  "mean_reward": 0.12833026893964972,
  "topic_performance": {
    "ds": 0.0,
    "algo": 0.12833026893964972,
    "oops": 0.0,
    "dbms": 0.0,
    "os": 0.15008016097714788,
    "cn": 0.0,
    "system_design": 0.0
  }
}