{
  "total_episodes": 480,
  "epoch": 1,
  "epoch_episode": 480,
  "actor_loss": 0.0007980653287072162,
  "value_loss": 7.532658359455044,
  "entropy_loss": -0.007135973903286137,
  "mean_reward": 0.17533639060913553,
  "topic_performance": {
    "ds": 0.2012891461902791,
    "algo": 0.16797350595566354,
    "oops": 0.07076115616632436,
    "dbms": 0.0,
    "os": 0.1661368323058972,
    "cn": 0.0,
    "system_design": 0.0
  }
}