{
  "total_episodes": 1005,
  "epoch": 3,
  "epoch_episode": 5,
  "actor_loss": 0.0011720252327357087,
  "value_loss": 10.694567830409829,
  "entropy_loss": -0.00985130944169409,
  "mean_reward": 0.12032028893595088,
  "topic_performance": {
    "ds": 0.08942056492070329,
    "algo": 0.28471754821554696,
    "oops": 0.13836115845347488,
    "dbms": 0.0,
    "os": 0.0,
    "cn": 0.0,
    "system_design": 0.0
  }
}