{
  "total_episodes": 1655,
  "epoch": 4,
  "epoch_episode": 155,
  "actor_loss": 0.0020293986021024573,
  "value_loss": 9.826375669007051,
  "entropy_loss": -0.00891560191649889,
  "mean_reward": 0.2721986772765586,
  "topic_performance": {
    "ds": 0.13258103297815715,
    "algo": 0.2847747068133788,
    "oops": 0.0,
    "dbms": 0.0,
    "os": 0.0,
    "cn": 0.19841593224249524,
    "system_design": 0.0
  }
}