{
  "total_episodes": 1581,
  "epoch": 4,
  "epoch_episode": 81,
  "actor_loss": -0.0007086452026721851,
  "value_loss": 7.210156233218936,
  "entropy_loss": -0.009190223165672959,
  "mean_reward": 0.23340302061429336,
  "topic_performance": {
    "ds": 0.23340302061429336,
    "algo": 0.1242251716576242,
    "oops": 0.20977755032256906,
    "dbms": 0.0,
    "os": 0.0,
    "cn": 0.0,
    "system_design": 0.0
  }
}