{
  "total_episodes": 1390,
  "epoch": 3,
  "epoch_episode": 390,
  "average_score": 0.1955509751618762,
  "time_efficiency": 2.0,
  "current_streak": 0,
  "difficulty_level": 4.0,
  "topic_performances": {
    "ds": 0.26158103167921,
    "algo": 0.31555675102088754,
    "oops": 0.10793063090787129,
    "dbms": 0.0,
    "os": 0.0,
    "cn": 0.0,
    "system_design": 0.0
  }
}