{
  "total_episodes": 1040,
  "epoch": 3,
  "epoch_episode": 40,
  "actor_loss": 6.0968761022733854e-05,
  "value_loss": 5.516778552368936,
  "entropy_loss": -0.00961777384731473,
  "mean_reward": 0.08837405623051989,
  "topic_performance": {
    "ds": 0.12823708584545032,
    "algo": 0.08758712205449891,
    "oops": 0.1366269234443515,
    "dbms": 0.0,
    "os": 0.0,
    "cn": 0.16590710664331526,
    "system_design": 0.0
  }
}