{
  "total_episodes": 1885,
  "epoch": 4,
  "epoch_episode": 385,
  "average_score": 0.15285190171877722,
  "time_efficiency": 2.0,
  "current_streak": 0,
  "difficulty_level": 4.0,
  "topic_performances": {
    "ds": 0.18462372768853566,
    "algo": 0.0,
    "oops": 0.10519416276413962,
    "dbms": 0.0,
    "os": 0.0,
    "cn": 0.0,
    "system_design": 0.0
  }
}