{
  "total_episodes": 2055,
  "epoch": 5,
  "epoch_episode": 55,
  "actor_loss": -0.0012055112749565582,
  "value_loss": 7.41380149748273,
  "entropy_loss": -0.00917113150099122,
  "mean_reward": 0.14073928352980014,
  "topic_performance": {
    "ds": 0.14073928352980014,
    "algo": 0.0,
    "oops": 0.4750757117242062,
    "dbms": 0.0,
    "os": 0.0,
    "cn": 0.1859200412159919,
    "system_design": 0.0
  }
}