{
  "total_episodes": 2423,
  "epoch": 5,
  "epoch_episode": 423,
  "actor_loss": 0.0010357847051376211,
  "value_loss": 8.189971598156564,
  "entropy_loss": -0.009673640469166576,
  "mean_reward": 0.20907772509460332,
  "topic_performance": {
    "ds": 0.0,
    "algo": 0.4496881120324455,
    "oops": 0.26003104150308476,
    "dbms": 0.0,
    "os": 0.0,
    "cn": 0.0,
    "system_design": 0.16533476118185725
  }
}