{
  "total_episodes": 1120,
  "epoch": 3,
  "epoch_episode": 120,
  "actor_loss": 0.0012531846698717146,
  "value_loss": 5.84558623326887,
  "entropy_loss": -0.010572221004087787,
  "mean_reward": 0.08284373434571027,
  "topic_performance": {
    "ds": 0.10602537023177165,
    "algo": 0.14705466825162744,
    "oops": 0.15925284778047494,
    "dbms": 0.0,
    "os": 0.0,
    "cn": 0.0,
    "system_design": 0.3053167160098025
  }
}