{
  "total_episodes": 1055,
  "epoch": 3,
  "epoch_episode": 55,
  "average_score": 0.23937208255058398,
  "time_efficiency": 2.0,
  "current_streak": 0,
  "difficulty_level": 4.0,
  "topic_performances": {
    "ds": 0.23811248479210695,
    "algo": 0.16522563950577618,
    "oops": 0.3993886315589119,
    "dbms": 0.0,
    "os": 0.0,
    "cn": 0.0,
    "system_design": 0.14681670470225966
  }
}