{
  "total_episodes": 1065,
  "epoch": 3,
  "epoch_episode": 65,
  "average_score": 0.1656206344096844,
  "time_efficiency": 2.0,
  "current_streak": 0,
  "difficulty_level": 4.0,
  "topic_performances": {
    "ds": 0.27059709851367664,
    "algo": 0.11642868596968797,
    "oops": 0.12623343489235395,
    "dbms": 0.0,
    "os": 0.0,
    "cn": 0.0,
    "system_design": 0.0
  }
}