{
  "total_episodes": 1629,
  "epoch": 4,
  "epoch_episode": 129,
  "actor_loss": 0.0009596906736353879,
  "value_loss": 12.280181085253474,
  "entropy_loss": -0.009228249151795447,
  "mean_reward": 0.10087120530347346,
  "topic_performance": {
    "ds": 0.2444114048276493,
    "algo": 0.14322476699773698,
    "oops": 0.1100615941490756,
    "dbms": 0.0,
    "os": 0.0,
    "cn": 0.0,
    "system_design": 0.0
  }
}