{
  "total_episodes": 1293,
  "epoch": 3,
  "epoch_episode": 293,
  "actor_loss": -4.953177997444116e-06,
  "value_loss": 11.695868564676191,
  "entropy_loss": -0.009739662289947115,
  "mean_reward": 0.08790094953863119,
  "topic_performance": {
    "ds": 0.19766027743144632,
    "algo": 0.15278461230750245,
    "oops": 0.15396240745913525,
    "dbms": 0.0,
    "os": 0.0,
    "cn": 0.0,
    "system_design": 0.0
  }
}