{
  "total_episodes": 1479,
  "epoch": 3,
  "epoch_episode": 479,
  "actor_loss": -0.000719262057184955,
  "value_loss": 6.918371796645109,
  "entropy_loss": -0.0088467492735971,
  "mean_reward": 0.4649810837259024,
  "topic_performance": {
    "ds": 0.14245182053067804,
    "algo": 0.423982087909398,
    "oops": 0.13833851532392943,
    "dbms": 0.0,
    "os": 0.0,
    "cn": 0.0,
    "system_design": 0.0
  }
}