{
  "total_episodes": 685,
  "epoch": 2,
  "epoch_episode": 185,
  "actor_loss": -0.0015952151385142852,
  "value_loss": 8.346408607780273,
  "entropy_loss": -0.007900246270301062,
  "mean_reward": 0.34017235149828007,
  "topic_performance": {
    "ds": 0.11161713331877081,
    "algo": 0.13497403079037174,
    "oops": 0.33893771481609725,
    "dbms": 0.0,
    "os": 0.15350162924586364,
    "cn": 0.0,
    "system_design": 0.0
  }
}