{
  "total_episodes": 87,
  "epoch": 1,
  "epoch_episode": 87,
  "actor_loss": 0.002821711700083498,
  "value_loss": 6.307360519941956,
  "entropy_loss": -0.01422279758787931,
  "mean_reward": 0.21268773099653093,
  "topic_performance": {
    "ds": 0.15234857111453012,
    "algo": 0.21268773099653093,
    "oops": 0.14958101291286935,
    "dbms": 0.0,
    "os": 0.0,
    "cn": 0.14646153111611582,
    "system_design": 0.0
  }
}