{
  "total_episodes": 196,
  "epoch": 1,
  "epoch_episode": 196,
  "actor_loss": 0.0008337166230886678,
  "value_loss": 13.801964522075329,
  "entropy_loss": -0.010763011589193811,
  "mean_reward": 0.466170588707997,
  "topic_performance": {
    "ds": 0.0,
    "algo": 0.466170588707997,
    "oops": 0.0,
    "dbms": 0.27373267680745583,
    "os": 0.0,
    "cn": 0.0,
    "system_design": 0.0
  }
}