{
  "total_episodes": 985,
  "epoch": 2,
  "epoch_episode": 485,
  "average_score": 0.19703775018263142,
  "time_efficiency": 2.0,
  "current_streak": 0,
  "difficulty_level": 4.0,
  "topic_performances": {
    "ds": 0.3029993591389337,
    "algo": 0.2174853047052835,
    "oops": 0.1423845738865192,
    "dbms": 0.0,
    "os": 0.0,
    "cn": 0.0,
    "system_design": 0.0
  }
}