{
  "total_episodes": 2301,
  "epoch": 5,
  "epoch_episode": 301,
  "actor_loss": 0.00020124331552966098,
  "value_loss": 8.726175669357817,
  "entropy_loss": -0.009388279158507836,
  "mean_reward": 0.2544107794556057,
  "topic_performance": {
    "ds": 0.14173584777579834,
    "algo": 0.20584714801577764,
    "oops": 0.2964647013215669,
    "dbms": 0.16507748280169243,
    "os": 0.0,
    "cn": 0.0,
    "system_design": 0.0
  }
}