{
  "total_episodes": 2199,
  "epoch": 5,
  "epoch_episode": 199,
  "actor_loss": -0.00014413566623577427,
  "value_loss": 8.216604040701606,
  "entropy_loss": -0.009813686006304504,
  "mean_reward": 0.14359699733108147,
  "topic_performance": {
    "ds": 0.13975231222410112,
    "algo": 0.296896665811287,
    "oops": 0.14359699733108147,
    "dbms": 0.0,
    "os": 0.0,
    "cn": 0.0,
    "system_design": 0.0
  }
}