{
  "total_episodes": 2132,
  "epoch": 5,
  "epoch_episode": 132,
  "actor_loss": 0.0007314176841945564,
  "value_loss": 9.001988417646178,
  "entropy_loss": -0.009298018122844668,
  "mean_reward": 0.19539130706914123,
  "topic_performance": {
    "ds": 0.0,
    "algo": 0.0,
    "oops": 0.19539130706914123,
    "dbms": 0.16881160949967272,
    "os": 0.0,
    "cn": 0.0,
    "system_design": 0.0
  }
}