{
  "total_episodes": 1965,
  "epoch": 4,
  "epoch_episode": 465,
  "actor_loss": 0.0012919759185257777,
  "value_loss": 10.638636284500986,
  "entropy_loss": -0.008873749451755446,
  "mean_reward": 0.0805944171331474,
  "topic_performance": {
    "ds": 0.1276454497123509,
    "algo": 0.1270597326118198,
    "oops": 0.4763079285262011,
    "dbms": 0.0,
    "os": 0.0,
    "cn": 0.0,
    "system_design": 0.0
  }
}