{
  "total_episodes": 1149,
  "epoch": 3,
  "epoch_episode": 149,
  "actor_loss": 0.0004968718496530248,
  "value_loss": 6.1615136390999865,
  "entropy_loss": -0.010841891630637392,
  "mean_reward": 0.07514498776059823,
  "topic_performance": {
    "ds": 0.13886701101707924,
    "algo": 0.45693821305239474,
    "oops": 0.07514498776059823,
    "dbms": 0.14860431328022525,
    "os": 0.0,
    "cn": 0.0,
    "system_design": 0.0
  }
}