{
  "total_episodes": 426,
  "epoch": 1,
  "epoch_episode": 426,
  "actor_loss": 0.00023172422754611752,
  "value_loss": 10.612844119177288,
  "entropy_loss": -0.007266072831062992,
  "mean_reward": 0.07534032418398723,
  "topic_performance": {
    "ds": 0.12591126525569984,
    "algo": 0.3986755383422038,
    "oops": 0.10454814779484464,
    "dbms": 0.0,
    "os": 0.1662316667099011,
    "cn": 0.0,
    "system_design": 0.0
  }
}