{
  "total_episodes": 1424,
  "epoch": 3,
  "epoch_episode": 424,
  "actor_loss": 0.0029492003505642924,
  "value_loss": 10.054299031096056,
  "entropy_loss": -0.008582811353744706,
  "mean_reward": 0.06254365100588574,
  "topic_performance": {
    "ds": 0.16761548114479202,
    "algo": 0.10870878396790506,
    "oops": 0.3676395326998583,
    "dbms": 0.0,
    "os": 0.0,
    "cn": 0.0,
    "system_design": 0.0
  }
}