{
  "total_episodes": 1181,
  "epoch": 3,
  "epoch_episode": 181,
  "actor_loss": -0.0016409761806384358,
  "value_loss": 10.427976261470032,
  "entropy_loss": -0.01091000712552135,
  "mean_reward": 0.2514150650419752,
  "topic_performance": {
    "ds": 0.18755272745753193,
    "algo": 0.28715019819138793,
    "oops": 0.18174284803945467,
    "dbms": 0.0,
    "os": 0.15950614212743652,
    "cn": 0.0,
    "system_design": 0.0
  }
}