{
  "total_episodes": 212,
  "epoch": 1,
  "epoch_episode": 212,
  "actor_loss": 0.00019954359907528167,
  "value_loss": 8.989495974638805,
  "entropy_loss": -0.01027439433758151,
  "mean_reward": 0.1445738710312725,
  "topic_performance": {
    "ds": 0.1445738710312725,
    "algo": 0.18123654517496418,
    "oops": 0.0,
    "dbms": 0.0,
    "os": 0.0,
    "cn": 0.0,
    "system_design": 0.0
  }
}