{
  "total_episodes": 877,
  "epoch": 2,
  "epoch_episode": 377,
  "actor_loss": 5.681969246565943e-05,
  "value_loss": 8.266697292587553,
  "entropy_loss": -0.00928865409909615,
  "mean_reward": 0.06161620888736266,
  "topic_performance": {
    "ds": 0.12843885759829,
    "algo": 0.36933964995872576,
    "oops": 0.08705568377658784,
    "dbms": 0.0,
    "os": 0.0,
    "cn": 0.15085234195857714,
    "system_design": 0.0
  }
}