{
  "total_episodes": 1543,
  "epoch": 4,
  "epoch_episode": 43,
  "actor_loss": 0.001876520413990852,
  "value_loss": 7.29973483385528,
  "entropy_loss": -0.00915709941509379,
  "mean_reward": 0.37070587118715215,
  "topic_performance": {
    "ds": 0.0,
    "algo": 0.16328109301145918,
    "oops": 0.4038285874005635,
    "dbms": 0.0,
    "os": 0.0,
    "cn": 0.14227932976684127,
    "system_design": 0.0
  }
}