{
  "total_episodes": 954,
  "epoch": 2,
  "epoch_episode": 454,
  "actor_loss": 0.0002210356313162354,
  "value_loss": 10.24454540787438,
  "entropy_loss": -0.009694863141287506,
  "mean_reward": 0.07200820087468496,
  "topic_performance": {
    "ds": 0.07200820087468496,
    "algo": 0.2576343814366413,
    "oops": 0.15151147126212683,
    "dbms": 0.0,
    "os": 0.0,
    "cn": 0.0,
    "system_design": 0.0
  }
}