{
  "total_episodes": 525,
  "epoch": 2,
  "epoch_episode": 25,
  "actor_loss": 5.3502417908863484e-05,
  "value_loss": 10.569126646995496,
  "entropy_loss": -0.00809264859123495,
  "mean_reward": 0.2636431378294622,
  "topic_performance": {
    "ds": 0.2948474470748511,
    "algo": 0.1272026705861194,
    "oops": 0.11205411756514151,
    "dbms": 0.0,
    "os": 0.0,
    "cn": 0.3812685601367349,
    "system_design": 0.0
  }
}