{
  "total_episodes": 1888,
  "epoch": 4,
  "epoch_episode": 388,
  "actor_loss": 0.0002177478382567991,
  "value_loss": 7.458718709516245,
  "entropy_loss": -0.008306864166854085,
  "mean_reward": 0.3419903908565435,
  "topic_performance": {
    "ds": 0.5342448364911951,
    "algo": 0.11142635699004703,
    "oops": 0.2995390618725661,
    "dbms": 0.0,
    "os": 0.0,
    "cn": 0.0,
    "system_design": 0.0
  }
}