{
  "total_episodes": 1104,
  "epoch": 3,
  "epoch_episode": 104,
  "actor_loss": -0.0008743394017140082,
  "value_loss": 10.60699482966665,
  "entropy_loss": -0.010383622907523222,
  "mean_reward": 0.09225044790482012,
  "topic_performance": {
    "ds": 0.1479685185716175,
    "algo": 0.38939143963058437,
    "oops": 0.15896863711533615,
    "dbms": 0.0,
    "os": 0.0,
    "cn": 0.0,
    "system_design": 0.0
  }
}