{
  "total_episodes": 183,
  "epoch": 1,
  "epoch_episode": 183,
  "actor_loss": -5.9508332514339454e-05,
  "value_loss": 6.719729181341714,
  "entropy_loss": -0.011168259381807301,
  "mean_reward": 0.12624972400773593,
  "topic_performance": {
    "ds": 0.302268792998727,
    "algo": 0.1439876134844008,
    "oops": 0.12624972400773593,
    "dbms": 0.0,
    "os": 0.0,
    "cn": 0.0,
    "system_design": 0.0
  }
}