{
  "total_episodes": 2263,
  "epoch": 5,
  "epoch_episode": 263,
  "actor_loss": 0.0004265556338678242,
  "value_loss": 10.15884550309249,
  "entropy_loss": -0.009660345625034442,
  "mean_reward": 0.49358065588934885,
  "topic_performance": {
    "ds": 0.4692886042399011,
    "algo": 0.0,
    "oops": 0.17305325590170711,
    "dbms": 0.0,
    "os": 0.0,
    "cn": 0.0,
    "system_design": 0.16181701916038863
  }
}