{
  "total_episodes": 1642,
  "epoch": 4,
  "epoch_episode": 142,
  "actor_loss": 0.0005988193281335045,
  "value_loss": 8.870181205991717,
  "entropy_loss": -0.008916083341144198,
  "mean_reward": 0.13253813467198478,
  "topic_performance": {
    "ds": 0.13253813467198478,
    "algo": 0.4496881120324455,
    "oops": 0.3007829858707187,
    "dbms": 0.0,
    "os": 0.0,
    "cn": 0.0,
    "system_design": 0.16533476118185725
  }
}