{
  "total_episodes": 2074,
  "epoch": 5,
  "epoch_episode": 74,
  "actor_loss": 0.00031911561457130896,
  "value_loss": 5.905049947536165,
  "entropy_loss": -0.009378305959162577,
  "mean_reward": 0.24516486857843917,
  "topic_performance": {
    "ds": 0.1442640049393611,
    "algo": 0.3391853238502965,
    "oops": 0.1337438541890588,
    "dbms": 0.0,
    "os": 0.0,
    "cn": 0.0,
    "system_design": 0.0
  }
}