{
  "total_episodes": 2375,
  "epoch": 5,
  "epoch_episode": 375,
  "average_score": 0.1619939211407823,
  "time_efficiency": 2.0,
  "current_streak": 0,
  "difficulty_level": 4.0,
  "topic_performances": {
    "ds": 0.10602537023177165,
    "algo": 0.14705466825162744,
    "oops": 0.15925284778047494,
    "dbms": 0.0,
    "os": 0.0,
    "cn": 0.0,
    "system_design": 0.3053167160098025
  }
}