{
  "total_episodes": 1117,
  "epoch": 3,
  "epoch_episode": 117,
  "actor_loss": 0.002573952452122232,
  "value_loss": 5.33085622096701,
  "entropy_loss": -0.010636069823750297,
  "mean_reward": 0.0628791758497898,
  "topic_performance": {
    "ds": 0.12084349830610557,
    "algo": 0.3959250539004149,
    "oops": 0.21953735643345482,
    "dbms": 0.0,
    "os": 0.0,
    "cn": 0.0,
    "system_design": 0.0
  }
}