{
  "total_episodes": 1082,
  "epoch": 3,
  "epoch_episode": 82,
  "actor_loss": -0.00018003620964710253,
  "value_loss": 7.213020613402368,
  "entropy_loss": -0.010222491715195719,
  "mean_reward": 0.34103466684259975,
  "topic_performance": {
    "ds": 0.0,
    "algo": 0.31995318318360666,
    "oops": 0.3455148717365174,
    "dbms": 0.0,
    "os": 0.14289273401258398,
    "cn": 0.0,
    "system_design": 0.0
  }
}