{
  "total_episodes": 167,
  "epoch": 1,
  "epoch_episode": 167,
  "actor_loss": -3.941682819146759e-05,
  "value_loss": 5.970373343193795,
  "entropy_loss": -0.011215781785740621,
  "mean_reward": 0.22989300602446067,
  "topic_performance": {
    "ds": 0.21263819446694268,
    "algo": 0.0,
    "oops": 0.1462675340346009,
    "dbms": 0.0,
    "os": 0.0,
    "cn": 0.0,
    "system_design": 0.0
  }
}