{
  "total_episodes": 436,
  "epoch": 1,
  "epoch_episode": 436,
  "actor_loss": 3.939510904289699e-05,
  "value_loss": 7.614554062864149,
  "entropy_loss": -0.007109506411993606,
  "mean_reward": 0.1531877712428397,
  "topic_performance": {
    "ds": 0.0,
    "algo": 0.1531877712428397,
    "oops": 0.0,
    "dbms": 0.0,
    "os": 0.0,
    "cn": 0.15339559367381858,
    "system_design": 0.0
  }
}