{
  "total_episodes": 413,
  "epoch": 1,
  "epoch_episode": 413,
  "actor_loss": 0.0005451871190604272,
  "value_loss": 8.076320213881019,
  "entropy_loss": -0.007342173285453379,
  "mean_reward": 0.1662345515548279,
  "topic_performance": {
    "ds": 0.12087598239709312,
    "algo": 0.1021887613882531,
    "oops": 0.1422077310338762,
    "dbms": 0.0,
    "os": 0.0,
    "cn": 0.0,
    "system_design": 0.1538105997487661
  }
}