{
  "total_episodes": 1350,
  "epoch": 3,
  "epoch_episode": 350,
  "average_score": 0.17344923693496153,
  "time_efficiency": 2.0,
  "current_streak": 0,
  "difficulty_level": 4.0,
  "topic_performances": {
    "ds": 0.1197464507791464,
    "algo": 0.11321202519883972,
    "oops": 0.2556370225637609,
    "dbms": 0.0,
    "os": 0.0,
    "cn": 0.0,
    "system_design": 0.0
  }
}