{
  "total_episodes": 298,
  "epoch": 1,
  "epoch_episode": 298,
  "actor_loss": -0.000981483444674764,
  "value_loss": 10.413310964930997,
  "entropy_loss": -0.008049029074693317,
  "mean_reward": 0.43269970338363734,
  "topic_performance": {
    "ds": 0.33336777388854655,
    "algo": 0.2283111801942033,
    "oops": 0.0,
    "dbms": 0.0,
    "os": 0.0,
    "cn": 0.0,
    "system_design": 0.0
  }
}