{
  "total_episodes": 705,
  "epoch": 2,
  "epoch_episode": 205,
  "average_score": 0.24916896013113474,
  "time_efficiency": 2.0,
  "current_streak": 0,
  "difficulty_level": 4.0,
  "topic_performances": {
    "ds": 0.1679622489590688,
    "algo": 0.18446250964151417,
    "oops": 0.4276511124109916,
    "dbms": 0.0,
    "os": 0.0,
    "cn": 0.0,
    "system_design": 0.0
  }
}