{
  "total_episodes": 1319,
  "epoch": 3,
  "epoch_episode": 319,
  "actor_loss": 0.0007280153144858234,
  "value_loss": 8.104164141326562,
  "entropy_loss": -0.009720180908604137,
  "mean_reward": 0.3609198719998451,
  "topic_performance": {
    "ds": 0.4390680360422041,
    "algo": 0.11927337935346516,
    "oops": 0.3609198719998451,
    "dbms": 0.0,
    "os": 0.0,
    "cn": 0.1521149776191531,
    "system_design": 0.0
  }
}