{
  "total_episodes": 2349,
  "epoch": 5,
  "epoch_episode": 349,
  "actor_loss": -0.0009538919662335658,
  "value_loss": 11.915084398123465,
  "entropy_loss": -0.01013688996006476,
  "mean_reward": 0.07514498776059823,
  "topic_performance": {
    "ds": 0.13886701101707924,
    "algo": 0.45693821305239474,
    "oops": 0.07514498776059823,
    "dbms": 0.14860431328022525,
    "os": 0.0,
    "cn": 0.0,
    "system_design": 0.0
  }
}