{
  "total_episodes": 1565,
  "epoch": 4,
  "epoch_episode": 65,
  "actor_loss": -9.25838706732053e-05,
  "value_loss": 7.055133315168149,
  "entropy_loss": -0.00951594755300909,
  "mean_reward": 0.11834253111357865,
  "topic_performance": {
    "ds": 0.5185190332355517,
    "algo": 0.14962411536659947,
    "oops": 0.0,
    "dbms": 0.0,
    "os": 0.0,
    "cn": 0.15175463178310045,
    "system_design": 0.0
  }
}