{
  "total_episodes": 2372,
  "epoch": 5,
  "epoch_episode": 372,
  "actor_loss": 0.0035281630383927343,
  "value_loss": 6.085624400822548,
  "entropy_loss": -0.01005923731868498,
  "mean_reward": 0.5419711794015165,
  "topic_performance": {
    "ds": 0.0,
    "algo": 0.5419711794015165,
    "oops": 0.0,
    "dbms": 0.0,
    "os": 0.0,
    "cn": 0.26066843574665377,
    "system_design": 0.0
  }
}