{
  "total_episodes": 2138,
  "epoch": 5,
  "epoch_episode": 138,
  "actor_loss": 0.0005793410560044773,
  "value_loss": 8.128814161996736,
  "entropy_loss": -0.009511948305018156,
  "mean_reward": 0.16504602314538575,
  "topic_performance": {
    "ds": 0.20760466951704148,
    "algo": 0.0,
    "oops": 0.1616786919151097,
    "dbms": 0.0,
    "os": 0.0,
    "cn": 0.15582657191208057,
    "system_design": 0.0
  }
}