{
  "total_episodes": 512,
  "epoch": 2,
  "epoch_episode": 12,
  "actor_loss": -0.002416517710586748,
  "value_loss": 10.132950102404841,
  "entropy_loss": -0.007532338629926945,
  "mean_reward": 0.08089456329830454,
  "topic_performance": {
    "ds": 0.34052027614214764,
    "algo": 0.10857651771262271,
    "oops": 0.11360571447718132,
    "dbms": 0.0,
    "os": 0.0,
    "cn": 0.0,
    "system_design": 0.0
  }
}