{
  "total_episodes": 1876,
  "epoch": 4,
  "epoch_episode": 376,
  "actor_loss": -3.057662220920625e-05,
  "value_loss": 10.450015726171141,
  "entropy_loss": -0.008608691323680848,
  "mean_reward": 0.15949817405035666,
  "topic_performance": {
    "ds": 0.0,
    "algo": 0.15949817405035666,
    "oops": 0.14477266852369125,
    "dbms": 0.0,
    "os": 0.0,
    "cn": 0.0,
    "system_design": 0.0
  }
}