{
  "total_episodes": 1812,
  "epoch": 4,
  "epoch_episode": 312,
  "actor_loss": -0.0006353506802535567,
  "value_loss": 5.73976824067131,
  "entropy_loss": -0.00850370547458006,
  "mean_reward": 0.2274618041796613,
  "topic_performance": {
    "ds": 0.2274618041796613,
    "algo": 0.0,
    "oops": 0.0,
    "dbms": 0.0,
    "os": 0.0,
    "cn": 0.16736613837816924,
    "system_design": 0.0
  }
}