{
  "total_episodes": 595,
  "epoch": 2,
  "epoch_episode": 95,
  "average_score": 0.2812874959290643,
  "time_efficiency": 2.0,
  "current_streak": 0,
  "difficulty_level": 4.0,
  "topic_performances": {
    "ds": 0.4448257985808513,
    "algo": 0.28661946241033026,
    "oops": 0.0884116071219024,
    "dbms": 0.0,
    "os": 0.0,
    "cn": 0.19509801878087016,
    "system_design": 0.0
  }
}