{
  "total_episodes": 292,
  "epoch": 1,
  "epoch_episode": 292,
  "actor_loss": -0.00011080526414563377,
  "value_loss": 7.109162908514459,
  "entropy_loss": -0.008008836158116133,
  "mean_reward": 0.14021063515402854,
  "topic_performance": {
    "ds": 0.14021063515402854,
    "algo": 0.2643426075642434,
    "oops": 0.0,
    "dbms": 0.0,
    "os": 0.0,
    "cn": 0.0,
    "system_design": 0.0
  }
}