{
  "total_episodes": 2346,
  "epoch": 5,
  "epoch_episode": 346,
  "actor_loss": 0.0005383200162180239,
  "value_loss": 5.452580316166037,
  "entropy_loss": -0.010190637352642574,
  "mean_reward": 0.1060826691094938,
  "topic_performance": {
    "ds": 0.10374691374106979,
    "algo": 0.17078993296510447,
    "oops": 0.3187569917685375,
    "dbms": 0.0,
    "os": 0.0,
    "cn": 0.0,
    "system_design": 0.0
  }
}