{
  "total_episodes": 1975,
  "epoch": 4,
  "epoch_episode": 475,
  "actor_loss": -0.0023164621830333632,
  "value_loss": 8.109471075758066,
  "entropy_loss": -0.008767709579415138,
  "mean_reward": 0.14541204828574775,
  "topic_performance": {
    "ds": 0.19121704558932517,
    "algo": 0.0,
    "oops": 0.148137000737111,
    "dbms": 0.0,
    "os": 0.0,
    "cn": 0.0,
    "system_design": 0.0
  }
}