{
  "total_episodes": 39,
  "epoch": 1,
  "epoch_episode": 39,
  "actor_loss": 0.015239120403684664,
  "value_loss": 7.6612783485109786,
  "entropy_loss": -0.016425319507173693,
  "mean_reward": 0.2147420430495124,
  "topic_performance": {
    "ds": 0.13838604283552988,
    "algo": 0.2147420430495124,
    "oops": 0.0,
    "dbms": 0.0,
    "os": 0.0,
    "cn": 0.0,
    "system_design": 0.0
  }
}