{
  "total_episodes": 1805,
  "epoch": 4,
  "epoch_episode": 305,
  "actor_loss": -0.0006330082294683962,
  "value_loss": 8.35823663104406,
  "entropy_loss": -0.008395200039641629,
  "mean_reward": 0.1089677568835787,
  "topic_performance": {
    "ds": 0.0,
    "algo": 0.13121469431011465,
    "oops": 0.21981059723173257,
    "dbms": 0.0,
    "os": 0.23097626025626183,
    "cn": 0.0,
    "system_design": 0.0
  }
}