{
  "total_episodes": 1287,
  "epoch": 3,
  "epoch_episode": 287,
  "actor_loss": 0.000475061384419502,
  "value_loss": 9.669965734787684,
  "entropy_loss": -0.009586781858609948,
  "mean_reward": 0.12088874505770078,
  "topic_performance": {
    "ds": 0.0,
    "algo": 0.47769666986187687,
    "oops": 0.13525358140270674,
    "dbms": 0.0,
    "os": 0.0,
    "cn": 0.0,
    "system_design": 0.0
  }
}