{
  "total_episodes": 1482,
  "epoch": 3,
  "epoch_episode": 482,
  "actor_loss": 0.0006707961479078609,
  "value_loss": 8.592662998254124,
  "entropy_loss": -0.00896728962606574,
  "mean_reward": 0.08322936360435078,
  "topic_performance": {
    "ds": 0.14842716093419991,
    "algo": 0.08322936360435078,
    "oops": 0.20710237670231227,
    "dbms": 0.0,
    "os": 0.0,
    "cn": 0.0,
    "system_design": 0.0
  }
}