{
  "total_episodes": 1472,
  "epoch": 3,
  "epoch_episode": 472,
  "actor_loss": -0.0006426644753011114,
  "value_loss": 6.517680530927772,
  "entropy_loss": -0.00901284069851816,
  "mean_reward": 0.06696692988053113,
  "topic_performance": {
    "ds": 0.09694896028438418,
    "algo": 0.23519177030722527,
    "oops": 0.43894459325031815,
    "dbms": 0.14284323947774183,
    "os": 0.0,
    "cn": 0.0,
    "system_design": 0.0
  }
}