{
  "total_episodes": 980,
  "epoch": 2,
  "epoch_episode": 480,
  "actor_loss": -0.00033571004973583575,
  "value_loss": 13.24466526424273,
  "entropy_loss": -0.009834642138763432,
  "mean_reward": 0.45076795043976325,
  "topic_performance": {
    "ds": 0.45076795043976325,
    "algo": 0.0,
    "oops": 0.0,
    "dbms": 0.0,
    "os": 0.0,
    "cn": 0.0,
    "system_design": 0.3439438508215016
  }
}