{
  "total_episodes": 388,
  "epoch": 1,
  "epoch_episode": 388,
  "actor_loss": -6.01001623313481e-05,
  "value_loss": 7.1034834733321945,
  "entropy_loss": -0.00724669520598311,
  "mean_reward": 0.45808553437601657,
  "topic_performance": {
    "ds": 0.3116381331324327,
    "algo": 0.0,
    "oops": 0.0,
    "dbms": 0.0,
    "os": 0.0,
    "cn": 0.0,
    "system_design": 0.0
  }
}