{
  "total_episodes": 2439,
  "epoch": 5,
  "epoch_episode": 439,
  "actor_loss": 0.000521861155430204,
  "value_loss": 7.187343116902762,
  "entropy_loss": -0.009664747959144116,
  "mean_reward": 0.11580560000465494,
  "topic_performance": {
    "ds": 0.0,
    "algo": 0.38190172771053704,
    "oops": 0.11580560000465494,
    "dbms": 0.0,
    "os": 0.0,
    "cn": 0.0,
    "system_design": 0.12506969260123119
  }
}