{
  "total_episodes": 1972,
  "epoch": 4,
  "epoch_episode": 472,
  "actor_loss": 0.0010394587206097624,
  "value_loss": 10.045655970462445,
  "entropy_loss": -0.008598866559786844,
  "mean_reward": 0.14854860070431433,
  "topic_performance": {
    "ds": 0.0,
    "algo": 0.38782231314338994,
    "oops": 0.14854860070431433,
    "dbms": 0.0,
    "os": 0.0,
    "cn": 0.0,
    "system_design": 0.0
  }
}