{
  "total_episodes": 2445,
  "epoch": 5,
  "epoch_episode": 445,
  "actor_loss": 0.0014028341253420605,
  "value_loss": 11.108737085098536,
  "entropy_loss": -0.009322540636212597,
  "mean_reward": 0.0741734256719869,
  "topic_performance": {
    "ds": 0.35243933575350744,
    "algo": 0.3135632933571406,
    "oops": 0.0987534003600189,
    "dbms": 0.0,
    "os": 0.0,
    "cn": 0.0,
    "system_design": 0.3439438508215016
  }
}