{
  "total_episodes": 1920,
  "epoch": 4,
  "epoch_episode": 420,
  "actor_loss": 0.0005031223135563464,
  "value_loss": 16.541673196679778,
  "entropy_loss": -0.008542517488576932,
  "mean_reward": 0.4134635367986136,
  "topic_performance": {
    "ds": 0.5086402452702179,
    "algo": 0.48065300544675504,
    "oops": 0.408235587542927,
    "dbms": 0.14652218493975494,
    "os": 0.0,
    "cn": 0.0,
    "system_design": 0.0
  }
}