{
  "total_episodes": 1447,
  "epoch": 3,
  "epoch_episode": 447,
  "actor_loss": 0.002854475366282608,
  "value_loss": 7.894991281730486,
  "entropy_loss": -0.00839427702457053,
  "mean_reward": 0.10342346857503534,
  "topic_performance": {
    "ds": 0.4834394911186571,
    "algo": 0.12781022605224704,
    "oops": 0.0,
    "dbms": 0.0,
    "os": 0.0,
    "cn": 0.0,
    "system_design": 0.16298526390623144
  }
}