{
  "total_episodes": 1898,
  "epoch": 4,
  "epoch_episode": 398,
  "actor_loss": 0.0004504568634109564,
  "value_loss": 8.357898258772858,
  "entropy_loss": -0.008608937722985086,
  "mean_reward": 0.29141695369824083,
  "topic_performance": {
    "ds": 0.27804868037583186,
    "algo": 0.0,
    "oops": 0.43779321798374743,
    "dbms": 0.0,
    "os": 0.0,
    "cn": 0.0,
    "system_design": 0.0
  }
}