{
  "total_episodes": 2068,
  "epoch": 5,
  "epoch_episode": 68,
  "actor_loss": 0.0011932512322991643,
  "value_loss": 6.286582926951174,
  "entropy_loss": -0.009057340328205245,
  "mean_reward": 0.15307673585674533,
  "topic_performance": {
    "ds": 0.15307673585674533,
    "algo": 0.0,
    "oops": 0.0,
    "dbms": 0.0,
    "os": 0.0,
    "cn": 0.0,
    "system_design": 0.1538105997487661
  }
}