{
  "total_episodes": 1261,
  "epoch": 3,
  "epoch_episode": 261,
  "actor_loss": 0.0009500150456283586,
  "value_loss": 6.98251081614224,
  "entropy_loss": -0.009884935779639916,
  "mean_reward": 0.06161620888736266,
  "topic_performance": {
    "ds": 0.12843885759829,
    "algo": 0.36933964995872576,
    "oops": 0.08705568377658784,
    "dbms": 0.0,
    "os": 0.0,
    "cn": 0.15085234195857714,
    "system_design": 0.0
  }
}