{
  "total_episodes": 816,
  "epoch": 2,
  "epoch_episode": 316,
  "actor_loss": 0.0011951896915431246,
  "value_loss": 11.077979190834757,
  "entropy_loss": -0.008830971145146718,
  "mean_reward": 0.2049911538348706,
  "topic_performance": {
    "ds": 0.3740153359057925,
    "algo": 0.11086435347221812,
    "oops": 0.30019051711358913,
    "dbms": 0.0,
    "os": 0.0,
    "cn": 0.0,
    "system_design": 0.0
  }
}