{
  "total_episodes": 112,
  "epoch": 1,
  "epoch_episode": 112,
  "actor_loss": 0.0031865139010951067,
  "value_loss": 9.148526368585612,
  "entropy_loss": -0.013410850454389334,
  "mean_reward": 0.11321202519883972,
  "topic_performance": {
    "ds": 0.1197464507791464,
    "algo": 0.11321202519883972,
    "oops": 0.2556370225637609,
    "dbms": 0.0,
    "os": 0.0,
    "cn": 0.0,
    "system_design": 0.0
  }
}