{
  "total_episodes": 864,
  "epoch": 2,
  "epoch_episode": 364,
  "actor_loss": 0.0007315265247658496,
  "value_loss": 7.140933769720593,
  "entropy_loss": -0.008987161128717032,
  "mean_reward": 0.08172883866021992,
  "topic_performance": {
    "ds": 0.12808839561875288,
    "algo": 0.34126605110340513,
    "oops": 0.08938154611110774,
    "dbms": 0.0,
    "os": 0.0,
    "cn": 0.0,
    "system_design": 0.14251819000633648
  }
}