{
  "total_episodes": 285,
  "epoch": 1,
  "epoch_episode": 285,
  "average_score": 0.1275063996227981,
  "time_efficiency": 2.0,
  "current_streak": 0,
  "difficulty_level": 4.0,
  "topic_performances": {
    "ds": 0.1040388588530769,
    "algo": 0.15356139503289365,
    "oops": 0.08401452074115065,
    "dbms": 0.3292404065943245,
    "os": 0.0,
    "cn": 0.0,
    "system_design": 0.0
  }
}