{
  "total_episodes": 983,
  "epoch": 2,
  "epoch_episode": 483,
  "actor_loss": -0.0019467621013483781,
  "value_loss": 9.157996972670706,
  "entropy_loss": -0.009965006433946712,
  "mean_reward": 0.22448957670801462,
  "topic_performance": {
    "ds": 0.12999630923728128,
    "algo": 0.22448957670801462,
    "oops": 0.4357367779781754,
    "dbms": 0.0,
    "os": 0.0,
    "cn": 0.0,
    "system_design": 0.16336125971407078
  }
}