{
  "total_episodes": 1290,
  "epoch": 3,
  "epoch_episode": 290,
  "average_score": 0.15174614413249035,
  "time_efficiency": 2.0,
  "current_streak": 0,
  "difficulty_level": 4.0,
  "topic_performances": {
    "ds": 0.12394039352237776,
    "algo": 0.15437606901483192,
    "oops": 0.11305250609364431,
    "dbms": 0.0,
    "os": 0.0,
    "cn": 0.3542424228610749,
    "system_design": 0.0
  }
}