{
  "total_episodes": 10,
  "epoch": 1,
  "epoch_episode": 10,
  "actor_loss": 0.029581564878770082,
  "value_loss": 9.052353206253034,
  "entropy_loss": -0.019014041693086466,
  "mean_reward": 0.260424238758425,
  "topic_performance": {
    "ds": 0.12693099068823724,
    "algo": 0.2866354410802552,
    "oops": 0.4494283325911957,
    "dbms": 0.14284323947774183,
    "os": 0.0,
    "cn": 0.0,
    "system_design": 0.0
  }
}