{
  "total_episodes": 2432,
  "epoch": 5,
  "epoch_episode": 432,
  "actor_loss": 0.0010798457075151993,
  "value_loss": 6.967315948053731,
  "entropy_loss": -0.00934113743143076,
  "mean_reward": 0.33949134671005216,
  "topic_performance": {
    "ds": 0.38189022782335924,
    "algo": 0.23725256073091694,
    "oops": 0.25331475562921524,
    "dbms": 0.0,
    "os": 0.14435999908893649,
    "cn": 0.0,
    "system_design": 0.0
  }
}