{
  "total_episodes": 445,
  "epoch": 1,
  "epoch_episode": 445,
  "average_score": 0.3296676290184185,
  "time_efficiency": 2.0,
  "current_streak": 0,
  "difficulty_level": 4.0,
  "topic_performances": {
    "ds": 0.30525057792570504,
    "algo": 0.3643034697056805,
    "oops": 0.3780251251641922,
    "dbms": 0.0,
    "os": 0.14021711633893993,
    "cn": 0.0,
    "system_design": 0.0
  }
}