{
  "total_episodes": 2468,
  "epoch": 5,
  "epoch_episode": 468,
  "actor_loss": -0.00044645298656886546,
  "value_loss": 8.703135419929959,
  "entropy_loss": -0.009300308771032932,
  "mean_reward": 0.48491136429978304,
  "topic_performance": {
    "ds": 0.48491136429978304,
    "algo": 0.0,
    "oops": 0.0,
    "dbms": 0.0,
    "os": 0.0,
    "cn": 0.0,
    "system_design": 0.17541280606316706
  }
}