{
  "total_episodes": 797,
  "epoch": 2,
  "epoch_episode": 297,
  "actor_loss": 0.001584680307356584,
  "value_loss": 8.001148540247591,
  "entropy_loss": -0.009228180139273016,
  "mean_reward": 0.43816398015064617,
  "topic_performance": {
    "ds": 0.2560367691560433,
    "algo": 0.30173935907675997,
    "oops": 0.13357788435392448,
    "dbms": 0.0,
    "os": 0.15537117861756333,
    "cn": 0.0,
    "system_design": 0.0
  }
}