{
  "total_episodes": 2288,
  "epoch": 5,
  "epoch_episode": 288,
  "actor_loss": -0.0020745029770989744,
  "value_loss": 11.095388972486504,
  "entropy_loss": -0.009412120880922168,
  "mean_reward": 0.1937119386364198,
  "topic_performance": {
    "ds": 0.26237992882473626,
    "algo": 0.39798806436948225,
    "oops": 0.2930338049907752,
    "dbms": 0.0,
    "os": 0.0,
    "cn": 0.0,
    "system_design": 0.0
  }
}