{
  "total_episodes": 356,
  "epoch": 1,
  "epoch_episode": 356,
  "actor_loss": 0.0001876639910218584,
  "value_loss": 7.652971567722155,
  "entropy_loss": -0.007299043915426104,
  "mean_reward": 0.2859313878410187,
  "topic_performance": {
    "ds": 0.2859313878410187,
    "algo": 0.16820425274794581,
    "oops": 0.0,
    "dbms": 0.0,
    "os": 0.0,
    "cn": 0.0,
    "system_design": 0.0
  }
}