{
  "total_episodes": 1725,
  "epoch": 4,
  "epoch_episode": 225,
  "actor_loss": -0.00033450846221512904,
  "value_loss": 8.32881560245761,
  "entropy_loss": -0.008812141714696218,
  "mean_reward": 0.07180608189149756,
  "topic_performance": {
    "ds": 0.13706214307395573,
    "algo": 0.0,
    "oops": 0.18076308965559534,
    "dbms": 0.0,
    "os": 0.0,
    "cn": 0.0,
    "system_design": 0.1488589923344148
  }
}