{
  "total_episodes": 1770,
  "epoch": 4,
  "epoch_episode": 270,
  "actor_loss": -0.0004048921757704816,
  "value_loss": 10.4809601136918,
  "entropy_loss": -0.008343578102192977,
  "mean_reward": 0.10443829890731217,
  "topic_performance": {
    "ds": 0.13136640118649848,
    "algo": 0.0,
    "oops": 0.11896061404904083,
    "dbms": 0.0,
    "os": 0.0,
    "cn": 0.3566327236958654,
    "system_design": 0.0
  }
}