{
  "total_episodes": 375,
  "epoch": 1,
  "epoch_episode": 375,
  "average_score": 0.35085560317258613,
  "time_efficiency": 2.0,
  "current_streak": 0,
  "difficulty_level": 4.0,
  "topic_performances": {
    "ds": 0.46609247834659007,
    "algo": 0.4440282203139453,
    "oops": 0.21478101703607325,
    "dbms": 0.0,
    "os": 0.0,
    "cn": 0.1559151426686806,
    "system_design": 0.0
  }
}