{
  "total_episodes": 285,
  "epoch": 1,
  "epoch_episode": 285,
  "actor_loss": 0.001438450615776779,
  "value_loss": 6.469744743691244,
  "entropy_loss": -0.008358285045191339,
  "mean_reward": 0.05239618770897517,
  "topic_performance": {
    "ds": 0.10985156860634779,
    "algo": 0.15356139503289365,
    "oops": 0.08401452074115065,
    "dbms": 0.3292404065943245,
    "os": 0.0,
    "cn": 0.0,
    "system_design": 0.0
  }
}