{
  "total_episodes": 1824,
  "epoch": 4,
  "epoch_episode": 324,
  "actor_loss": -0.001811359939810945,
  "value_loss": 6.942620491047348,
  "entropy_loss": -0.00853299878808358,
  "mean_reward": 0.09492084701747575,
  "topic_performance": {
    "ds": 0.12039393093112644,
    "algo": 0.23748300483260765,
    "oops": 0.11089366614520846,
    "dbms": 0.1972075564855513,
    "os": 0.0,
    "cn": 0.0,
    "system_design": 0.0
  }
}