{
  "total_episodes": 2395,
  "epoch": 5,
  "epoch_episode": 395,
  "average_score": 0.1633170896401382,
  "time_efficiency": 2.0,
  "current_streak": 0,
  "difficulty_level": 4.0,
  "topic_performances": {
    "ds": 0.37943528630770706,
    "algo": 0.1021797915373705,
    "oops": 0.11639528940912153,
    "dbms": 0.0,
    "os": 0.0,
    "cn": 0.0,
    "system_design": 0.0
  }
}