{
  "total_episodes": 1936,
  "epoch": 4,
  "epoch_episode": 436,
  "actor_loss": 0.00023905905555529004,
  "value_loss": 8.289828454282617,
  "entropy_loss": -0.008420342872929166,
  "mean_reward": 0.48553892389967535,
  "topic_performance": {
    "ds": 0.49326315672005966,
    "algo": 0.11766521775821129,
    "oops": 0.22917697524888156,
    "dbms": 0.0,
    "os": 0.0,
    "cn": 0.0,
    "system_design": 0.16100661598755703
  }
}