{
  "total_episodes": 1818,
  "epoch": 4,
  "epoch_episode": 318,
  "actor_loss": 4.422026760553602e-06,
  "value_loss": 8.359325265108355,
  "entropy_loss": -0.008921746945258534,
  "mean_reward": 0.11094551189227823,
  "topic_performance": {
    "ds": 0.11094551189227823,
    "algo": 0.17115587173273883,
    "oops": 0.19542542004357863,
    "dbms": 0.1563665337284689,
    "os": 0.0,
    "cn": 0.0,
    "system_design": 0.0
  }
}