{
  "total_episodes": 253,
  "epoch": 1,
  "epoch_episode": 253,
  "actor_loss": 0.0017700023641523774,
  "value_loss": 9.763485810001049,
  "entropy_loss": -0.008866221881845122,
  "mean_reward": 0.13639198384682422,
  "topic_performance": {
    "ds": 0.4162141750376489,
    "algo": 0.23926841732892745,
    "oops": 0.32611752746974393,
    "dbms": 0.0,
    "os": 0.0,
    "cn": 0.0,
    "system_design": 0.0
  }
}