{
  "total_episodes": 660,
  "epoch": 2,
  "epoch_episode": 160,
  "average_score": 0.2603135584158002,
  "time_efficiency": 2.0,
  "current_streak": 0,
  "difficulty_level": 4.0,
  "topic_performances": {
    "ds": 0.04885030598449555,
    "algo": 0.34048790043148375,
    "oops": 0.2676651566771973,
    "dbms": 0.0,
    "os": 0.0,
    "cn": 0.0,
    "system_design": 0.0
  }
}