{
  "total_episodes": 1984,
  "epoch": 4,
  "epoch_episode": 484,
  "actor_loss": -0.0008654374092293947,
  "value_loss": 10.112162109882073,
  "entropy_loss": -0.009031105180981547,
  "mean_reward": 0.11138867470860306,
  "topic_performance": {
    "ds": 0.11668677568617776,
    "algo": 0.3047584022489646,
    "oops": 0.1141386464022647,
    "dbms": 0.0,
    "os": 0.0,
    "cn": 0.0,
    "system_design": 0.0
  }
}