{
  "total_episodes": 464,
  "epoch": 1,
  "epoch_episode": 464,
  "actor_loss": -0.0006985792001707375,
  "value_loss": 9.39966412764841,
  "entropy_loss": -0.007017663446653751,
  "mean_reward": 0.1068357897744971,
  "topic_performance": {
    "ds": 0.44081453405493587,
    "algo": 0.12279460682004029,
    "oops": 0.34863917784048976,
    "dbms": 0.0,
    "os": 0.0,
    "cn": 0.0,
    "system_design": 0.0
  }
}