{
  "total_episodes": 1879,
  "epoch": 4,
  "epoch_episode": 379,
  "actor_loss": 0.0014043563006856607,
  "value_loss": 14.28508393697066,
  "entropy_loss": -0.008695452701518065,
  "mean_reward": 0.16768001038683072,
  "topic_performance": {
    "ds": 0.3490242802870198,
    "algo": 0.0,
    "oops": 0.20974071670020336,
    "dbms": 0.0,
    "os": 0.15618467525337654,
    "cn": 0.0,
    "system_design": 0.0
  }
}