{
  "total_episodes": 2490,
  "epoch": 5,
  "epoch_episode": 490,
  "actor_loss": -9.702760579927868e-05,
  "value_loss": 9.886993807231057,
  "entropy_loss": -0.009264225667112557,
  "mean_reward": 0.5818315489967987,
  "topic_performance": {
    "ds": 0.4041136068511846,
    "algo": 0.48362489071098197,
    "oops": 0.17885578790064816,
    "dbms": 0.0,
    "os": 0.16229492572019852,
    "cn": 0.0,
    "system_design": 0.0
  }
}