{
  "total_episodes": 2365,
  "epoch": 5,
  "epoch_episode": 365,
  "actor_loss": 3.83737887329795e-06,
  "value_loss": 9.819822632091084,
  "entropy_loss": -0.01014258238952081,
  "mean_reward": 0.08742810431141605,
  "topic_performance": {
    "ds": 0.11587777985810112,
    "algo": 0.26509309027629063,
    "oops": 0.1220445476260542,
    "dbms": 0.0,
    "os": 0.0,
    "cn": 0.0,
    "system_design": 0.0
  }
}