{
  "total_episodes": 628,
  "epoch": 2,
  "epoch_episode": 128,
  "actor_loss": 0.0018202243129680333,
  "value_loss": 5.176702493506104,
  "entropy_loss": -0.007581371978473919,
  "mean_reward": 0.15527807517666953,
  "topic_performance": {
    "ds": 0.15527807517666953,
    "algo": 0.15131079556932825,
    "oops": 0.0,
    "dbms": 0.0,
    "os": 0.0,
    "cn": 0.0,
    "system_design": 0.0
  }
}