{
  "total_episodes": 555,
  "epoch": 2,
  "epoch_episode": 55,
  "average_score": 0.13840892848773673,
  "time_efficiency": 2.0,
  "current_streak": 0,
  "difficulty_level": 4.0,
  "topic_performances": {
    "ds": 0.08983237067504721,
    "algo": 0.3512560688684601,
    "oops": 0.13192232579207205,
    "dbms": 0.0,
    "os": 0.0,
    "cn": 0.0,
    "system_design": 0.14581443014043005
  }
}