{
  "total_episodes": 266,
  "epoch": 1,
  "epoch_episode": 266,
  "actor_loss": 0.00017615304377677706,
  "value_loss": 6.004059796928672,
  "entropy_loss": -0.008665003160660082,
  "mean_reward": 0.1700639903155324,
  "topic_performance": {
    "ds": 0.10110097426538449,
    "algo": 0.19523196254194067,
    "oops": 0.1700639903155324,
    "dbms": 0.0,
    "os": 0.0,
    "cn": 0.0,
    "system_design": 0.14585030179146213
  }
}