{
  "total_episodes": 586,
  "epoch": 2,
  "epoch_episode": 86,
  "actor_loss": 0.0010411100534191923,
  "value_loss": 10.35936862087095,
  "entropy_loss": -0.00786921976308171,
  "mean_reward": 0.3007742904527093,
  "topic_performance": {
    "ds": 0.25370396617574065,
    "algo": 0.2708722894185368,
    "oops": 0.14375366033138337,
    "dbms": 0.0,
    "os": 0.0,
    "cn": 0.0,
    "system_design": 0.0
  }
}