{
  "total_episodes": 77,
  "epoch": 1,
  "epoch_episode": 77,
  "actor_loss": 0.01380032272069726,
  "value_loss": 8.022286362196459,
  "entropy_loss": -0.014663334595519134,
  "mean_reward": 0.18412621348602787,
  "topic_performance": {
    "ds": 0.31928466616281304,
    "algo": 0.18437957074467068,
    "oops": 0.0,
    "dbms": 0.0,
    "os": 0.0,
    "cn": 0.0,
    "system_design": 0.16393235306497167
  }
}