{
  "total_episodes": 2077,
  "epoch": 5,
  "epoch_episode": 77,
  "actor_loss": 0.00035903944169549394,
  "value_loss": 7.2228145122250265,
  "entropy_loss": -0.009309549121947393,
  "mean_reward": 0.16494793325632656,
  "topic_performance": {
    "ds": 0.07633803769780514,
    "algo": 0.3933998721109979,
    "oops": 0.15581957677491365,
    "dbms": 0.14372320598316674,
    "os": 0.0,
    "cn": 0.0,
    "system_design": 0.0
  }
}