{
  "total_episodes": 1335,
  "epoch": 3,
  "epoch_episode": 335,
  "average_score": 0.23114064112851654,
  "time_efficiency": 2.0,
  "current_streak": 0,
  "difficulty_level": 4.0,
  "topic_performances": {
    "ds": 0.12639497167336736,
    "algo": 0.13368385607931338,
    "oops": 0.375048963579349,
    "dbms": 0.0,
    "os": 0.15008016097714788,
    "cn": 0.0,
    "system_design": 0.0
  }
}