{
  "total_episodes": 679,
  "epoch": 2,
  "epoch_episode": 179,
  "actor_loss": -0.00019204415487814736,
  "value_loss": 9.057545424094993,
  "entropy_loss": -0.00814018386137792,
  "mean_reward": 0.13202540975099974,
  "topic_performance": {
    "ds": 0.11204545065019046,
    "algo": 0.1432254847180924,
    "oops": 0.19784407106656868,
    "dbms": 0.0,
    "os": 0.0,
    "cn": 0.0,
    "system_design": 0.0
  }
}