{
  "total_episodes": 1956,
  "epoch": 4,
  "epoch_episode": 456,
  "actor_loss": -0.0012249380252253653,
  "value_loss": 4.7293876655951035,
  "entropy_loss": -0.008620520962101332,
  "mean_reward": 0.3714393404249133,
  "topic_performance": {
    "ds": 0.0,
    "algo": 0.0,
    "oops": 0.3714393404249133,
    "dbms": 0.0,
    "os": 0.24173271578323607,
    "cn": 0.0,
    "system_design": 0.0
  }
}