{
  "total_episodes": 2040,
  "epoch": 5,
  "epoch_episode": 40,
  "average_score": 0.20913690087180337,
  "time_efficiency": 2.0,
  "current_streak": 0,
  "difficulty_level": 4.0,
  "topic_performances": {
    "ds": 0.1632563249402827,
    "algo": 0.2768557751843253,
    "oops": 0.19275817708605236,
    "dbms": 0.0,
    "os": 0.0,
    "cn": 0.0,
    "system_design": 0.0
  }
}