{
  "total_episodes": 380,
  "epoch": 1,
  "epoch_episode": 380,
  "average_score": 0.17736326896868998,
  "time_efficiency": 2.0,
  "current_streak": 0,
  "difficulty_level": 4.0,
  "topic_performances": {
    "ds": 0.10331769811419494,
    "algo": 0.18658254316343226,
    "oops": 0.32834427018775364,
    "dbms": 0.0,
    "os": 0.0,
    "cn": 0.14392572736431572,
    "system_design": 0.0
  }
}