{
  "total_episodes": 452,
  "epoch": 1,
  "epoch_episode": 452,
  "actor_loss": 0.00017467749082615628,
  "value_loss": 5.203238032741286,
  "entropy_loss": -0.006963765330878201,
  "mean_reward": 0.43547039055603387,
  "topic_performance": {
    "ds": 0.0,
    "algo": 0.387862616344713,
    "oops": 0.0,
    "dbms": 0.0,
    "os": 0.0,
    "cn": 0.0,
    "system_design": 0.0
  }
}