{
  "total_episodes": 2352,
  "epoch": 5,
  "epoch_episode": 352,
  "actor_loss": 0.0015529652383049343,
  "value_loss": 10.214547179437407,
  "entropy_loss": -0.009794463839228783,
  "mean_reward": 0.3516296183415417,
  "topic_performance": {
    "ds": 0.38444350892695056,
    "algo": 0.32646988446659364,
    "oops": 0.48779940281139583,
    "dbms": 0.0,
    "os": 0.0,
    "cn": 0.0,
    "system_design": 0.2613685233254275
  }
}