{
  "total_episodes": 1145,
  "epoch": 3,
  "epoch_episode": 145,
  "average_score": 0.1581883994840335,
  "time_efficiency": 2.0,
  "current_streak": 0,
  "difficulty_level": 4.0,
  "topic_performances": {
    "ds": 0.11806704667669612,
    "algo": 0.1450154904044328,
    "oops": 0.18858422413629383,
    "dbms": 0.1563665337284689,
    "os": 0.0,
    "cn": 0.0,
    "system_design": 0.0
  }
}