{
  "total_episodes": 1508,
  "epoch": 4,
  "epoch_episode": 8,
  "actor_loss": -0.0011862310579108814,
  "value_loss": 9.934788003394413,
  "entropy_loss": -0.008901201686372982,
  "mean_reward": 0.12693099068823724,
  "topic_performance": {
    "ds": 0.12693099068823724,
    "algo": 0.0,
    "oops": 0.0,
    "dbms": 0.14284323947774183,
    "os": 0.0,
    "cn": 0.0,
    "system_design": 0.0
  }
}