{
  "total_episodes": 96,
  "epoch": 1,
  "epoch_episode": 96,
  "actor_loss": 0.00048140029402478807,
  "value_loss": 10.37203334412997,
  "entropy_loss": -0.013948579887033121,
  "mean_reward": 0.17189826926790688,
  "topic_performance": {
    "ds": 0.08536962067059158,
    "algo": 0.1506874659057118,
    "oops": 0.10330599763478604,
    "dbms": 0.0,
    "os": 0.0,
    "cn": 0.0,
    "system_design": 0.0
  }
}