{
  "total_episodes": 2096,
  "epoch": 5,
  "epoch_episode": 96,
  "actor_loss": -0.0016477577020854108,
  "value_loss": 10.645252363372604,
  "entropy_loss": -0.009042560512188488,
  "mean_reward": 0.0891881761211802,
  "topic_performance": {
    "ds": 0.19838249510880762,
    "algo": 0.135648558266717,
    "oops": 0.13743774492969915,
    "dbms": 0.0,
    "os": 0.4048830646585078,
    "cn": 0.0,
    "system_design": 0.0
  }
}