{
  "total_episodes": 2016,
  "epoch": 5,
  "epoch_episode": 16,
  "actor_loss": 0.000834834695034381,
  "value_loss": 5.626549320226664,
  "entropy_loss": -0.009051957723554101,
  "mean_reward": 0.1955658731026531,
  "topic_performance": {
    "ds": 0.14280749100598059,
    "algo": 0.14006076371193757,
    "oops": 0.11146024875955907,
    "dbms": 0.0,
    "os": 0.0,
    "cn": 0.0,
    "system_design": 0.0
  }
}