{
  "total_episodes": 484,
  "epoch": 1,
  "epoch_episode": 484,
  "actor_loss": -0.000715704735491128,
  "value_loss": 9.53296978299795,
  "entropy_loss": -0.00732796482850067,
  "mean_reward": 0.15287212337361497,
  "topic_performance": {
    "ds": 0.0,
    "algo": 0.0,
    "oops": 0.15287212337361497,
    "dbms": 0.0,
    "os": 0.0,
    "cn": 0.0,
    "system_design": 0.21658756772860271
  }
}