{
  "total_episodes": 1550,
  "epoch": 4,
  "epoch_episode": 50,
  "average_score": 0.26233320491429424,
  "time_efficiency": 2.0,
  "current_streak": 0,
  "difficulty_level": 4.0,
  "topic_performances": {
    "ds": 0.12257763578179647,
    "algo": 0.15412396495220743,
    "oops": 0.44830681173523274,
    "dbms": 0.0,
    "os": 0.0,
    "cn": 0.0,
    "system_design": 0.0
  }
}