{
  "total_episodes": 826,
  "epoch": 2,
  "epoch_episode": 326,
  "actor_loss": -0.0001334347805848051,
  "value_loss": 9.734166491428777,
  "entropy_loss": -0.009116639268013163,
  "mean_reward": 0.26988403072047873,
  "topic_performance": {
    "ds": 0.3683368409168287,
    "algo": 0.26988403072047873,
    "oops": 0.12848067605167848,
    "dbms": 0.16201802394411505,
    "os": 0.0,
    "cn": 0.0,
    "system_design": 0.0
  }
}