{
  "total_episodes": 1469,
  "epoch": 3,
  "epoch_episode": 469,
  "actor_loss": 0.00011292810457280648,
  "value_loss": 8.953410554727334,
  "entropy_loss": -0.00894365354576116,
  "mean_reward": 0.2210995552648844,
  "topic_performance": {
    "ds": 0.33376875798337363,
    "algo": 0.19034287379871248,
    "oops": 0.16259708502944198,
    "dbms": 0.0,
    "os": 0.0,
    "cn": 0.0,
    "system_design": 0.1676165573068437
  }
}