{
  "total_episodes": 772,
  "epoch": 2,
  "epoch_episode": 272,
  "actor_loss": -0.0009705608962638671,
  "value_loss": 8.15698944574913,
  "entropy_loss": -0.008734668585973587,
  "mean_reward": 0.22724190177142267,
  "topic_performance": {
    "ds": 0.22724190177142267,
    "algo": 0.0,
    "oops": 0.0,
    "dbms": 0.0,
    "os": 0.1661368323058972,
    "cn": 0.0,
    "system_design": 0.0
  }
}