{
  "total_episodes": 704,
  "epoch": 2,
  "epoch_episode": 204,
  "actor_loss": 0.0012324073979309547,
  "value_loss": 8.593736394948518,
  "entropy_loss": -0.00788670936078596,
  "mean_reward": 0.06112352082879677,
  "topic_performance": {
    "ds": 0.10717473577357124,
    "algo": 0.09991302331863099,
    "oops": 0.2488421481366405,
    "dbms": 0.0,
    "os": 0.0,
    "cn": 0.0,
    "system_design": 0.0
  }
}