{
  "total_episodes": 2100,
  "epoch": 5,
  "epoch_episode": 100,
  "actor_loss": 0.000829142963662006,
  "value_loss": 10.444139350938691,
  "entropy_loss": -0.009034370587118836,
  "mean_reward": 0.1498339620275817,
  "topic_performance": {
    "ds": 0.0,
    "algo": 0.1498339620275817,
    "oops": 0.1414192730437798,
    "dbms": 0.0,
    "os": 0.0,
    "cn": 0.0,
    "system_design": 0.0
  }
}