{
  "total_episodes": 1600,
  "epoch": 4,
  "epoch_episode": 100,
  "actor_loss": -9.284229156017836e-05,
  "value_loss": 7.855227554494602,
  "entropy_loss": -0.009239184140430701,
  "mean_reward": 0.07734486554458023,
  "topic_performance": {
    "ds": 0.2958858378520483,
    "algo": 0.10363998649978941,
    "oops": 0.11529332869615755,
    "dbms": 0.0,
    "os": 0.0,
    "cn": 0.15936559349128102,
    "system_design": 0.0
  }
}