{
  "total_episodes": 1754,
  "epoch": 4,
  "epoch_episode": 254,
  "actor_loss": -6.958357817343497e-05,
  "value_loss": 10.356070784379545,
  "entropy_loss": -0.008424911515041534,
  "mean_reward": 0.18166057370194066,
  "topic_performance": {
    "ds": 0.18166057370194066,
    "algo": 0.10649964716823869,
    "oops": 0.12428938329286003,
    "dbms": 0.0,
    "os": 0.0,
    "cn": 0.14394399900514465,
    "system_design": 0.0
  }
}