{
  "total_episodes": 2464,
  "epoch": 5,
  "epoch_episode": 464,
  "actor_loss": 0.00394283793848676,
  "value_loss": 11.846402011180064,
  "entropy_loss": -0.009028271826645916,
  "mean_reward": 0.3247690719155484,
  "topic_performance": {
    "ds": 0.48266859512353427,
    "algo": 0.42047374427159345,
    "oops": 0.26893063043609816,
    "dbms": 0.0,
    "os": 0.15761710463116774,
    "cn": 0.12100712935130326,
    "system_design": 0.0
  }
}