{
  "total_episodes": 2154,
  "epoch": 5,
  "epoch_episode": 154,
  "actor_loss": 0.0007413130168871324,
  "value_loss": 7.574050451762868,
  "entropy_loss": -0.00958894684516034,
  "mean_reward": 0.2987623232802349,
  "topic_performance": {
    "ds": 0.13838604283552988,
    "algo": 0.2147420430495124,
    "oops": 0.3212502238870678,
    "dbms": 0.0,
    "os": 0.0,
    "cn": 0.0,
    "system_design": 0.0
  }
}