{
  "total_episodes": 1517,
  "epoch": 4,
  "epoch_episode": 17,
  "actor_loss": -0.00026767143511120665,
  "value_loss": 9.190246892531619,
  "entropy_loss": -0.009166261473632717,
  "mean_reward": 0.4100418034428901,
  "topic_performance": {
    "ds": 0.3603223088707294,
    "algo": 0.28797532092473627,
    "oops": 0.11614654307316713,
    "dbms": 0.14940725367780214,
    "os": 0.0,
    "cn": 0.0,
    "system_design": 0.0
  }
}