{
  "total_episodes": 1437,
  "epoch": 3,
  "epoch_episode": 437,
  "actor_loss": -0.001074136975880676,
  "value_loss": 9.808112046267992,
  "entropy_loss": -0.008385239657370067,
  "mean_reward": 0.3671130380103931,
  "topic_performance": {
    "ds": 0.2659717291376362,
    "algo": 0.35963281722675716,
    "oops": 0.0,
    "dbms": 0.0,
    "os": 0.15455464230691482,
    "cn": 0.0,
    "system_design": 0.0
  }
}