{
  "total_episodes": 2266,
  "epoch": 5,
  "epoch_episode": 266,
  "actor_loss": 6.844567929534042e-05,
  "value_loss": 10.17109278746451,
  "entropy_loss": -0.009573253932804789,
  "mean_reward": 0.10715564576521772,
  "topic_performance": {
    "ds": 0.10715564576521772,
    "algo": 0.24979422946801275,
    "oops": 0.20938448569196932,
    "dbms": 0.0,
    "os": 0.0,
    "cn": 0.0,
    "system_design": 0.0
  }
}