{
  "total_episodes": 176,
  "epoch": 1,
  "epoch_episode": 176,
  "actor_loss": 0.0005862525958851842,
  "value_loss": 7.643694968552661,
  "entropy_loss": -0.01111729186655048,
  "mean_reward": 0.10440025709066397,
  "topic_performance": {
    "ds": 0.10804716972029138,
    "algo": 0.16529791674533004,
    "oops": 0.107237478656243,
    "dbms": 0.0,
    "os": 0.0,
    "cn": 0.0,
    "system_design": 0.0
  }
}