{
  "total_episodes": 439,
  "epoch": 1,
  "epoch_episode": 439,
  "actor_loss": 0.0012128201143644622,
  "value_loss": 6.785766442367413,
  "entropy_loss": -0.007135070013101824,
  "mean_reward": 0.36556293700002296,
  "topic_performance": {
    "ds": 0.1442640049393611,
    "algo": 0.38619555148622514,
    "oops": 0.0,
    "dbms": 0.0,
    "os": 0.0,
    "cn": 0.0,
    "system_design": 0.0
  }
}