{
  "total_episodes": 2325,
  "epoch": 5,
  "epoch_episode": 325,
  "average_score": 0.17496334105783712,
  "time_efficiency": 2.0,
  "current_streak": 0,
  "difficulty_level": 4.0,
  "topic_performances": {
    "ds": 0.12641014719779545,
    "algo": 0.4245014216074091,
    "oops": 0.0710848420883902,
    "dbms": 0.0,
    "os": 0.0,
    "cn": 0.0,
    "system_design": 0.0
  }
}