{
  "total_episodes": 2317,
  "epoch": 5,
  "epoch_episode": 317,
  "actor_loss": 0.0012076617009076605,
  "value_loss": 8.459242219923993,
  "entropy_loss": -0.009642230542571264,
  "mean_reward": 0.32649824536440575,
  "topic_performance": {
    "ds": 0.1633253913690057,
    "algo": 0.2175543000436249,
    "oops": 0.33430698578553625,
    "dbms": 0.0,
    "os": 0.0,
    "cn": 0.0,
    "system_design": 0.0
  }
}