{
  "total_episodes": 1792,
  "epoch": 4,
  "epoch_episode": 292,
  "actor_loss": 0.00021069939716444988,
  "value_loss": 7.546849532461769,
  "entropy_loss": -0.007991002013765082,
  "mean_reward": 0.12974673477961768,
  "topic_performance": {
    "ds": 0.10460866860852969,
    "algo": 0.4911838258047034,
    "oops": 0.12974673477961768,
    "dbms": 0.0,
    "os": 0.0,
    "cn": 0.0,
    "system_design": 0.0
  }
}