{
  "total_episodes": 2276,
  "epoch": 5,
  "epoch_episode": 276,
  "actor_loss": 8.092737062870975e-05,
  "value_loss": 10.485275138729289,
  "entropy_loss": -0.009567739718354697,
  "mean_reward": 0.15083887965004686,
  "topic_performance": {
    "ds": 0.0,
    "algo": 0.0,
    "oops": 0.15852961653686595,
    "dbms": 0.0,
    "os": 0.0,
    "cn": 0.0,
    "system_design": 0.0
  }
}