{
  "total_episodes": 475,
  "epoch": 1,
  "epoch_episode": 475,
  "average_score": 0.21834008379434217,
  "time_efficiency": 2.0,
  "current_streak": 0,
  "difficulty_level": 4.0,
  "topic_performances": {
    "ds": 0.09562276863603193,
    "algo": 0.37791063093716215,
    "oops": 0.12829666942889237,
    "dbms": 0.0,
    "os": 0.0,
    "cn": 0.0,
    "system_design": 0.0
  }
}