{
  "total_episodes": 2004,
  "epoch": 5,
  "epoch_episode": 4,
  "actor_loss": 0.0021019555987822577,
  "value_loss": 10.687466729617286,
  "entropy_loss": -0.009174960254630025,
  "mean_reward": 0.21492431439881554,
  "topic_performance": {
    "ds": 0.0,
    "algo": 0.21492431439881554,
    "oops": 0.3099819077527302,
    "dbms": 0.0,
    "os": 0.0,
    "cn": 0.0,
    "system_design": 0.0
  }
}