{
  "total_episodes": 1360,
  "epoch": 3,
  "epoch_episode": 360,
  "actor_loss": -0.0007133529662588019,
  "value_loss": 7.919716460314918,
  "entropy_loss": -0.009013588731348447,
  "mean_reward": 0.19001748461266513,
  "topic_performance": {
    "ds": 0.22841313013067255,
    "algo": 0.12563475463572954,
    "oops": 0.22162622216065722,
    "dbms": 0.0,
    "os": 0.0,
    "cn": 0.0,
    "system_design": 0.0
  }
}