{
  "total_episodes": 1204,
  "epoch": 3,
  "epoch_episode": 204,
  "actor_loss": 0.0013549593072195248,
  "value_loss": 11.233210121045655,
  "entropy_loss": -0.01015280921350003,
  "mean_reward": 0.20056134135361664,
  "topic_performance": {
    "ds": 0.0,
    "algo": 0.1747473197056187,
    "oops": 0.0,
    "dbms": 0.0,
    "os": 0.0,
    "cn": 0.0,
    "system_design": 0.0
  }
}