{
  "total_episodes": 224,
  "epoch": 1,
  "epoch_episode": 224,
  "actor_loss": 0.0008693411743357839,
  "value_loss": 7.369713236744556,
  "entropy_loss": -0.009767932466441693,
  "mean_reward": 0.24236414687259789,
  "topic_performance": {
    "ds": 0.10248667964509717,
    "algo": 0.4495039965370239,
    "oops": 0.19019507479285444,
    "dbms": 0.16820243705089732,
    "os": 0.0,
    "cn": 0.0,
    "system_design": 0.0
  }
}