{
  "total_episodes": 1821,
  "epoch": 4,
  "epoch_episode": 321,
  "actor_loss": -5.467316233851889e-05,
  "value_loss": 6.683008744449455,
  "entropy_loss": -0.00884104793569412,
  "mean_reward": 0.06711937528708264,
  "topic_performance": {
    "ds": 0.12046413921020321,
    "algo": 0.14975309417095692,
    "oops": 0.14958101291286935,
    "dbms": 0.0,
    "os": 0.0,
    "cn": 0.14646153111611582,
    "system_design": 0.0
  }
}