{
  "total_episodes": 2030,
  "epoch": 5,
  "epoch_episode": 30,
  "average_score": 0.11146995258083643,
  "time_efficiency": 2.0,
  "current_streak": 0,
  "difficulty_level": 4.0,
  "topic_performances": {
    "ds": 0.10232014019565622,
    "algo": 0.13845316442773406,
    "oops": 0.10076512732785571,
    "dbms": 0.16390529128658243,
    "os": 0.0,
    "cn": 0.0,
    "system_design": 0.0
  }
}