{
  "total_episodes": 1079,
  "epoch": 3,
  "epoch_episode": 79,
  "actor_loss": 0.0005733058545657026,
  "value_loss": 8.896541191184903,
  "entropy_loss": -0.010041488384626967,
  "mean_reward": 0.17941857409155698,
  "topic_performance": {
    "ds": 0.17941857409155698,
    "algo": 0.0,
    "oops": 0.13394824270570047,
    "dbms": 0.0,
    "os": 0.0,
    "cn": 0.16640132464488488,
    "system_design": 0.0
  }
}