{
  "total_episodes": 2384,
  "epoch": 5,
  "epoch_episode": 384,
  "actor_loss": 0.0009020761618601575,
  "value_loss": 8.74608254644768,
  "entropy_loss": -0.0104303519644523,
  "mean_reward": 0.1705423095052822,
  "topic_performance": {
    "ds": 0.09215103904267008,
    "algo": 0.12937343360439502,
    "oops": 0.30728157124933975,
    "dbms": 0.0,
    "os": 0.0,
    "cn": 0.0,
    "system_design": 0.0
  }
}