{
  "total_episodes": 470,
  "epoch": 1,
  "epoch_episode": 470,
  "average_score": 0.2429283828244031,
  "time_efficiency": 2.0,
  "current_streak": 0,
  "difficulty_level": 4.0,
  "topic_performances": {
    "ds": 0.10501311524570238,
    "algo": 0.4496881120324455,
    "oops": 0.2673724540897206,
    "dbms": 0.0,
    "os": 0.0,
    "cn": 0.0,
    "system_design": 0.16533476118185725
  }
}