{
  "total_episodes": 247,
  "epoch": 1,
  "epoch_episode": 247,
  "actor_loss": 2.7407626761177806e-08,
  "value_loss": 8.90729390965133,
  "entropy_loss": -0.009020829821040258,
  "mean_reward": 0.1419027399797163,
  "topic_performance": {
    "ds": 0.1419027399797163,
    "algo": 0.0,
    "oops": 0.27764805892035815,
    "dbms": 0.0,
    "os": 0.0,
    "cn": 0.0,
    "system_design": 0.0
  }
}