{
  "total_episodes": 1584,
  "epoch": 4,
  "epoch_episode": 84,
  "actor_loss": 0.00032566503521017814,
  "value_loss": 9.461251196956557,
  "entropy_loss": -0.00930008665545642,
  "mean_reward": 0.1024741716348041,
  "topic_performance": {
    "ds": 0.3479910700561433,
    "algo": 0.12257797770024004,
    "oops": 0.32554471292098425,
    "dbms": 0.0,
    "os": 0.0,
    "cn": 0.0,
    "system_design": 0.0
  }
}