{
  "total_episodes": 1488,
  "epoch": 3,
  "epoch_episode": 488,
  "actor_loss": -0.0011801287733249764,
  "value_loss": 6.0222535901667245,
  "entropy_loss": -0.00901741281547357,
  "mean_reward": 0.20213048842644707,
  "topic_performance": {
    "ds": 0.15856119216386658,
    "algo": 0.26833349885460417,
    "oops": 0.16005200710000103,
    "dbms": 0.0,
    "os": 0.0,
    "cn": 0.0,
    "system_design": 0.0
  }
}