{
  "total_episodes": 535,
  "epoch": 2,
  "epoch_episode": 35,
  "average_score": 0.12580521567151853,
  "time_efficiency": 2.0,
  "current_streak": 0,
  "difficulty_level": 4.0,
  "topic_performances": {
    "ds": 0.10673944936496353,
    "algo": 0.10602200999756117,
    "oops": 0.15530066434060394,
    "dbms": 0.0,
    "os": 0.0,
    "cn": 0.0,
    "system_design": 0.0
  }
}