{
  "total_episodes": 2430,
  "epoch": 5,
  "epoch_episode": 430,
  "average_score": 0.15759335064286528,
  "time_efficiency": 2.0,
  "current_streak": 0,
  "difficulty_level": 4.0,
  "topic_performances": {
    "ds": 0.0669357247760543,
    "algo": 0.2709816321789106,
    "oops": 0.11540735693766997,
    "dbms": 0.0,
    "os": 0.2745903756687576,
    "cn": 0.0,
    "system_design": 0.0
  }
}