{
  "total_episodes": 1056,
  "epoch": 3,
  "epoch_episode": 56,
  "actor_loss": 0.00019370449738517897,
  "value_loss": 9.798933024388038,
  "entropy_loss": -0.009538304954092287,
  "mean_reward": 0.2826137870962311,
  "topic_performance": {
    "ds": 0.10114147463129489,
    "algo": 0.21655456916187948,
    "oops": 0.3086346987997927,
    "dbms": 0.1580211591866132,
    "os": 0.0,
    "cn": 0.0,
    "system_design": 0.0
  }
}