{
  "total_episodes": 548,
  "epoch": 2,
  "epoch_episode": 48,
  "actor_loss": 0.0008077698148913056,
  "value_loss": 17.606105684596344,
  "entropy_loss": -0.008085024225088536,
  "mean_reward": 0.21538748821495735,
  "topic_performance": {
    "ds": 0.0,
    "algo": 0.0,
    "oops": 0.21538748821495735,
    "dbms": 0.0,
    "os": 0.2605168586205122,
    "cn": 0.0,
    "system_design": 0.0
  }
}