{
  "total_episodes": 395,
  "epoch": 1,
  "epoch_episode": 395,
  "average_score": 0.2844282242090546,
  "time_efficiency": 2.0,
  "current_streak": 0,
  "difficulty_level": 4.0,
  "topic_performances": {
    "ds": 0.31339702791802554,
    "algo": 0.2606322582793097,
    "oops": 0.28718737507307696,
    "dbms": 0.0,
    "os": 0.0,
    "cn": 0.0,
    "system_design": 0.0
  }
}