{
  "total_episodes": 932,
  "epoch": 2,
  "epoch_episode": 432,
  "actor_loss": 0.0003992395587778835,
  "value_loss": 8.683685247574065,
  "entropy_loss": -0.009512893405074921,
  "mean_reward": 0.44928784611336425,
  "topic_performance": {
    "ds": 0.44928784611336425,
    "algo": 0.0,
    "oops": 0.0,
    "dbms": 0.0,
    "os": 0.0,
    "cn": 0.0,
    "system_design": 0.16393235306497167
  }
}