{
  "total_episodes": 1345,
  "epoch": 3,
  "epoch_episode": 345,
  "average_score": 0.27414282305036225,
  "time_efficiency": 2.0,
  "current_streak": 0,
  "difficulty_level": 4.0,
  "topic_performances": {
    "ds": 0.31610989325753536,
    "algo": 0.09852947208568708,
    "oops": 0.3549549868315043,
    "dbms": 0.0,
    "os": 0.0,
    "cn": 0.0,
    "system_design": 0.0
  }
}