{
  "total_episodes": 2407,
  "epoch": 5,
  "epoch_episode": 407,
  "actor_loss": 0.0004824554398973328,
  "value_loss": 11.526162721239288,
  "entropy_loss": -0.009780275496988344,
  "mean_reward": 0.42570978266179393,
  "topic_performance": {
    "ds": 0.42570978266179393,
    "algo": 0.3593489278858186,
    "oops": 0.2585821640886228,
    "dbms": 0.0,
    "os": 0.1447675941999285,
    "cn": 0.0,
    "system_design": 0.0
  }
}