{
  "total_episodes": 672,
  "epoch": 2,
  "epoch_episode": 172,
  "actor_loss": -0.0034869117502257657,
  "value_loss": 6.6183047686074925,
  "entropy_loss": -0.007773419436467463,
  "mean_reward": 0.2319696797633657,
  "topic_performance": {
    "ds": 0.1645390869049789,
    "algo": 0.30745095248742843,
    "oops": 0.12065420288006766,
    "dbms": 0.0,
    "os": 0.0,
    "cn": 0.0,
    "system_design": 0.0
  }
}