{
  "total_episodes": 957,
  "epoch": 2,
  "epoch_episode": 457,
  "actor_loss": -0.0008379283106621793,
  "value_loss": 5.743070313644516,
  "entropy_loss": -0.009704006905548731,
  "mean_reward": 0.3799304394471167,
  "topic_performance": {
    "ds": 0.3372597722156959,
    "algo": 0.12221909913139174,
    "oops": 0.3058978941588506,
    "dbms": 0.0,
    "os": 0.14236073358900123,
    "cn": 0.0,
    "system_design": 0.0
  }
}