{
  "total_episodes": 685,
  "epoch": 2,
  "epoch_episode": 185,
  "average_score": 0.23438180880502082,
  "time_efficiency": 2.0,
  "current_streak": 0,
  "difficulty_level": 4.0,
  "topic_performances": {
    "ds": 0.10660003968595651,
    "algo": 0.13497403079037174,
    "oops": 0.3471084617912207,
    "dbms": 0.0,
    "os": 0.15350162924586364,
    "cn": 0.0,
    "system_design": 0.0
  }
}