{
  "total_episodes": 1364,
  "epoch": 3,
  "epoch_episode": 364,
  "actor_loss": -1.4573476619945958e-05,
  "value_loss": 9.122792598900366,
  "entropy_loss": -0.00898841554164146,
  "mean_reward": 0.1938608574128364,
  "topic_performance": {
    "ds": 0.1938608574128364,
    "algo": 0.0,
    "oops": 0.0,
    "dbms": 0.15723830802721675,
    "os": 0.0,
    "cn": 0.0,
    "system_design": 0.0
  }
}