{
  "total_episodes": 1421,
  "epoch": 3,
  "epoch_episode": 421,
  "actor_loss": 0.0017882509378310488,
  "value_loss": 13.654324351950649,
  "entropy_loss": -0.008642203949233854,
  "mean_reward": 0.3799304394471167,
  "topic_performance": {
    "ds": 0.3372597722156959,
    "algo": 0.12221909913139174,
    "oops": 0.3058978941588506,
    "dbms": 0.0,
    "os": 0.14236073358900123,
    "cn": 0.0,
    "system_design": 0.0
  }
}