{
  "total_episodes": 1248,
  "epoch": 3,
  "epoch_episode": 248,
  "actor_loss": 0.0003525611015648087,
  "value_loss": 8.776535333166507,
  "entropy_loss": -0.00979142765067752,
  "mean_reward": 0.10038599454533872,
  "topic_performance": {
    "ds": 0.07633803769780514,
    "algo": 0.3933998721109979,
    "oops": 0.13141260116876938,
    "dbms": 0.14372320598316674,
    "os": 0.0,
    "cn": 0.0,
    "system_design": 0.0
  }
}