{
  "total_episodes": 596,
  "epoch": 2,
  "epoch_episode": 96,
  "actor_loss": -0.0003829752060069726,
  "value_loss": 11.065908581352067,
  "entropy_loss": -0.007715467695995494,
  "mean_reward": 0.26339855448443306,
  "topic_performance": {
    "ds": 0.233186271088954,
    "algo": 0.26339855448443306,
    "oops": 0.0,
    "dbms": 0.0,
    "os": 0.0,
    "cn": 0.0,
    "system_design": 0.0
  }
}