{
  "total_episodes": 2404,
  "epoch": 5,
  "epoch_episode": 404,
  "actor_loss": -0.0002070902048670567,
  "value_loss": 9.066216152777043,
  "entropy_loss": -0.01006970187177594,
  "mean_reward": 0.5138036284901765,
  "topic_performance": {
    "ds": 0.5138036284901765,
    "algo": 0.1432110802351212,
    "oops": 0.0,
    "dbms": 0.0,
    "os": 0.0,
    "cn": 0.0,
    "system_design": 0.0
  }
}