{
  "total_episodes": 2218,
  "epoch": 5,
  "epoch_episode": 218,
  "actor_loss": 0.0002761681966861081,
  "value_loss": 10.844439873341624,
  "entropy_loss": -0.009604962407628528,
  "mean_reward": 0.10406496005424509,
  "topic_performance": {
    "ds": 0.0,
    "algo": 0.14967751616805963,
    "oops": 0.1389995212431785,
    "dbms": 0.0,
    "os": 0.0,
    "cn": 0.0,
    "system_design": 0.0
  }
}