{
  "total_episodes": 199,
  "epoch": 1,
  "epoch_episode": 199,
  "actor_loss": 0.0002608092694311406,
  "value_loss": 9.501161304602872,
  "entropy_loss": -0.010776585364714963,
  "mean_reward": 0.2636113258179802,
  "topic_performance": {
    "ds": 0.2636113258179802,
    "algo": 0.26647410069879807,
    "oops": 0.15927402304056099,
    "dbms": 0.0,
    "os": 0.0,
    "cn": 0.19337457907607353,
    "system_design": 0.0
  }
}