{
  "total_episodes": 420,
  "epoch": 1,
  "epoch_episode": 420,
  "average_score": 0.2528058023818187,
  "time_efficiency": 2.0,
  "current_streak": 0,
  "difficulty_level": 4.0,
  "topic_performances": {
    "ds": 0.3641127043628555,
    "algo": 0.3135632933571406,
    "oops": 0.10352501554703068,
    "dbms": 0.0,
    "os": 0.0,
    "cn": 0.0,
    "system_design": 0.3439438508215016
  }
}