{
  "total_episodes": 80,
  "epoch": 1,
  "epoch_episode": 80,
  "actor_loss": -0.0037461382925245853,
  "value_loss": 5.6902483212912625,
  "entropy_loss": -0.014374302936640779,
  "mean_reward": 0.1720871425933236,
  "topic_performance": {
    "ds": 0.11099183700405907,
    "algo": 0.21710988355312552,
    "oops": 0.20563014785525377,
    "dbms": 0.3477338382008431,
    "os": 0.0,
    "cn": 0.0,
    "system_design": 0.0
  }
}