{
  "total_episodes": 2461,
  "epoch": 5,
  "epoch_episode": 461,
  "actor_loss": -0.0007097854720709191,
  "value_loss": 7.638886603028195,
  "entropy_loss": -0.00954600281062174,
  "mean_reward": 0.07294670552199384,
  "topic_performance": {
    "ds": 0.14447098163000774,
    "algo": 0.08758712205449891,
    "oops": 0.1366269234443515,
    "dbms": 0.0,
    "os": 0.0,
    "cn": 0.16590710664331526,
    "system_design": 0.0
  }
}