{
  "total_episodes": 1399,
  "epoch": 3,
  "epoch_episode": 399,
  "actor_loss": -0.001139457608439913,
  "value_loss": 8.657016853012436,
  "entropy_loss": -0.008611622335169355,
  "mean_reward": 0.10901713326670447,
  "topic_performance": {
    "ds": 0.1267955021489885,
    "algo": 0.18123654517496418,
    "oops": 0.4658575326252454,
    "dbms": 0.0,
    "os": 0.0,
    "cn": 0.0,
    "system_design": 0.0
  }
}