{
  "total_episodes": 164,
  "epoch": 1,
  "epoch_episode": 164,
  "actor_loss": 0.00043004345752595887,
  "value_loss": 6.9068412322047665,
  "entropy_loss": -0.011352649286978777,
  "mean_reward": 0.1383826483073376,
  "topic_performance": {
    "ds": 0.1383826483073376,
    "algo": 0.0,
    "oops": 0.14200425869489602,
    "dbms": 0.0,
    "os": 0.0,
    "cn": 0.0,
    "system_design": 0.0
  }
}