{
  "total_episodes": 208,
  "epoch": 1,
  "epoch_episode": 208,
  "actor_loss": 0.0008708454563209481,
  "value_loss": 6.991752342568747,
  "entropy_loss": -0.01025730321965369,
  "mean_reward": 0.10334747166647107,
  "topic_performance": {
    "ds": 0.09035174384696368,
    "algo": 0.19794153217397747,
    "oops": 0.11149652863580767,
    "dbms": 0.15798814486916785,
    "os": 0.0,
    "cn": 0.0,
    "system_design": 0.0
  }
}