{
  "total_episodes": 368,
  "epoch": 1,
  "epoch_episode": 368,
  "actor_loss": 0.0025463459736877803,
  "value_loss": 11.42206122843965,
  "entropy_loss": -0.007279163487833143,
  "mean_reward": 0.2901685457480163,
  "topic_performance": {
    "ds": 0.3700887218839294,
    "algo": 0.3662519461950309,
    "oops": 0.41272818941452677,
    "dbms": 0.0,
    "os": 0.0,
    "cn": 0.0,
    "system_design": 0.0
  }
}