{
  "total_episodes": 975,
  "epoch": 2,
  "epoch_episode": 475,
  "average_score": 0.18966932006509035,
  "time_efficiency": 2.0,
  "current_streak": 0,
  "difficulty_level": 4.0,
  "topic_performances": {
    "ds": 0.3541899149080218,
    "algo": 0.09195514051515141,
    "oops": 0.132872840283551,
    "dbms": 0.0,
    "os": 0.0,
    "cn": 0.0,
    "system_design": 0.1596395135307309
  }
}