{
  "total_episodes": 605,
  "epoch": 2,
  "epoch_episode": 105,
  "actor_loss": 0.0014539273524251488,
  "value_loss": 7.665657986456495,
  "entropy_loss": -0.007911011864510738,
  "mean_reward": 0.27094394870405336,
  "topic_performance": {
    "ds": 0.2949394891610521,
    "algo": 0.0,
    "oops": 0.4904835668085547,
    "dbms": 0.0,
    "os": 0.0,
    "cn": 0.0,
    "system_design": 0.3249066939155627
  }
}