{
  "total_episodes": 2164,
  "epoch": 5,
  "epoch_episode": 164,
  "actor_loss": 0.00010152200941362134,
  "value_loss": 6.93801841115162,
  "entropy_loss": -0.009202186415286976,
  "mean_reward": 0.14420923394339413,
  "topic_performance": {
    "ds": 0.14420923394339413,
    "algo": 0.0,
    "oops": 0.0,
    "dbms": 0.18360609332454142,
    "os": 0.0,
    "cn": 0.0,
    "system_design": 0.0
  }
}