{
  "total_episodes": 365,
  "epoch": 1,
  "epoch_episode": 365,
  "actor_loss": 0.0005392647395875552,
  "value_loss": 8.717425521738962,
  "entropy_loss": -0.007368050741404468,
  "mean_reward": 0.3425077124643996,
  "topic_performance": {
    "ds": 0.42612442429826614,
    "algo": 0.32409316846859554,
    "oops": 0.4078845893966651,
    "dbms": 0.0,
    "os": 0.0,
    "cn": 0.0,
    "system_design": 0.0
  }
}