{
  "total_episodes": 850,
  "epoch": 2,
  "epoch_episode": 350,
  "average_score": 0.2040742098102383,
  "time_efficiency": 2.0,
  "current_streak": 0,
  "difficulty_level": 4.0,
  "topic_performances": {
    "ds": 0.11143092993922991,
    "algo": 0.345963867379926,
    "oops": 0.09876207308187887,
    "dbms": 0.0,
    "os": 0.0,
    "cn": 0.0,
    "system_design": 0.12506969260123119
  }
}