{
  "total_episodes": 1309,
  "epoch": 3,
  "epoch_episode": 309,
  "actor_loss": 0.0003544350875787994,
  "value_loss": 9.206078163014483,
  "entropy_loss": -0.009998862565660965,
  "mean_reward": 0.2966017799012528,
  "topic_performance": {
    "ds": 0.41368453327815485,
    "algo": 0.1258881206915149,
    "oops": 0.22289649693311028,
    "dbms": 0.0,
    "os": 0.0,
    "cn": 0.0,
    "system_design": 0.16709066971307313
  }
}