{
  "total_episodes": 1799,
  "epoch": 4,
  "epoch_episode": 299,
  "actor_loss": -0.000720194717702742,
  "value_loss": 8.048436144771161,
  "entropy_loss": -0.008293720442267626,
  "mean_reward": 0.10178794848574917,
  "topic_performance": {
    "ds": 0.42994006845800126,
    "algo": 0.14096747381315375,
    "oops": 0.0,
    "dbms": 0.0,
    "os": 0.0,
    "cn": 0.0,
    "system_design": 0.0
  }
}