{
  "total_episodes": 2330,
  "epoch": 5,
  "epoch_episode": 330,
  "average_score": 0.14620160517632602,
  "time_efficiency": 2.0,
  "current_streak": 0,
  "difficulty_level": 4.0,
  "topic_performances": {
    "ds": 0.29574927144263374,
    "algo": 0.12711740082330616,
    "oops": 0.09464843764326632,
    "dbms": 0.0,
    "os": 0.0,
    "cn": 0.0,
    "system_design": 0.1430405190150489
  }
}