{
  "interview_num": 780,
  "stats": {
    "average_score": 0.10937285625398238,
    "time_efficiency": 0.3047359427393436,
    "topic_performances": {
      "ds": 0.12587744003613274,
      "algo": 0.07777530027700245,
      "oops": 0.09145666088451132,
      "dbms": 0.0,
      "os": 0.0,
      "cn": 0.0,
      "system_design": 0.0
    },
    "current_streak": 0,
    "difficulty_level": 1.0
  },
  "timestamp": "20250503_210945"
}