{
  "interview_num": 800,
  "stats": {
    "average_score": 0.1661212458274066,
    "time_efficiency": 0.12098111607539366,
    "topic_performances": {
      "ds": 0.19722369597505024,
      "algo": 0.10290922175144654,
      "oops": 0.3019024031260665,
      "dbms": 0.0,
      "os": 0.0,
      "cn": 0.15877838424201235,
      "system_design": 0.0
    },
    "current_streak": 0,
    "difficulty_level": 1.0
  },
  "timestamp": "20250503_215842"
}