{
  "episode": 360,
  "epoch": 1,
  "mean_reward": 0.22815154936335805,
  "best_reward": 0.44206984182377107,
  "avg_reward_100": 0.212567000975801,
  "avg_policy_loss_100": 0.00046848858559605513,
  "avg_value_loss_100": 8.786273182034911,
  "timestamp": "20250507_112053"
}