{
  "episode": 1980,
  "epoch": 4,
  "mean_reward": 0.28037505192851764,
  "best_reward": 0.4567905254997499,
  "timestamp": "20250503_213604"
}