{
  "final_stats": {
    "average_score": 0.8059692067691238,
    "time_efficiency": 0.46495823317418844,
    "topic_performances": {
      "ds": 0.8466780075015389,
      "algo": 0.0,
      "oops": 0.8198965531381369,
      "dbms": 0.6534434742247126,
      "os": 0.88280674264138,
      "cn": 0.9573157787173525,
      "system_design": 0.8549289101886557
    },
    "current_streak": 0,
    "difficulty_level": 2.0214234910586804
  },
  "mean_reward": 0.8059692067691238,
  "policy_loss": 0.0,
  "value_loss": 0.0,
  "timestamp": "20250503_185225"
}