{
  "episode": 220,
  "epoch": 1,
  "mean_reward": 0.1870183855439363,
  "best_reward": 0.4567905254997499,
  "timestamp": "20250503_210905"
}