{
  "episode": 1270,
  "epoch": 3,
  "mean_reward": 0.28079920937882163,
  "best_reward": 0.4567905254997499,
  "timestamp": "20250503_211025"
}