{
  "episode": 2030,
  "epoch": 5,
  "mean_reward": 0.11146995258083643,
  "best_reward": 0.4567905254997499,
  "avg_reward_100": 0.20661008574223125,
  "avg_policy_loss_100": 0.00015799126451623136,
  "avg_value_loss_100": 8.623078653077412,
  "timestamp": "20250507_112322"
}