{
  "episode": 1540,
  "epoch": 4,
  "mean_reward": 0.12662830651605345,
  "best_reward": 0.4567905254997499,
  "timestamp": "20250503_213525"
}