{
  "episode": 1150,
  "epoch": 3,
  "mean_reward": 0.20625690012392112,
  "best_reward": 0.4567905254997499,
  "avg_reward_100": 0.21528691400553746,
  "avg_policy_loss_100": -5.456898737198298e-05,
  "avg_value_loss_100": 8.755649754319629,
  "timestamp": "20250507_112156"
}