{
  "episode": 20,
  "epoch": 1,
  "mean_reward": 0.8049705637937151,
  "best_reward": 0.9018350774636698,
  "timestamp": "20250503_190618"
}