{
  "episode": 540,
  "epoch": 2,
  "mean_reward": 0.12077092811782361,
  "best_reward": 0.4567905254997499,
  "avg_reward_100": 0.2133365563365453,
  "avg_policy_loss_100": -6.915359462610909e-05,
  "avg_value_loss_100": 8.739075859327679,
  "timestamp": "20250507_112106"
}