{
  "episode": 1030,
  "epoch": 3,
  "mean_reward": 0.22868115203375342,
  "best_reward": 0.4567905254997499,
  "timestamp": "20250503_215859"
}