{
  "final_stats": {
    "average_score": 0.6294181725177618,
    "time_efficiency": 0.8260339911074764,
    "topic_performances": {
      "ds": 0.37807710837194297,
      "algo": 0.0,
      "oops": 0.5849191369815676,
      "dbms": 0.9109357842368008,
      "os": 0.681040049466461,
      "cn": 0.0,
      "system_design": 0.6983911171002912
    },
    "current_streak": 1,
    "difficulty_level": 6.440947739608994
  },
  "mean_reward": 0.6294181725177618,
  "policy_loss": 0.0,
  "value_loss": 0.0,
  "timestamp": "20250503_184541"
}