{
  "episode": 2280,
  "epoch": 5,
  "mean_reward": 0.1354802863066618,
  "best_reward": 0.4567905254997499,
  "timestamp": "20250503_213630"
}