{
  "interview_num": 860,
  "stats": {
    "average_score": 0.18641630502454265,
    "time_efficiency": 0.3752052425553366,
    "topic_performances": {
      "ds": 0.10290203315073111,
      "algo": 0.3161689470677439,
      "oops": 0.22087371013758683,
      "dbms": 0.0,
      "os": 0.0,
      "cn": 0.0,
      "system_design": 0.15759589309425387
    },
    "current_streak": 0,
    "difficulty_level": 1.0
  },
  "timestamp": "20250503_210951"
}