{
  "interview_num": 2190,
  "stats": {
    "average_score": 0.3297335484318971,
    "time_efficiency": 0.43372521852230694,
    "topic_performances": {
      "ds": 0.233747865864626,
      "algo": 0.13734796202992855,
      "oops": 0.4371434979709301,
      "dbms": 0.0,
      "os": 0.0,
      "cn": 0.27302643484051436,
      "system_design": 0.0
    },
    "current_streak": 0,
    "difficulty_level": 1.5
  },
  "timestamp": "20250503_220044"
}