{
  "interview_num": 2090,
  "stats": {
    "average_score": 0.1954283493314006,
    "time_efficiency": 0.013886210332694182,
    "topic_performances": {
      "ds": 0.358029181991786,
      "algo": 0.0929896448764635,
      "oops": 0.2382456438925211,
      "dbms": 0.0,
      "os": 0.1515296181470167,
      "cn": 0.0,
      "system_design": 0.0
    },
    "current_streak": 0,
    "difficulty_level": 1.0
  },
  "timestamp": "20250503_211140"
}