{
  "episode": 1270,
  "epoch": 3,
  "mean_reward": 0.2907519584229654,
  "best_reward": 0.4567905254997499,
  "avg_reward_100": 0.21425103312278934,
  "avg_policy_loss_100": 3.5763450984570885e-05,
  "avg_value_loss_100": 8.420692549507296,
  "timestamp": "20250507_112207"
}