{
  "episode": 2460,
  "epoch": 5,
  "mean_reward": 0.23093980796369032,
  "best_reward": 0.4567905254997499,
  "timestamp": "20250503_220111"
}