{
  "interview_num": 330,
  "stats": {
    "average_score": 0.19157538707699945,
    "time_efficiency": 0.5882803964959672,
    "topic_performances": {
      "ds": 0.33376875798337363,
      "algo": 0.1676426083504981,
      "oops": 0.13667645469813702,
      "dbms": 0.0,
      "os": 0.0,
      "cn": 0.0,
      "system_design": 0.1676165573068437
    },
    "current_streak": 0,
    "difficulty_level": 1.0
  },
  "timestamp": "20250503_210912"
}