{
  "interview_num": 1590,
  "stats": {
    "average_score": 0.21290167475028535,
    "time_efficiency": 0.12490898685425815,
    "topic_performances": {
      "ds": 0.08900952899098767,
      "algo": 0.25825500614392466,
      "oops": 0.0,
      "dbms": 0.0,
      "os": 0.0,
      "cn": 0.0,
      "system_design": 0.1432126465134056
    },
    "current_streak": 0,
    "difficulty_level": 1.0
  },
  "timestamp": "20250503_213529"
}