{
  "episode": 2320,
  "epoch": 5,
  "mean_reward": 0.20913690087180337,
  "best_reward": 0.4567905254997499,
  "timestamp": "20250503_220057"
}