{
  "episode": 1840,
  "epoch": 4,
  "mean_reward": 0.1531338117986542,
  "best_reward": 0.4567905254997499,
  "timestamp": "20250503_213551"
}