{
  "interview_num": 1240,
  "stats": {
    "average_score": 0.3049399903220971,
    "time_efficiency": 0.1950827939830599,
    "topic_performances": {
      "ds": 0.3896538216704517,
      "algo": 0.2779076276434104,
      "oops": 0.19975083091497237,
      "dbms": 0.0,
      "os": 0.0,
      "cn": 0.0,
      "system_design": 0.14581387775194704
    },
    "current_streak": 0,
    "difficulty_level": 1.0
  },
  "timestamp": "20250503_215917"
}