{
  "episode": 340,
  "epoch": 1,
  "mean_reward": 0.23937208255058398,
  "best_reward": 0.4567905254997499,
  "timestamp": "20250503_213353"
}