{
  "episode": 430,
  "epoch": 1,
  "mean_reward": 0.21950293777702307,
  "best_reward": 0.44814499888987414,
  "avg_reward_100": 0.21771966441570106,
  "avg_policy_loss_100": -5.695193024851581e-06,
  "avg_value_loss_100": 8.789059043091981,
  "timestamp": "20250507_112058"
}