{
  "interview_num": 1750,
  "stats": {
    "average_score": 0.11345393050095767,
    "time_efficiency": 0.10504926487526012,
    "topic_performances": {
      "ds": 0.12261348556503959,
      "algo": 0.15314164163823157,
      "oops": 0.08407623369685235,
      "dbms": 0.0,
      "os": 0.0,
      "cn": 0.0,
      "system_design": 0.16264788211877265
    },
    "current_streak": 0,
    "difficulty_level": 1.0
  },
  "timestamp": "20250503_213543"
}