{
  "total_episodes": 4,
  "epoch": 1,
  "epoch_episode": 4,
  "question_number": 2,
  "topic": "oops",
  "subtopic": "Polymorphism",
  "difficulty": 3.505563790192984,
  "performance": 0.13495968549008708,
  "time_taken": 19.493525066860524,
  "actor_loss": -0.020961965430546962,
  "value_loss": 117.60532654248968,
  "entropy_loss": -0.01447412588378744,
  "topic_means": {
    "ds": 0.0,
    "algo": 0.0,
    "oops": 0.13495968549008708,
    "dbms": 0.0,
    "os": 0.0,
    "cn": 0.16852126339766133,
    "system_design": 0.0
  },
  "consecutive_low_scores": 1,
  "safety_constraints_applied": true
}