{
  "total_episodes": 186,
  "epoch": 1,
  "epoch_episode": 186,
  "question_number": 6,
  "topic": "oops",
  "subtopic": "Classes",
  "difficulty": 2.3945776926895603,
  "performance": 0.38458806939407747,
  "time_taken": 11.829997049482746,
  "actor_loss": 0.0016009498909286765,
  "value_loss": 23.650745975343145,
  "entropy_loss": -0.007247723660372668,
  "topic_means": {
    "ds": 0.1451689954370099,
    "algo": 0.0,
    "oops": 0.3700161921014568,
    "dbms": 0.0,
    "os": 0.0,
    "cn": 0.0,
    "system_design": 0.0
  },
  "consecutive_low_scores": 3,
  "safety_constraints_applied": true
}