{
  "total_episodes": 160,
  "epoch": 1,
  "epoch_episode": 160,
  "question_number": 10,
  "topic": "ds",
  "subtopic": "Graphs",
  "difficulty": 1.188,
  "performance": 0.10849014578586776,
  "time_taken": 14.424163591796752,
  "actor_loss": 0.0038154508254065744,
  "value_loss": 27.202972907864723,
  "entropy_loss": -0.00818899724654526,
  "topic_means": {
    "ds": 0.11579241796942058,
    "algo": 0.40743314667560593,
    "oops": 0.1582759749575933,
    "dbms": 0.0,
    "os": 0.24659080789445068,
    "cn": 0.0,
    "system_design": 0.0
  },
  "consecutive_low_scores": 7,
  "safety_constraints_applied": true
}