{
  "total_episodes": 221,
  "epoch": 1,
  "epoch_episode": 221,
  "question_number": 8,
  "topic": "oops",
  "subtopic": "Design Patterns",
  "difficulty": 1.188,
  "performance": 0.2065592369893423,
  "time_taken": 9.777756887657,
  "actor_loss": 0.0035926605117457093,
  "value_loss": 33.3751733163537,
  "entropy_loss": -0.006278556454061457,
  "topic_means": {
    "ds": 0.12404108492193881,
    "algo": 0.0,
    "oops": 0.22398149696036207,
    "dbms": 0.0,
    "os": 0.0,
    "cn": 0.0,
    "system_design": 0.0
  },
  "consecutive_low_scores": 7,
  "safety_constraints_applied": true
}