{
  "total_episodes": 189,
  "epoch": 1,
  "epoch_episode": 189,
  "question_number": 8,
  "topic": "algo",
  "subtopic": "Dynamic Programming",
  "difficulty": 3.018043020038719,
  "performance": 0.07381182921950943,
  "time_taken": 18.11188463336209,
  "actor_loss": 0.0007348045210538747,
  "value_loss": 29.379203648757844,
  "entropy_loss": -0.007174653728708849,
  "topic_means": {
    "ds": 0.12027241424014616,
    "algo": 0.2768557751843253,
    "oops": 0.19275817708605236,
    "dbms": 0.0,
    "os": 0.0,
    "cn": 0.0,
    "system_design": 0.0
  },
  "consecutive_low_scores": 4,
  "safety_constraints_applied": true
}