{
  "total_episodes": 237,
  "epoch": 1,
  "epoch_episode": 237,
  "question_number": 8,
  "topic": "ds",
  "subtopic": "Trees",
  "difficulty": 2.7606588264720107,
  "performance": 0.0981672577293838,
  "time_taken": 9.821876064101774,
  "actor_loss": -0.007142680223440774,
  "value_loss": 22.7267128004022,
  "entropy_loss": -0.005726242693452873,
  "topic_means": {
    "ds": 0.11462961133848709,
    "algo": 0.13090373176159772,
    "oops": 0.420556515052371,
    "dbms": 0.0,
    "os": 0.0,
    "cn": 0.0,
    "system_design": 0.0
  },
  "consecutive_low_scores": 3,
  "safety_constraints_applied": true
}