{
  "total_episodes": 487,
  "epoch": 1,
  "epoch_episode": 487,
  "question_number": 4,
  "topic": "oops",
  "subtopic": "Polymorphism",
  "difficulty": 1.584,
  "performance": 0.10036474671843976,
  "time_taken": 13.18378785405345,
  "actor_loss": -0.001333217408953106,
  "value_loss": 28.314867817502282,
  "entropy_loss": 0.0013969197869321166,
  "topic_means": {
    "ds": 0.152955295997095,
    "algo": 0.1346719502672501,
    "oops": 0.19686073369849774,
    "dbms": 0.0,
    "os": 0.0,
    "cn": 0.0,
    "system_design": 0.0
  },
  "consecutive_low_scores": 3,
  "safety_constraints_applied": true
}