{
  "total_episodes": 378,
  "epoch": 1,
  "epoch_episode": 378,
  "question_number": 6,
  "topic": "ds",
  "subtopic": "Graphs",
  "difficulty": 1.584,
  "performance": 0.09589661249265025,
  "time_taken": 14.371975874589255,
  "actor_loss": 0.000995540764529887,
  "value_loss": 29.42873067138509,
  "entropy_loss": -0.0016785525513918205,
  "topic_means": {
    "ds": 0.11774408658589952,
    "algo": 0.15502697526565024,
    "oops": 0.18018956208897896,
    "dbms": 0.0,
    "os": 0.0,
    "cn": 0.0,
    "system_design": 0.0
  },
  "consecutive_low_scores": 5,
  "safety_constraints_applied": true
}