{
  "total_episodes": 244,
  "epoch": 1,
  "epoch_episode": 244,
  "question_number": 2,
  "topic": "ds",
  "subtopic": "Graphs",
  "difficulty": 3.507771175660827,
  "performance": 0.4459498132381848,
  "time_taken": 7.825669024079618,
  "actor_loss": -0.0012027199831263018,
  "value_loss": 24.557345935108735,
  "entropy_loss": -0.005495970277527314,
  "topic_means": {
    "ds": 0.4459498132381848,
    "algo": 0.0,
    "oops": 0.16925705855360906,
    "dbms": 0.0,
    "os": 0.0,
    "cn": 0.0,
    "system_design": 0.0
  },
  "consecutive_low_scores": 1,
  "safety_constraints_applied": true
}