{
  "total_episodes": 212,
  "epoch": 1,
  "epoch_episode": 212,
  "question_number": 2,
  "topic": "oops",
  "subtopic": "Classes",
  "difficulty": 3.7620019437987837,
  "performance": 0.3663406720426933,
  "time_taken": 7.222324746697116,
  "actor_loss": 0.0008949873151305479,
  "value_loss": 24.439198755637797,
  "entropy_loss": -0.0063544221652872546,
  "topic_means": {
    "ds": 0.0,
    "algo": 0.0,
    "oops": 0.3101706599878106,
    "dbms": 0.0,
    "os": 0.0,
    "cn": 0.0,
    "system_design": 0.0
  },
  "consecutive_low_scores": 1,
  "safety_constraints_applied": true
}