{
  "total_episodes": 231,
  "epoch": 1,
  "epoch_episode": 231,
  "question_number": 4,
  "topic": "algo",
  "subtopic": "Dynamic Programming",
  "difficulty": 3.2733136684758266,
  "performance": 0.10279377535926448,
  "time_taken": 20.26242094496875,
  "actor_loss": -0.0040119492370702895,
  "value_loss": 31.69295380208012,
  "entropy_loss": -0.005775615735101986,
  "topic_means": {
    "ds": 0.4105284459931273,
    "algo": 0.10279377535926448,
    "oops": 0.0,
    "dbms": 0.0,
    "os": 0.0,
    "cn": 0.0,
    "system_design": 0.13850927237105878
  },
  "consecutive_low_scores": 2,
  "safety_constraints_applied": true
}