{
  "total_episodes": 71,
  "epoch": 1,
  "epoch_episode": 71,
  "question_number": 4,
  "topic": "algo",
  "subtopic": "Backtracking",
  "difficulty": 1.188,
  "performance": 0.2147420430495124,
  "time_taken": 11.788018294188984,
  "actor_loss": -0.00045238798086312987,
  "value_loss": 20.444109525607935,
  "entropy_loss": -0.01161530008454857,
  "topic_means": {
    "ds": 0.13838604283552988,
    "algo": 0.2147420430495124,
    "oops": 0.0,
    "dbms": 0.0,
    "os": 0.0,
    "cn": 0.0,
    "system_design": 0.0
  },
  "consecutive_low_scores": 3,
  "safety_constraints_applied": true
}