{
  "total_episodes": 455,
  "epoch": 1,
  "epoch_episode": 455,
  "question_number": 4,
  "topic": "oops",
  "subtopic": "Inheritance",
  "difficulty": 2.5800882503299793,
  "performance": 0.32102837800473705,
  "time_taken": 17.107291371482475,
  "actor_loss": 0.00045393966229773027,
  "value_loss": 24.067405894445017,
  "entropy_loss": 0.0006432230943278539,
  "topic_means": {
    "ds": 0.4273368111632338,
    "algo": 0.2888237898582856,
    "oops": 0.25704619934765394,
    "dbms": 0.0,
    "os": 0.0,
    "cn": 0.0,
    "system_design": 0.0
  },
  "consecutive_low_scores": 2,
  "safety_constraints_applied": true
}