{
  "total_episodes": 493,
  "epoch": 1,
  "epoch_episode": 493,
  "question_number": 8,
  "topic": "oops",
  "subtopic": "Abstraction",
  "difficulty": 3.167736269410256,
  "performance": 0.2544107794556057,
  "time_taken": 14.070712779843017,
  "actor_loss": 0.00020268315788459155,
  "value_loss": 23.916959541618322,
  "entropy_loss": 0.0012971166415508399,
  "topic_means": {
    "ds": 0.14173584777579834,
    "algo": 0.20584714801577764,
    "oops": 0.2964647013215669,
    "dbms": 0.16507748280169243,
    "os": 0.0,
    "cn": 0.0,
    "system_design": 0.0
  },
  "consecutive_low_scores": 6,
  "safety_constraints_applied": true
}