{
  "total_episodes": 176,
  "epoch": 1,
  "epoch_episode": 176,
  "question_number": 10,
  "topic": "algo",
  "subtopic": "Greedy",
  "difficulty": 1.188,
  "performance": 0.08057381091792828,
  "time_taken": 10.242249628415065,
  "actor_loss": 0.002066204683305419,
  "value_loss": 30.093539485723063,
  "entropy_loss": -0.007296526092859028,
  "topic_means": {
    "ds": 0.12846370721958728,
    "algo": 0.10874371423962524,
    "oops": 0.3881296222176209,
    "dbms": 0.23264564618606473,
    "os": 0.0,
    "cn": 0.0,
    "system_design": 0.0
  },
  "consecutive_low_scores": 7,
  "safety_constraints_applied": true
}