{
  "total_episodes": 320,
  "epoch": 1,
  "epoch_episode": 320,
  "question_number": 10,
  "topic": "algo",
  "subtopic": "Dynamic Programming",
  "difficulty": 1.188,
  "performance": 0.22264910380799985,
  "time_taken": 11.025709795433226,
  "actor_loss": -0.017562340767213424,
  "value_loss": 31.258571453436623,
  "entropy_loss": -0.002985455843148526,
  "topic_means": {
    "ds": 0.1616351527001626,
    "algo": 0.2310767086446501,
    "oops": 0.34730756357865644,
    "dbms": 0.0,
    "os": 0.0,
    "cn": 0.0,
    "system_design": 0.0
  },
  "consecutive_low_scores": 6,
  "safety_constraints_applied": true
}