{
  "total_episodes": 10,
  "epoch": 1,
  "epoch_episode": 10,
  "question_number": 6,
  "topic": "ds",
  "subtopic": "Arrays",
  "difficulty": 1.188,
  "performance": 0.09808732646733226,
  "time_taken": 17.517564658954186,
  "actor_loss": 0.003004329008284076,
  "value_loss": 54.027134184434054,
  "entropy_loss": -0.015161517541409129,
  "topic_means": {
    "ds": 0.11632439334061474,
    "algo": 0.14117741632774886,
    "oops": 0.19418612974330413,
    "dbms": 0.0,
    "os": 0.0,
    "cn": 0.0,
    "system_design": 0.0
  },
  "consecutive_low_scores": 5,
  "safety_constraints_applied": true
}