{
  "total_episodes": 68,
  "epoch": 1,
  "epoch_episode": 68,
  "question_number": 2,
  "topic": "ds",
  "subtopic": "Linked Lists",
  "difficulty": 3.652041019057527,
  "performance": 0.34662542137184765,
  "time_taken": 9.528913364783687,
  "actor_loss": 0.0007201759321772132,
  "value_loss": 23.57890630949744,
  "entropy_loss": -0.011542781061413859,
  "topic_means": {
    "ds": 0.34662542137184765,
    "algo": 0.0,
    "oops": 0.0,
    "dbms": 0.0,
    "os": 0.2173470063525091,
    "cn": 0.0,
    "system_design": 0.0
  },
  "consecutive_low_scores": 1,
  "safety_constraints_applied": true
}