{
  "total_episodes": 7,
  "epoch": 1,
  "epoch_episode": 7,
  "question_number": 4,
  "topic": "oops",
  "subtopic": "Polymorphism",
  "difficulty": 1.584,
  "performance": 0.34270816606622745,
  "time_taken": 8.415406038898485,
  "actor_loss": -0.019449182289579564,
  "value_loss": 70.7573363998319,
  "entropy_loss": -0.015035835178576975,
  "topic_means": {
    "ds": 0.0,
    "algo": 0.23942511044334036,
    "oops": 0.2575627168039631,
    "dbms": 0.0,
    "os": 0.0,
    "cn": 0.0,
    "system_design": 0.0
  },
  "consecutive_low_scores": 3,
  "safety_constraints_applied": true
}