{
  "total_episodes": 77,
  "epoch": 1,
  "epoch_episode": 77,
  "question_number": 8,
  "topic": "oops",
  "subtopic": "Design Patterns",
  "difficulty": 1.188,
  "performance": 0.2572694677706406,
  "time_taken": 13.145397769157412,
  "actor_loss": 0.0004259469758700337,
  "value_loss": 26.81790669840384,
  "entropy_loss": -0.011387016001623503,
  "topic_means": {
    "ds": 0.12556668624076123,
    "algo": 0.0,
    "oops": 0.20453704162994063,
    "dbms": 0.0,
    "os": 0.0,
    "cn": 0.0,
    "system_design": 0.14860303960676022
  },
  "consecutive_low_scores": 7,
  "safety_constraints_applied": true
}