{
  "total_episodes": 148,
  "epoch": 1,
  "epoch_episode": 148,
  "question_number": 2,
  "topic": "algo",
  "subtopic": "Dynamic Programming",
  "difficulty": 4.619617112334273,
  "performance": 0.644768360066193,
  "time_taken": 7.613630284413814,
  "actor_loss": -0.0001603630178687126,
  "value_loss": 22.684631204148832,
  "entropy_loss": -0.008271185851202324,
  "topic_means": {
    "ds": 0.0,
    "algo": 0.42565369875547543,
    "oops": 0.0,
    "dbms": 0.0,
    "os": 0.0,
    "cn": 0.0,
    "system_design": 0.0
  },
  "consecutive_low_scores": 1,
  "safety_constraints_applied": true
}