{
  "total_episodes": 42,
  "epoch": 1,
  "epoch_episode": 42,
  "question_number": 6,
  "topic": "ds",
  "subtopic": "Trees",
  "difficulty": 1.188,
  "performance": 0.16504602314538575,
  "time_taken": 16.37832073586458,
  "actor_loss": -0.0005396283433140352,
  "value_loss": 20.93660794549077,
  "entropy_loss": -0.012912275800774364,
  "topic_means": {
    "ds": 0.20760466951704148,
    "algo": 0.0,
    "oops": 0.1616786919151097,
    "dbms": 0.0,
    "os": 0.0,
    "cn": 0.15582657191208057,
    "system_design": 0.0
  },
  "consecutive_low_scores": 5,
  "safety_constraints_applied": true
}