{
  "total_episodes": 100,
  "epoch": 1,
  "epoch_episode": 100,
  "question_number": 2,
  "topic": "ds",
  "subtopic": "Linked Lists",
  "difficulty": 3.747743418817019,
  "performance": 0.49017178338988954,
  "time_taken": 7.343051829333602,
  "actor_loss": 0.0003120653892437583,
  "value_loss": 26.676780058160034,
  "entropy_loss": -0.01032684304786834,
  "topic_means": {
    "ds": 0.49017178338988954,
    "algo": 0.0,
    "oops": 0.0,
    "dbms": 0.0,
    "os": 0.0,
    "cn": 0.0,
    "system_design": 0.24924780627233967
  },
  "consecutive_low_scores": 1,
  "safety_constraints_applied": true
}