{
  "total_episodes": 285,
  "epoch": 1,
  "epoch_episode": 285,
  "question_number": 8,
  "topic": "ds",
  "subtopic": "Linked Lists",
  "difficulty": 1.188,
  "performance": 0.10846221899665796,
  "time_taken": 12.547529343450622,
  "actor_loss": 0.004503147676642507,
  "value_loss": 22.904542393453376,
  "entropy_loss": -0.004931130183196179,
  "topic_means": {
    "ds": 0.1293300893908519,
    "algo": 0.11048333863596489,
    "oops": 0.0,
    "dbms": 0.0,
    "os": 0.0,
    "cn": 0.0,
    "system_design": 0.0
  },
  "consecutive_low_scores": 7,
  "safety_constraints_applied": true
}