{
  "total_episodes": 48,
  "epoch": 1,
  "epoch_episode": 48,
  "question_number": 10,
  "topic": "ds",
  "subtopic": "Heaps",
  "difficulty": 1.188,
  "performance": 0.437893453291198,
  "time_taken": 10.799069414333868,
  "actor_loss": 0.003473366711144526,
  "value_loss": 23.06936512399355,
  "entropy_loss": -0.012623260618005163,
  "topic_means": {
    "ds": 0.3318062723356035,
    "algo": 0.1724142354906281,
    "oops": 0.42295815104938494,
    "dbms": 0.0,
    "os": 0.0,
    "cn": 0.0,
    "system_design": 0.0
  },
  "consecutive_low_scores": 6,
  "safety_constraints_applied": true
}