{
  "total_episodes": 445,
  "epoch": 1,
  "epoch_episode": 445,
  "question_number": 8,
  "topic": "oops",
  "subtopic": "Design Patterns",
  "difficulty": 1.188,
  "performance": 0.10056277509767497,
  "time_taken": 13.44590101005181,
  "actor_loss": 0.0033696516867541145,
  "value_loss": 26.749438563687526,
  "entropy_loss": 0.0002593550022644696,
  "topic_means": {
    "ds": 0.40341973440547724,
    "algo": 0.1473534211138486,
    "oops": 0.15464133592513635,
    "dbms": 0.0,
    "os": 0.0,
    "cn": 0.0,
    "system_design": 0.0
  },
  "consecutive_low_scores": 6,
  "safety_constraints_applied": true
}