{
  "total_episodes": 448,
  "epoch": 1,
  "epoch_episode": 448,
  "question_number": 10,
  "topic": "ds",
  "subtopic": "Linked Lists",
  "difficulty": 1.584,
  "performance": 0.27398714064233554,
  "time_taken": 12.266293377739514,
  "actor_loss": 0.0011191284002401766,
  "value_loss": 21.27954878225965,
  "entropy_loss": 0.0004881017652066643,
  "topic_means": {
    "ds": 0.21717214761315415,
    "algo": 0.296009990870161,
    "oops": 0.09528638959056555,
    "dbms": 0.0,
    "os": 0.0,
    "cn": 0.0,
    "system_design": 0.0
  },
  "consecutive_low_scores": 7,
  "safety_constraints_applied": true
}