{
  "total_episodes": 349,
  "epoch": 1,
  "epoch_episode": 349,
  "question_number": 8,
  "topic": "algo",
  "subtopic": "Dynamic Programming",
  "difficulty": 2.6516249789692856,
  "performance": 0.32434565898673556,
  "time_taken": 11.211115476310427,
  "actor_loss": -0.0006531116084709217,
  "value_loss": 24.387861807171255,
  "entropy_loss": -0.0024999969968854353,
  "topic_means": {
    "ds": 0.3628223681017048,
    "algo": 0.22287801801665896,
    "oops": 0.4586188304135832,
    "dbms": 0.0,
    "os": 0.0,
    "cn": 0.0,
    "system_design": 0.0
  },
  "consecutive_low_scores": 3,
  "safety_constraints_applied": true
}