{
  "total_episodes": 423,
  "epoch": 1,
  "epoch_episode": 423,
  "question_number": 4,
  "topic": "algo",
  "subtopic": "Sorting",
  "difficulty": 4.317847894002044,
  "performance": 0.10285585939346253,
  "time_taken": 9.475185300046459,
  "actor_loss": 0.0025092985405427114,
  "value_loss": 25.229867290928656,
  "entropy_loss": -0.0004373237689573238,
  "topic_means": {
    "ds": 0.43928263133401463,
    "algo": 0.10285585939346253,
    "oops": 0.0,
    "dbms": 0.0,
    "os": 0.0,
    "cn": 0.0,
    "system_design": 0.0
  },
  "consecutive_low_scores": 0,
  "safety_constraints_applied": true
}