{
  "total_episodes": 333,
  "epoch": 1,
  "epoch_episode": 333,
  "question_number": 8,
  "topic": "algo",
  "subtopic": "Sorting",
  "difficulty": 1.584,
  "performance": 0.17335691903662007,
  "time_taken": 14.750475696123122,
  "actor_loss": 0.0007027816116137918,
  "value_loss": 21.91541598202529,
  "entropy_loss": -0.0027145090178787275,
  "topic_means": {
    "ds": 0.11017551423585058,
    "algo": 0.25829747665859587,
    "oops": 0.09943082630767583,
    "dbms": 0.0,
    "os": 0.0,
    "cn": 0.1560681268720145,
    "system_design": 0.0
  },
  "consecutive_low_scores": 6,
  "safety_constraints_applied": true
}