{
  "total_episodes": 90,
  "epoch": 1,
  "epoch_episode": 90,
  "question_number": 6,
  "topic": "algo",
  "subtopic": "Searching",
  "difficulty": 1.584,
  "performance": 0.10495697932689513,
  "time_taken": 10.721894908341099,
  "actor_loss": 0.00035260714080248903,
  "value_loss": 22.61121474923882,
  "entropy_loss": -0.01102462740818915,
  "topic_means": {
    "ds": 0.14427829771106732,
    "algo": 0.13404648997402466,
    "oops": 0.11446489915322364,
    "dbms": 0.0,
    "os": 0.0,
    "cn": 0.0,
    "system_design": 0.0
  },
  "consecutive_low_scores": 5,
  "safety_constraints_applied": true
}