{
  "total_episodes": 55,
  "epoch": 1,
  "epoch_episode": 55,
  "question_number": 4,
  "topic": "oops",
  "subtopic": "Classes",
  "difficulty": 1.188,
  "performance": 0.12280379418088733,
  "time_taken": 12.175420101599741,
  "actor_loss": -0.0004369018588756657,
  "value_loss": 22.90113871261628,
  "entropy_loss": -0.01215467279337576,
  "topic_means": {
    "ds": 0.0,
    "algo": 0.22734332248035105,
    "oops": 0.12972207846776007,
    "dbms": 0.0,
    "os": 0.0,
    "cn": 0.15582667665442107,
    "system_design": 0.0
  },
  "consecutive_low_scores": 3,
  "safety_constraints_applied": true
}