{
  "total_episodes": 234,
  "epoch": 1,
  "epoch_episode": 234,
  "question_number": 6,
  "topic": "algo",
  "subtopic": "Backtracking",
  "difficulty": 2.5838950347238865,
  "performance": 0.4906732366204778,
  "time_taken": 7.526451382408942,
  "actor_loss": -1.2269841025329408e-05,
  "value_loss": 22.613880609665948,
  "entropy_loss": -0.006052090243670076,
  "topic_means": {
    "ds": 0.13207678662730152,
    "algo": 0.46436039374513954,
    "oops": 0.367399855994604,
    "dbms": 0.0,
    "os": 0.0,
    "cn": 0.0,
    "system_design": 0.0
  },
  "consecutive_low_scores": 3,
  "safety_constraints_applied": true
}