{
  "total_episodes": 471,
  "epoch": 1,
  "epoch_episode": 471,
  "question_number": 4,
  "topic": "algo",
  "subtopic": "Backtracking",
  "difficulty": 1.188,
  "performance": 0.2090226228313773,
  "time_taken": 13.32946853807305,
  "actor_loss": -0.0008602674125202635,
  "value_loss": 28.385448234712065,
  "entropy_loss": 0.0010670276559347543,
  "topic_means": {
    "ds": 0.14754342800656742,
    "algo": 0.23014216823171638,
    "oops": 0.0,
    "dbms": 0.1580211591866132,
    "os": 0.0,
    "cn": 0.0,
    "system_design": 0.0
  },
  "consecutive_low_scores": 3,
  "safety_constraints_applied": true
}