{
  "total_episodes": 84,
  "epoch": 1,
  "epoch_episode": 84,
  "question_number": 2,
  "topic": "ds",
  "subtopic": "Arrays",
  "difficulty": 3.439566554819265,
  "performance": 0.5847832599699904,
  "time_taken": 6.121020174588114,
  "actor_loss": 0.0007906460389695936,
  "value_loss": 23.98081177899835,
  "entropy_loss": -0.010918271609713068,
  "topic_means": {
    "ds": 0.5847832599699904,
    "algo": 0.0,
    "oops": 0.0,
    "dbms": 0.14652218493975494,
    "os": 0.0,
    "cn": 0.0,
    "system_design": 0.0
  },
  "consecutive_low_scores": 1,
  "safety_constraints_applied": true
}