{
  "total_episodes": 80,
  "epoch": 1,
  "epoch_episode": 80,
  "question_number": 10,
  "topic": "algo",
  "subtopic": "Sorting",
  "difficulty": 1.584,
  "performance": 0.1908348478613961,
  "time_taken": 11.271611846605994,
  "actor_loss": 0.0005723048513086876,
  "value_loss": 23.70049559843137,
  "entropy_loss": -0.01126739221102712,
  "topic_means": {
    "ds": 0.060150299976447774,
    "algo": 0.19543057269219138,
    "oops": 0.29187593383114907,
    "dbms": 0.0,
    "os": 0.38334338619545927,
    "cn": 0.0,
    "system_design": 0.0
  },
  "consecutive_low_scores": 6,
  "safety_constraints_applied": true
}