{
  "total_episodes": 247,
  "epoch": 1,
  "epoch_episode": 247,
  "question_number": 4,
  "topic": "algo",
  "subtopic": "Dynamic Programming",
  "difficulty": 1.584,
  "performance": 0.14228040833722774,
  "time_taken": 9.08240729951994,
  "actor_loss": 0.002704328109370464,
  "value_loss": 20.770592965944676,
  "entropy_loss": -0.005534279135934336,
  "topic_means": {
    "ds": 0.0,
    "algo": 0.1333840300305789,
    "oops": 0.0,
    "dbms": 0.0,
    "os": 0.0,
    "cn": 0.0,
    "system_design": 0.15747534491149645
  },
  "consecutive_low_scores": 3,
  "safety_constraints_applied": true
}