{
  "total_episodes": 442,
  "epoch": 1,
  "epoch_episode": 442,
  "question_number": 6,
  "topic": "algo",
  "subtopic": "Dynamic Programming",
  "difficulty": 1.188,
  "performance": 0.09641379933349212,
  "time_taken": 9.066017475474315,
  "actor_loss": -0.0009647784813697609,
  "value_loss": 21.29437286292762,
  "entropy_loss": 0.00021030583960271625,
  "topic_means": {
    "ds": 0.13369438823789337,
    "algo": 0.11341526639849041,
    "oops": 0.0,
    "dbms": 0.0,
    "os": 0.0,
    "cn": 0.2959187060492039,
    "system_design": 0.0
  },
  "consecutive_low_scores": 5,
  "safety_constraints_applied": true
}