{
  "total_episodes": 103,
  "epoch": 1,
  "epoch_episode": 103,
  "question_number": 4,
  "topic": "oops",
  "subtopic": "Polymorphism",
  "difficulty": 1.188,
  "performance": 0.10398980884983137,
  "time_taken": 14.192161055136241,
  "actor_loss": 0.0008463106144661111,
  "value_loss": 28.669483382550645,
  "entropy_loss": -0.010027778601589732,
  "topic_means": {
    "ds": 0.15928337355197392,
    "algo": 0.0,
    "oops": 0.12448929709217735,
    "dbms": 0.0,
    "os": 0.0,
    "cn": 0.0,
    "system_design": 0.0
  },
  "consecutive_low_scores": 3,
  "safety_constraints_applied": true
}