{
  "total_episodes": 474,
  "epoch": 1,
  "epoch_episode": 474,
  "question_number": 6,
  "topic": "oops",
  "subtopic": "Design Patterns",
  "difficulty": 1.188,
  "performance": 0.397234999830138,
  "time_taken": 10.267949374237931,
  "actor_loss": -0.0005037156490956315,
  "value_loss": 26.92651705902411,
  "entropy_loss": 0.0008439805454958694,
  "topic_means": {
    "ds": 0.12245954602299172,
    "algo": 0.0,
    "oops": 0.397234999830138,
    "dbms": 0.0,
    "os": 0.0,
    "cn": 0.21089606474132516,
    "system_design": 0.0
  },
  "consecutive_low_scores": 5,
  "safety_constraints_applied": true
}