{
  "total_episodes": 336,
  "epoch": 1,
  "epoch_episode": 336,
  "question_number": 10,
  "topic": "ds",
  "subtopic": "Heaps",
  "difficulty": 1.188,
  "performance": 0.05242895123007685,
  "time_taken": 14.127303039175482,
  "actor_loss": -0.009875087859848052,
  "value_loss": 22.693664823168383,
  "entropy_loss": -0.002545112994643119,
  "topic_means": {
    "ds": 0.14945924186879211,
    "algo": 0.20039092335927608,
    "oops": 0.14550620328000688,
    "dbms": 0.0,
    "os": 0.0,
    "cn": 0.0,
    "system_design": 0.15022310708953537
  },
  "consecutive_low_scores": 8,
  "safety_constraints_applied": true
}