{
  "total_episodes": 484,
  "epoch": 1,
  "epoch_episode": 484,
  "question_number": 2,
  "topic": "ds",
  "subtopic": "Trees",
  "difficulty": 3.897341368383806,
  "performance": 0.42895847460157155,
  "time_taken": 13.38985729666446,
  "actor_loss": -0.0006807899039940352,
  "value_loss": 22.27625113353954,
  "entropy_loss": 0.0010835243645030165,
  "topic_means": {
    "ds": 0.36403613203142016,
    "algo": 0.0,
    "oops": 0.0,
    "dbms": 0.0,
    "os": 0.0,
    "cn": 0.0,
    "system_design": 0.0
  },
  "consecutive_low_scores": 1,
  "safety_constraints_applied": true
}