{
  "total_episodes": 356,
  "epoch": 1,
  "epoch_episode": 356,
  "question_number": 2,
  "topic": "ds",
  "subtopic": "Linked Lists",
  "difficulty": 3.4333811043124594,
  "performance": 0.1494496206990109,
  "time_taken": 18.457175214508965,
  "actor_loss": -0.00014172468927309105,
  "value_loss": 23.830482454162432,
  "entropy_loss": -0.0022936561033814777,
  "topic_means": {
    "ds": 0.14695499440158205,
    "algo": 0.0,
    "oops": 0.0,
    "dbms": 0.0,
    "os": 0.0,
    "cn": 0.0,
    "system_design": 0.0
  },
  "consecutive_low_scores": 1,
  "safety_constraints_applied": true
}