{
  "total_episodes": 116,
  "epoch": 1,
  "epoch_episode": 116,
  "question_number": 2,
  "topic": "ds",
  "subtopic": "Graphs",
  "difficulty": 3.7639350023647027,
  "performance": 0.13086602300523392,
  "time_taken": 14.412119631128515,
  "actor_loss": -2.5577510693350695e-05,
  "value_loss": 27.972546802431584,
  "entropy_loss": -0.009643029954879907,
  "topic_means": {
    "ds": 0.13086602300523392,
    "algo": 0.0,
    "oops": 0.0,
    "dbms": 0.0,
    "os": 0.25464500078823427,
    "cn": 0.0,
    "system_design": 0.0
  },
  "consecutive_low_scores": 1,
  "safety_constraints_applied": true
}