{
  "total_episodes": 413,
  "epoch": 1,
  "epoch_episode": 413,
  "question_number": 8,
  "topic": "ds",
  "subtopic": "Graphs",
  "difficulty": 3.338260397768536,
  "performance": 0.12345055255368859,
  "time_taken": 7.194648957045788,
  "actor_loss": -0.0009186637017333573,
  "value_loss": 25.062204242413156,
  "entropy_loss": -0.0009117566279490411,
  "topic_means": {
    "ds": 0.15020968838244203,
    "algo": 0.4479566890118041,
    "oops": 0.0,
    "dbms": 0.0,
    "os": 0.0,
    "cn": 0.0,
    "system_design": 0.26779960205386716
  },
  "consecutive_low_scores": 4,
  "safety_constraints_applied": true
}