{
  "total_episodes": 36,
  "epoch": 1,
  "epoch_episode": 36,
  "question_number": 2,
  "topic": "ds",
  "subtopic": "Graphs",
  "difficulty": 3.5654945824625286,
  "performance": 0.4949679697325218,
  "time_taken": 8.13566454054695,
  "actor_loss": 0.0006877251273133819,
  "value_loss": 27.94736847323778,
  "entropy_loss": -0.013057767020689842,
  "topic_means": {
    "ds": 0.4949679697325218,
    "algo": 0.0,
    "oops": 0.0,
    "dbms": 0.0,
    "os": 0.18849819415417624,
    "cn": 0.0,
    "system_design": 0.0
  },
  "consecutive_low_scores": 1,
  "safety_constraints_applied": true
}