{
  "total_episodes": 330,
  "epoch": 1,
  "epoch_episode": 330,
  "question_number": 6,
  "topic": "algo",
  "subtopic": "Dynamic Programming",
  "difficulty": 2.573091510618342,
  "performance": 0.25027089068336605,
  "time_taken": 13.720634388672606,
  "actor_loss": -0.0006844647787753666,
  "value_loss": 27.389925049253065,
  "entropy_loss": -0.002781701944980466,
  "topic_means": {
    "ds": 0.12265764620787932,
    "algo": 0.25027089068336605,
    "oops": 0.34049661272937115,
    "dbms": 0.0,
    "os": 0.0,
    "cn": 0.0,
    "system_design": 0.0
  },
  "consecutive_low_scores": 3,
  "safety_constraints_applied": true
}