{
  "total_episodes": 301,
  "epoch": 1,
  "epoch_episode": 301,
  "question_number": 8,
  "topic": "algo",
  "subtopic": "Backtracking",
  "difficulty": 1.584,
  "performance": 0.06542075607047462,
  "time_taken": 10.458093550598507,
  "actor_loss": -0.000534368769739249,
  "value_loss": 20.96753641408558,
  "entropy_loss": -0.004350041827712763,
  "topic_means": {
    "ds": 0.10161784742261813,
    "algo": 0.10255973975060523,
    "oops": 0.1352357294316845,
    "dbms": 0.0,
    "os": 0.1611444432902284,
    "cn": 0.0,
    "system_design": 0.0
  },
  "consecutive_low_scores": 7,
  "safety_constraints_applied": true
}