{
  "total_episodes": 288,
  "epoch": 1,
  "epoch_episode": 288,
  "question_number": 10,
  "topic": "oops",
  "subtopic": "Abstraction",
  "difficulty": 2.4349270706655672,
  "performance": 0.053253822504937987,
  "time_taken": 12.457515170426655,
  "actor_loss": -0.00694561919748253,
  "value_loss": 28.370220836288922,
  "entropy_loss": -0.0044558363644498404,
  "topic_means": {
    "ds": 0.3488223439745691,
    "algo": 0.12312592651681128,
    "oops": 0.10167331831656819,
    "dbms": 0.0,
    "os": 0.0,
    "cn": 0.0,
    "system_design": 0.0
  },
  "consecutive_low_scores": 5,
  "safety_constraints_applied": true
}