{
  "total_episodes": 397,
  "epoch": 1,
  "epoch_episode": 397,
  "question_number": 8,
  "topic": "algo",
  "subtopic": "Backtracking",
  "difficulty": 1.188,
  "performance": 0.1274575706387076,
  "time_taken": 11.961231933253764,
  "actor_loss": -0.0001547507201259478,
  "value_loss": 22.779860384254782,
  "entropy_loss": -0.000945281922284718,
  "topic_means": {
    "ds": 0.0,
    "algo": 0.12553657295704448,
    "oops": 0.1162975104403633,
    "dbms": 0.0,
    "os": 0.0,
    "cn": 0.0,
    "system_design": 0.0
  },
  "consecutive_low_scores": 7,
  "safety_constraints_applied": true
}