{
  "total_episodes": 308,
  "epoch": 1,
  "epoch_episode": 308,
  "question_number": 2,
  "topic": "oops",
  "subtopic": "Abstraction",
  "difficulty": 3.4969986412652427,
  "performance": 0.16406462203478647,
  "time_taken": 10.558317423921718,
  "actor_loss": 0.0013464378628362667,
  "value_loss": 27.440413135714703,
  "entropy_loss": -0.003776643419138395,
  "topic_means": {
    "ds": 0.0,
    "algo": 0.0,
    "oops": 0.16406462203478647,
    "dbms": 0.0,
    "os": 0.0,
    "cn": 0.1656662137550809,
    "system_design": 0.0
  },
  "consecutive_low_scores": 1,
  "safety_constraints_applied": true
}