{
  "total_episodes": 272,
  "epoch": 1,
  "epoch_episode": 272,
  "question_number": 10,
  "topic": "oops",
  "subtopic": "Polymorphism",
  "difficulty": 2.633730305790494,
  "performance": 0.14139446923918733,
  "time_taken": 17.325857668815022,
  "actor_loss": 0.002724177428299157,
  "value_loss": 25.5927337315067,
  "entropy_loss": -0.004880216821853664,
  "topic_means": {
    "ds": 0.4385714702707082,
    "algo": 0.43230481198064985,
    "oops": 0.2759680899180531,
    "dbms": 0.0,
    "os": 0.15808663949368112,
    "cn": 0.0,
    "system_design": 0.0
  },
  "consecutive_low_scores": 2,
  "safety_constraints_applied": true
}