{
  "total_episodes": 372,
  "epoch": 1,
  "epoch_episode": 372,
  "question_number": 2,
  "topic": "ds",
  "subtopic": "Linked Lists",
  "difficulty": 3.945998472433992,
  "performance": 0.5989497095487689,
  "time_taken": 5.268724184879727,
  "actor_loss": 0.000452601597873336,
  "value_loss": 28.146192952370477,
  "entropy_loss": -0.0018285162134130655,
  "topic_means": {
    "ds": 0.4571412668467164,
    "algo": 0.0,
    "oops": 0.0,
    "dbms": 0.0,
    "os": 0.0,
    "cn": 0.0,
    "system_design": 0.0
  },
  "consecutive_low_scores": 0,
  "safety_constraints_applied": true
}