{
  "total_episodes": 407,
  "epoch": 1,
  "epoch_episode": 407,
  "question_number": 4,
  "topic": "oops",
  "subtopic": "Classes",
  "difficulty": 2.5496375565771294,
  "performance": 0.27627276946484974,
  "time_taken": 15.421412563931161,
  "actor_loss": -0.000983371014685141,
  "value_loss": 30.178997743183128,
  "entropy_loss": -0.0008128338405199536,
  "topic_means": {
    "ds": 0.0,
    "algo": 0.0,
    "oops": 0.2856558761127727,
    "dbms": 0.0,
    "os": 0.0,
    "cn": 0.0,
    "system_design": 0.28239234806157626
  },
  "consecutive_low_scores": 2,
  "safety_constraints_applied": true
}