{
  "total_episodes": 250,
  "epoch": 1,
  "epoch_episode": 250,
  "question_number": 6,
  "topic": "ds",
  "subtopic": "Trees",
  "difficulty": 2.5203136334486484,
  "performance": 0.10715564576521772,
  "time_taken": 15.32258781794199,
  "actor_loss": 0.00029342971333955225,
  "value_loss": 22.797222278668144,
  "entropy_loss": -0.005536062817350867,
  "topic_means": {
    "ds": 0.10715564576521772,
    "algo": 0.24979422946801275,
    "oops": 0.20938448569196932,
    "dbms": 0.0,
    "os": 0.0,
    "cn": 0.0,
    "system_design": 0.0
  },
  "consecutive_low_scores": 4,
  "safety_constraints_applied": true
}