{
  "total_episodes": 208,
  "epoch": 1,
  "epoch_episode": 208,
  "question_number": 10,
  "topic": "algo",
  "subtopic": "Searching",
  "difficulty": 1.188,
  "performance": 0.11970518846557313,
  "time_taken": 10.035633901382976,
  "actor_loss": 0.0021697748463713512,
  "value_loss": 24.69690292645891,
  "entropy_loss": -0.006529304719850221,
  "topic_means": {
    "ds": 0.21257887272545298,
    "algo": 0.1074956761066412,
    "oops": 0.12508677608581048,
    "dbms": 0.0,
    "os": 0.0,
    "cn": 0.0,
    "system_design": 0.0
  },
  "consecutive_low_scores": 9,
  "safety_constraints_applied": true
}