{
  "total_episodes": 410,
  "epoch": 1,
  "epoch_episode": 410,
  "question_number": 6,
  "topic": "ds",
  "subtopic": "Heaps",
  "difficulty": 2.6670947897438038,
  "performance": 0.13253813467198478,
  "time_taken": 11.62681629882227,
  "actor_loss": 0.00017421607429280033,
  "value_loss": 26.05101339846385,
  "entropy_loss": -0.0006831668769752997,
  "topic_means": {
    "ds": 0.13253813467198478,
    "algo": 0.4496881120324455,
    "oops": 0.3007829858707187,
    "dbms": 0.0,
    "os": 0.0,
    "cn": 0.0,
    "system_design": 0.16533476118185725
  },
  "consecutive_low_scores": 2,
  "safety_constraints_applied": true
}