{
  "total_episodes": 381,
  "epoch": 1,
  "epoch_episode": 381,
  "question_number": 8,
  "topic": "algo",
  "subtopic": "Greedy",
  "difficulty": 2.456674429530793,
  "performance": 0.11621461227776655,
  "time_taken": 9.669530308230193,
  "actor_loss": 0.001287228472839631,
  "value_loss": 25.163045452089897,
  "entropy_loss": -0.001425351651372453,
  "topic_means": {
    "ds": 0.11110318882642925,
    "algo": 0.1362802742189018,
    "oops": 0.3132670177211454,
    "dbms": 0.0,
    "os": 0.0,
    "cn": 0.0,
    "system_design": 0.0
  },
  "consecutive_low_scores": 6,
  "safety_constraints_applied": true
}