{
  "total_episodes": 125,
  "epoch": 1,
  "epoch_episode": 125,
  "question_number": 8,
  "topic": "oops",
  "subtopic": "Abstraction",
  "difficulty": 1.584,
  "performance": 0.059055420942064285,
  "time_taken": 19.732821808099267,
  "actor_loss": -0.00128999421878906,
  "value_loss": 23.585892924152347,
  "entropy_loss": -0.009139798773123192,
  "topic_means": {
    "ds": 0.16121313807986873,
    "algo": 0.4285085022553715,
    "oops": 0.16442681682738386,
    "dbms": 0.0,
    "os": 0.0,
    "cn": 0.0,
    "system_design": 0.0
  },
  "consecutive_low_scores": 5,
  "safety_constraints_applied": true
}