{
  "total_episodes": 218,
  "epoch": 1,
  "epoch_episode": 218,
  "question_number": 6,
  "topic": "ds",
  "subtopic": "Graphs",
  "difficulty": 1.584,
  "performance": 0.20959478152122318,
  "time_taken": 10.204439547043197,
  "actor_loss": -0.0008007843817619077,
  "value_loss": 23.816088117981018,
  "entropy_loss": -0.006281615297894863,
  "topic_means": {
    "ds": 0.20959478152122318,
    "algo": 0.3812173064413191,
    "oops": 0.13699806590973884,
    "dbms": 0.0,
    "os": 0.0,
    "cn": 0.0,
    "system_design": 0.0
  },
  "consecutive_low_scores": 4,
  "safety_constraints_applied": true
}