{
  "total_episodes": 317,
  "epoch": 1,
  "epoch_episode": 317,
  "question_number": 8,
  "topic": "ds",
  "subtopic": "Heaps",
  "difficulty": 2.5539580485325466,
  "performance": 0.38438955385585505,
  "time_taken": 12.725333917672796,
  "actor_loss": 0.002321408332416442,
  "value_loss": 20.44068891604577,
  "entropy_loss": -0.0035590211105310473,
  "topic_means": {
    "ds": 0.4429560106878281,
    "algo": 0.23540809376692612,
    "oops": 0.28833430055771647,
    "dbms": 0.0,
    "os": 0.0,
    "cn": 0.0,
    "system_design": 0.0
  },
  "consecutive_low_scores": 5,
  "safety_constraints_applied": true
}