{
  "total_episodes": 64,
  "epoch": 1,
  "epoch_episode": 64,
  "question_number": 10,
  "topic": "oops",
  "subtopic": "Design Patterns",
  "difficulty": 1.584,
  "performance": 0.06260709459048508,
  "time_taken": 16.67724461584602,
  "actor_loss": 0.002119428172004156,
  "value_loss": 32.677902644940865,
  "entropy_loss": -0.011704987965558206,
  "topic_means": {
    "ds": 0.11817287388066544,
    "algo": 0.22575477822601617,
    "oops": 0.15250264089920162,
    "dbms": 0.0,
    "os": 0.0,
    "cn": 0.0,
    "system_design": 0.0
  },
  "consecutive_low_scores": 9,
  "safety_constraints_applied": true
}