{
  "total_episodes": 16,
  "epoch": 1,
  "epoch_episode": 16,
  "question_number": 10,
  "topic": "oops",
  "subtopic": "Polymorphism",
  "difficulty": 1.188,
  "performance": 0.10072911333932165,
  "time_taken": 16.27108568623162,
  "actor_loss": 0.0070101936162536415,
  "value_loss": 24.676308976436037,
  "entropy_loss": -0.014234175357444742,
  "topic_means": {
    "ds": 0.17377671289857527,
    "algo": 0.08171989372075456,
    "oops": 0.12073281066674697,
    "dbms": 0.0,
    "os": 0.0,
    "cn": 0.1489344481085465,
    "system_design": 0.0
  },
  "consecutive_low_scores": 9,
  "safety_constraints_applied": true
}