{
  "total_episodes": 404,
  "epoch": 1,
  "epoch_episode": 404,
  "question_number": 2,
  "topic": "algo",
  "subtopic": "Dynamic Programming",
  "difficulty": 4.464756782515133,
  "performance": 0.15534789050438513,
  "time_taken": 16.336178623771463,
  "actor_loss": 0.0016640050756645624,
  "value_loss": 22.84567749304618,
  "entropy_loss": -0.0006618175950156267,
  "topic_means": {
    "ds": 0.0,
    "algo": 0.15534789050438513,
    "oops": 0.0,
    "dbms": 0.0,
    "os": 0.0,
    "cn": 0.0,
    "system_design": 0.15491892750504432
  },
  "consecutive_low_scores": 1,
  "safety_constraints_applied": true
}