{
  "total_episodes": 464,
  "epoch": 1,
  "epoch_episode": 464,
  "question_number": 10,
  "topic": "oops",
  "subtopic": "Polymorphism",
  "difficulty": 1.188,
  "performance": 0.42537311945160033,
  "time_taken": 11.009548308272675,
  "actor_loss": 0.0007972152489946905,
  "value_loss": 29.873070266551405,
  "entropy_loss": 0.0010637950632417532,
  "topic_means": {
    "ds": 0.11493933097381268,
    "algo": 0.11915640509768288,
    "oops": 0.4032706531358061,
    "dbms": 0.0,
    "os": 0.0,
    "cn": 0.1665715259187689,
    "system_design": 0.0
  },
  "consecutive_low_scores": 8,
  "safety_constraints_applied": true
}