{
  "total_episodes": 429,
  "epoch": 1,
  "epoch_episode": 429,
  "question_number": 8,
  "topic": "oops",
  "subtopic": "Design Patterns",
  "difficulty": 1.188,
  "performance": 0.06581698103563718,
  "time_taken": 10.81415480682364,
  "actor_loss": 0.0010407291643612245,
  "value_loss": 24.909852673176626,
  "entropy_loss": -0.00014146244119609365,
  "topic_means": {
    "ds": 0.12039393093112644,
    "algo": 0.1700461309330349,
    "oops": 0.11488687092714164,
    "dbms": 0.1972075564855513,
    "os": 0.0,
    "cn": 0.0,
    "system_design": 0.0
  },
  "consecutive_low_scores": 7,
  "safety_constraints_applied": true
}