{
  "total_episodes": 391,
  "epoch": 1,
  "epoch_episode": 391,
  "question_number": 4,
  "topic": "oops",
  "subtopic": "Abstraction",
  "difficulty": 3.8620661138728494,
  "performance": 0.47545676778403195,
  "time_taken": 10.034521936820134,
  "actor_loss": 0.0011978122316561347,
  "value_loss": 21.44412082680152,
  "entropy_loss": -0.0010463998966952041,
  "topic_means": {
    "ds": 0.0,
    "algo": 0.35863916886006236,
    "oops": 0.4193332982289394,
    "dbms": 0.0,
    "os": 0.14021711633893993,
    "cn": 0.0,
    "system_design": 0.0
  },
  "consecutive_low_scores": 1,
  "safety_constraints_applied": true
}