{
  "total_episodes": 311,
  "epoch": 1,
  "epoch_episode": 311,
  "question_number": 4,
  "topic": "algo",
  "subtopic": "Searching",
  "difficulty": 1.188,
  "performance": 0.22789517010882399,
  "time_taken": 9.30459630765284,
  "actor_loss": 0.0008199746542074313,
  "value_loss": 27.035800857619954,
  "entropy_loss": -0.0035572217257252557,
  "topic_means": {
    "ds": 0.0,
    "algo": 0.22789517010882399,
    "oops": 0.1358791796624263,
    "dbms": 0.15798814486916785,
    "os": 0.0,
    "cn": 0.0,
    "system_design": 0.0
  },
  "consecutive_low_scores": 3,
  "safety_constraints_applied": true
}