{
  "total_episodes": 93,
  "epoch": 1,
  "epoch_episode": 93,
  "question_number": 8,
  "topic": "ds",
  "subtopic": "Graphs",
  "difficulty": 2.3088592152193943,
  "performance": 0.3459200558135901,
  "time_taken": 12.341784683323434,
  "actor_loss": -0.0007412030501795089,
  "value_loss": 23.814573696974655,
  "entropy_loss": -0.01077506989378094,
  "topic_means": {
    "ds": 0.3740153359057925,
    "algo": 0.1576729741028348,
    "oops": 0.3239903579332688,
    "dbms": 0.0,
    "os": 0.0,
    "cn": 0.0,
    "system_design": 0.0
  },
  "consecutive_low_scores": 2,
  "safety_constraints_applied": true
}