{
  "total_episodes": 180,
  "epoch": 1,
  "epoch_episode": 180,
  "question_number": 2,
  "topic": "ds",
  "subtopic": "Graphs",
  "difficulty": 3.482692121406959,
  "performance": 0.5228564099151196,
  "time_taken": 7.274185644194015,
  "actor_loss": 0.0005701824268615242,
  "value_loss": 29.961309796692507,
  "entropy_loss": -0.00761537381346678,
  "topic_means": {
    "ds": 0.5228564099151196,
    "algo": 0.0,
    "oops": 0.16089737380231967,
    "dbms": 0.0,
    "os": 0.0,
    "cn": 0.0,
    "system_design": 0.0
  },
  "consecutive_low_scores": 1,
  "safety_constraints_applied": true
}