{
  "total_episodes": 196,
  "epoch": 1,
  "epoch_episode": 196,
  "question_number": 2,
  "topic": "ds",
  "subtopic": "Trees",
  "difficulty": 3.4296332407053636,
  "performance": 0.5138036284901765,
  "time_taken": 11.914730429291705,
  "actor_loss": 0.0010719030159314173,
  "value_loss": 21.585106301559275,
  "entropy_loss": -0.006966722719605166,
  "topic_means": {
    "ds": 0.5138036284901765,
    "algo": 0.1432110802351212,
    "oops": 0.0,
    "dbms": 0.0,
    "os": 0.0,
    "cn": 0.0,
    "system_design": 0.0
  },
  "consecutive_low_scores": 1,
  "safety_constraints_applied": true
}