{
  "total_episodes": 20,
  "epoch": 1,
  "epoch_episode": 20,
  "question_number": 2,
  "topic": "algo",
  "subtopic": "Sorting",
  "difficulty": 4.107669641814666,
  "performance": 0.49316305388250187,
  "time_taken": 10.408457071501326,
  "actor_loss": 0.004805149650779047,
  "value_loss": 25.19621733926072,
  "entropy_loss": -0.014172906537351532,
  "topic_means": {
    "ds": 0.0,
    "algo": 0.417001197340233,
    "oops": 0.0,
    "dbms": 0.0,
    "os": 0.0,
    "cn": 0.0,
    "system_design": 0.0
  },
  "consecutive_low_scores": 0,
  "safety_constraints_applied": false
}