{
  "total_episodes": 340,
  "epoch": 1,
  "epoch_episode": 340,
  "question_number": 2,
  "topic": "algo",
  "subtopic": "Backtracking",
  "difficulty": 4.831727582099488,
  "performance": 0.14839665126268098,
  "time_taken": 12.812589590232681,
  "actor_loss": -0.0003477116842151757,
  "value_loss": 26.16706815130401,
  "entropy_loss": -0.00264811129455978,
  "topic_means": {
    "ds": 0.0,
    "algo": 0.14839665126268098,
    "oops": 0.0,
    "dbms": 0.0,
    "os": 0.0,
    "cn": 0.2772425273664959,
    "system_design": 0.0
  },
  "consecutive_low_scores": 1,
  "safety_constraints_applied": true
}