{
  "total_episodes": 112,
  "epoch": 1,
  "epoch_episode": 112,
  "question_number": 10,
  "topic": "algo",
  "subtopic": "Searching",
  "difficulty": 1.188,
  "performance": 0.11406663553357735,
  "time_taken": 13.360047813983584,
  "actor_loss": -0.0026016203342382922,
  "value_loss": 24.36530281462344,
  "entropy_loss": -0.009571320981984282,
  "topic_means": {
    "ds": 0.13125241660345136,
    "algo": 0.11482712050906302,
    "oops": 0.10778998076265164,
    "dbms": 0.25799938755583784,
    "os": 0.0,
    "cn": 0.0,
    "system_design": 0.0
  },
  "consecutive_low_scores": 9,
  "safety_constraints_applied": true
}