{
  "final_stats": {
    "average_score": 0.6901544495556033,
    "time_efficiency": 0.31113223886712904,
    "topic_performances": {
      "ds": 0.0,
      "algo": 0.0,
      "oops": 0.725975527889137,
      "dbms": 0.7132482151611926,
      "os": 0.632372201710354,
      "cn": 0.8340437711217901,
      "system_design": 0.0
    },
    "current_streak": 0,
    "difficulty_level": 1.0
  },
  "mean_reward": 0.6901544495556033,
  "policy_loss": -0.010000983717887468,
  "value_loss": 1.0,
  "timestamp": "20250503_190402"
}