{
  "episode": 20,
  "epoch": 5,
  "actor_loss": 6.661338147750939e-17,
  "value_loss": 1.0,
  "mean_reward": 0.7629014335034221,
  "topic_performance": {
    "ds": 0.8180937788685912,
    "algo": 0.6587284868984996,
    "oops": 0.9842987379609343,
    "dbms": 0.0,
    "os": 0.0,
    "cn": 0.5712215749125805,
    "system_design": 0.0
  }
}