{
  "episode": 79,
  "epoch": 5,
  "actor_loss": -0.002909569945946866,
  "value_loss": 1.0,
  "mean_reward": 0.7466095591503951,
  "topic_performance": {
    "ds": 0.0,
    "algo": 0.8804108842151399,
    "oops": 0.608477829210815,
    "dbms": 0.45884706150008514,
    "os": 0.9617339611161525,
    "cn": 0.8338769022165629,
    "system_design": 0.7915055083918635
  }
}