{
  "episode": 34,
  "epoch": 5,
  "actor_loss": -0.03481750284306702,
  "value_loss": 1.0,
  "mean_reward": 0.7155432820846229,
  "topic_performance": {
    "ds": 0.7347650843078746,
    "algo": 0.8174244389896883,
    "oops": 0.7546624941441534,
    "dbms": 0.59730863810646,
    "os": 0.6735557548749382,
    "cn": 0.0,
    "system_design": 0.0
  }
}