{
  "episode": 76,
  "epoch": 5,
  "actor_loss": 6.661338147750939e-17,
  "value_loss": 1.0,
  "mean_reward": 0.7866240823066166,
  "topic_performance": {
    "ds": 0.9345211344056741,
    "algo": 0.7499431705433452,
    "oops": 0.7351889824863028,
    "dbms": 0.6369066894512635,
    "os": 0.9006815329358815,
    "cn": 0.8045342529291115,
    "system_design": 0.8170435476709907
  }
}