{
  "episode": 59,
  "epoch": 5,
  "actor_loss": -0.04173140894843301,
  "value_loss": 1.0,
  "mean_reward": 0.6734467552702315,
  "topic_performance": {
    "ds": 0.0,
    "algo": 0.0,
    "oops": 0.6052455092837251,
    "dbms": 0.8078198433928858,
    "os": 0.7666980636097145,
    "cn": 0.523017104540798,
    "system_design": 0.27739055376285116
  }
}