{
  "episode": 64,
  "average_score": 0.8127580018110974,
  "time_efficiency": 0.4986500715627139,
  "current_streak": 10,
  "difficulty_level": 10.0,
  "topic_performances": {
    "ds": 0.7313706206489532,
    "algo": 0.6614500081665066,
    "oops": 0.9395987595910741,
    "dbms": 0.0,
    "os": 1.0,
    "cn": 0.0,
    "system_design": 1.0
  }
}