{
  "episode": 72,
  "epoch": 5,
  "actor_loss": 2.2204460492503132e-17,
  "value_loss": 1.0,
  "mean_reward": 0.8309225265778621,
  "topic_performance": {
    "ds": 0.7909843960197747,
    "algo": 0.9687006201677127,
    "oops": 0.0,
    "dbms": 0.7655252789477727,
    "os": 0.8968081279406894,
    "cn": 0.8870937463837885,
    "system_design": 0.0
  }
}