{
  "episode": 14,
  "average_score": 0.8333852180210333,
  "time_efficiency": 0.271027097803699,
  "current_streak": 10,
  "difficulty_level": 1.0,
  "topic_performances": {
    "ds": 1.0,
    "algo": 0.9723850130805365,
    "oops": 0.9621516576710973,
    "dbms": 0.6919831552784955,
    "os": 0.7022926713837641,
    "cn": 0.6720635308697183,
    "system_design": 0.9964682920021432
  }
}