{
  "episode": 1830,
  "epoch": 4,
  "mean_reward": 0.19806194115595926,
  "best_reward": 0.4567905254997499,
  "timestamp": "20250503_211116"
}