{
  "episode": 1650,
  "epoch": 4,
  "mean_reward": 0.13125708014349244,
  "best_reward": 0.4567905254997499,
  "avg_reward_100": 0.21189525674301418,
  "avg_policy_loss_100": 0.00013700063377681501,
  "avg_value_loss_100": 8.755322968856705,
  "timestamp": "20250507_112243"
}