{
  "interview_num": 1840,
  "stats": {
    "average_score": 0.14620160517632602,
    "time_efficiency": 0.04422493764841937,
    "topic_performances": {
      "ds": 0.29574927144263374,
      "algo": 0.12711740082330616,
      "oops": 0.09464843764326632,
      "dbms": 0.0,
      "os": 0.0,
      "cn": 0.0,
      "system_design": 0.1430405190150489
    },
    "current_streak": 0,
    "difficulty_level": 1.0
  },
  "timestamp": "20250503_220011"
}