{
  "episode": 410,
  "epoch": 1,
  "mean_reward": 0.2363844744926785,
  "best_reward": 0.44814499888987414,
  "avg_reward_100": 0.21752074858859147,
  "avg_policy_loss_100": -0.00011204507130834581,
  "avg_value_loss_100": 8.851260281614254,
  "timestamp": "20250507_112056"
}