{
  "episode": 260,
  "epoch": 3,
  "mean_reward": 0.7251742525948586,
  "best_reward": 0.9066554298388896,
  "timestamp": "20250503_190634"
}