{
  "episode": 720,
  "epoch": 2,
  "mean_reward": 0.2750021365174812,
  "best_reward": 0.4567905254997499,
  "timestamp": "20250503_215836"
}