{
  "episode": 320,
  "epoch": 1,
  "mean_reward": 0.2599676162530672,
  "best_reward": 0.44206984182377107,
  "avg_reward_100": 0.21824037740585567,
  "avg_policy_loss_100": 0.004737140937071312,
  "avg_value_loss_100": 8.957845238978814,
  "timestamp": "20250507_112050"
}