{
  "episode": 390,
  "epoch": 1,
  "mean_reward": 0.2072081555011321,
  "best_reward": 0.4567905254997499,
  "timestamp": "20250503_215814"
}