{
  "episode": 390,
  "epoch": 4,
  "mean_reward": 0.7090505143715731,
  "best_reward": 0.9066554298388896,
  "timestamp": "20250503_190643"
}