{
  "episode": 170,
  "epoch": 1,
  "mean_reward": 0.27555388533697284,
  "best_reward": 0.4567905254997499,
  "timestamp": "20250503_210902"
}