{
  "episode": 220,
  "epoch": 1,
  "mean_reward": 0.24676281868126707,
  "best_reward": 0.4567905254997499,
  "timestamp": "20250503_215803"
}