{
  "episode": 380,
  "epoch": 4,
  "mean_reward": 0.8309225265778621,
  "best_reward": 0.9066554298388896,
  "timestamp": "20250503_190642"
}