{
  "episode": 560,
  "epoch": 2,
  "mean_reward": 0.19474134034072116,
  "best_reward": 0.4567905254997499,
  "timestamp": "20250503_215825"
}