{
  "episode": 2250,
  "epoch": 5,
  "mean_reward": 0.2528058023818187,
  "best_reward": 0.4567905254997499,
  "timestamp": "20250503_213627"
}