{
  "interview_num": 2340,
  "stats": {
    "average_score": 0.23091446361367113,
    "time_efficiency": 0.13078878133814614,
    "topic_performances": {
      "ds": 0.10103036363377244,
      "algo": 0.22564610598139712,
      "oops": 0.5012193788380165,
      "dbms": 0.0,
      "os": 0.0,
      "cn": 0.0,
      "system_design": 0.0
    },
    "current_streak": 0,
    "difficulty_level": 1.0
  },
  "timestamp": "20250503_220059"
}