{
  "episode": 150,
  "epoch": 2,
  "mean_reward": 0.7466095591503951,
  "best_reward": 0.9066554298388896,
  "timestamp": "20250503_190626"
}