{
  "episode": 1990,
  "epoch": 4,
  "mean_reward": 0.17530139598553346,
  "best_reward": 0.4567905254997499,
  "avg_reward_100": 0.21130149763745595,
  "avg_policy_loss_100": 0.00016673761928205768,
  "avg_value_loss_100": 8.62485769647961,
  "timestamp": "20250507_112317"
}