{
  "final_stats": {
    "average_score": 0.3131289941591078,
    "time_efficiency": 0.767901443769448,
    "topic_performances": {
      "ds": 0.4289707536418783,
      "algo": 0.1662951296141173,
      "oops": 0.3363730729557728,
      "dbms": 0.0,
      "os": 0.0,
      "cn": 0.0,
      "system_design": 0.0
    },
    "current_streak": 0,
    "difficulty_level": 5.5324500986682486
  },
  "mean_reward": 0.3131289941591078,
  "policy_loss": 0.0013512875621760402,
  "value_loss": 1.0,
  "timestamp": "20250503_210852"
}