{
  "interview_num": 1720,
  "stats": {
    "average_score": 0.11486971020264632,
    "time_efficiency": 0.22821113021934844,
    "topic_performances": {
      "ds": 0.10913542406952194,
      "algo": 0.13404648997402466,
      "oops": 0.10565735679306905,
      "dbms": 0.0,
      "os": 0.0,
      "cn": 0.0,
      "system_design": 0.0
    },
    "current_streak": 0,
    "difficulty_level": 1.0
  },
  "timestamp": "20250503_211106"
}