{
  "episode": 1060,
  "epoch": 3,
  "mean_reward": 0.2992611216750548,
  "best_reward": 0.4567905254997499,
  "avg_reward_100": 0.2089634988888688,
  "avg_policy_loss_100": -0.00012921914020744483,
  "avg_value_loss_100": 8.751885074949225,
  "timestamp": "20250507_112148"
}