{
  "episode": 2360,
  "epoch": 5,
  "mean_reward": 0.18077364565516524,
  "best_reward": 0.4567905254997499,
  "avg_reward_100": 0.22826865611096436,
  "avg_policy_loss_100": 7.182844661364414e-05,
  "avg_value_loss_100": 8.655873817953056,
  "timestamp": "20250507_112400"
}