{
  "episode": 460,
  "epoch": 1,
  "mean_reward": 0.21028781739042612,
  "best_reward": 0.4567905254997499,
  "avg_reward_100": 0.22173611976129715,
  "avg_policy_loss_100": -8.970409747811959e-05,
  "avg_value_loss_100": 8.867484770244237,
  "timestamp": "20250507_112100"
}