{
  "interview_num": 2070,
  "stats": {
    "average_score": 0.22824070437352878,
    "time_efficiency": 0.14687330759121356,
    "topic_performances": {
      "ds": 0.18701390532613898,
      "algo": 0.12452163149346812,
      "oops": 0.3762542500114776,
      "dbms": 0.0,
      "os": 0.0,
      "cn": 0.0,
      "system_design": 0.15654540940936273
    },
    "current_streak": 0,
    "difficulty_level": 1.0
  },
  "timestamp": "20250503_220032"
}