{
  "interview_num": 1370,
  "stats": {
    "average_score": 0.22035443104166377,
    "time_efficiency": 0.07223480271317696,
    "topic_performances": {
      "ds": 0.4419219887289039,
      "algo": 0.12796923511053968,
      "oops": 0.1871585255254422,
      "dbms": 0.0,
      "os": 0.0,
      "cn": 0.0,
      "system_design": 0.0
    },
    "current_streak": 0,
    "difficulty_level": 1.0
  },
  "timestamp": "20250503_211034"
}