{
  "interview_num": 630,
  "stats": {
    "average_score": 0.192297074492829,
    "time_efficiency": 0.10855867903879157,
    "topic_performances": {
      "ds": 0.19646849206102637,
      "algo": 0.23554985178943535,
      "oops": 0.17744342437263794,
      "dbms": 0.0,
      "os": 0.0,
      "cn": 0.1526918676757888,
      "system_design": 0.0
    },
    "current_streak": 0,
    "difficulty_level": 1.0
  },
  "timestamp": "20250503_215829"
}