{
  "episode": 2460,
  "epoch": 5,
  "mean_reward": 0.12146491363755345,
  "best_reward": 0.4567905254997499,
  "avg_reward_100": 0.2146062312771355,
  "avg_policy_loss_100": 0.00016814229075078562,
  "avg_value_loss_100": 8.749154935580785,
  "timestamp": "20250507_112411"
}