{
  "episode": 210,
  "epoch": 1,
  "mean_reward": 0.18583450062162982,
  "best_reward": 0.44206984182377107,
  "avg_reward_100": 0.20611683720498924,
  "avg_policy_loss_100": 0.007494332576677918,
  "avg_value_loss_100": 8.916176335502907,
  "timestamp": "20250507_112042"
}