{
  "episode": 180,
  "epoch": 1,
  "mean_reward": 0.3118950088722504,
  "best_reward": 0.4567905254997499,
  "timestamp": "20250503_215801"
}