{
  "episode": 440,
  "epoch": 5,
  "mean_reward": 0.8065743172962219,
  "best_reward": 0.9066554298388896,
  "timestamp": "20250503_190647"
}