{
  "episode": 530,
  "epoch": 2,
  "mean_reward": 0.10979748946259896,
  "best_reward": 0.4567905254997499,
  "timestamp": "20250503_210926"
}