{
  "episode": 1450,
  "epoch": 3,
  "mean_reward": 0.2733303681996224,
  "best_reward": 0.4567905254997499,
  "avg_reward_100": 0.22243554613710895,
  "avg_policy_loss_100": 0.00023301884974063084,
  "avg_value_loss_100": 8.548647632145975,
  "timestamp": "20250507_112224"
}