{
  "episode": 60,
  "epoch": 1,
  "mean_reward": 0.21586650909888486,
  "best_reward": 0.4567905254997499,
  "timestamp": "20250503_210855"
}