{
  "interview_num": 1990,
  "stats": {
    "average_score": 0.12944457591919906,
    "time_efficiency": 0.4664694863347127,
    "topic_performances": {
      "ds": 0.14280749100598059,
      "algo": 0.14006076371193757,
      "oops": 0.11146024875955907,
      "dbms": 0.0,
      "os": 0.0,
      "cn": 0.0,
      "system_design": 0.0
    },
    "current_streak": 0,
    "difficulty_level": 9.848154505314241
  },
  "timestamp": "20250503_213605"
}