{
  "interview_num": 590,
  "stats": {
    "average_score": 0.21818110616911554,
    "time_efficiency": 0.4883819512518214,
    "topic_performances": {
      "ds": 0.4531331853643606,
      "algo": 0.10861747910281414,
      "oops": 0.09972169751632035,
      "dbms": 0.0,
      "os": 0.18849819415417624,
      "cn": 0.0,
      "system_design": 0.0
    },
    "current_streak": 0,
    "difficulty_level": 8.12720975929116
  },
  "timestamp": "20250503_210930"
}