{
  "final_stats": {
    "average_score": 0.3847626488922471,
    "time_efficiency": 0.40770241466085133,
    "topic_performances": {
      "ds": 0.4614614903033954,
      "algo": 0.2522491442622504,
      "oops": 0.4548024908579265,
      "dbms": 0.0,
      "os": 0.1528517649470149,
      "cn": 0.0,
      "system_design": 0.0
    },
    "current_streak": 0,
    "difficulty_level": 1.5
  },
  "mean_reward": 0.3847626488922471,
  "policy_loss": 0.10670171265875852,
  "value_loss": 1.0,
  "timestamp": "20250503_215752"
}