{
  "episode": 450,
  "epoch": 5,
  "mean_reward": 0.8442878213153941,
  "best_reward": 0.9066554298388896,
  "timestamp": "20250503_190648"
}