{
  "episode": 660,
  "epoch": 2,
  "mean_reward": 0.17812816534570233,
  "best_reward": 0.4567905254997499,
  "timestamp": "20250503_213416"
}