{
  "episode": 2060,
  "epoch": 5,
  "mean_reward": 0.15799832134542952,
  "best_reward": 0.4567905254997499,
  "avg_reward_100": 0.21013493782713163,
  "avg_policy_loss_100": 0.00015001911722206882,
  "avg_value_loss_100": 8.570478357742399,
  "timestamp": "20250507_112325"
}