{
  "episode": 90,
  "epoch": 1,
  "mean_reward": 0.3217961703524747,
  "best_reward": 0.4567905254997499,
  "timestamp": "20250503_210857"
}