{
  "interview_num": 1310,
  "stats": {
    "average_score": 0.37460462938501504,
    "time_efficiency": 0.41437037487238654,
    "topic_performances": {
      "ds": 0.38126050682126267,
      "algo": 0.4082894672694634,
      "oops": 0.41327269779986875,
      "dbms": 0.0,
      "os": 0.0,
      "cn": 0.0,
      "system_design": 0.16959046915697237
    },
    "current_streak": 0,
    "difficulty_level": 10.0
  },
  "timestamp": "20250503_211028"
}