{
  "interview_num": 250,
  "stats": {
    "average_score": 0.8551631997914466,
    "time_efficiency": 0.675387236916259,
    "topic_performances": {
      "ds": 0.7759117391203275,
      "algo": 0.7379550717426469,
      "oops": 0.0,
      "dbms": 0.9475952517743892,
      "os": 0.8692049705236079,
      "cn": 0.7967293138680771,
      "system_design": 0.8839284376927048
    },
    "current_streak": 10,
    "difficulty_level": 10.0
  },
  "timestamp": "20250503_190633"
}