{
  "episode": 110,
  "epoch": 1,
  "mean_reward": 0.16532037186443166,
  "best_reward": 0.4567905254997499,
  "timestamp": "20250503_213338"
}