{
  "episode": 1850,
  "epoch": 4,
  "mean_reward": 0.15174614413249035,
  "best_reward": 0.4567905254997499,
  "timestamp": "20250503_220012"
}