{
  "episode": 30,
  "epoch": 1,
  "mean_reward": 0.8401641019064889,
  "best_reward": 0.9018350774636698,
  "timestamp": "20250503_190619"
}