{
  "episode": 180,
  "epoch": 1,
  "mean_reward": 0.2398165496478232,
  "best_reward": 0.4567905254997499,
  "timestamp": "20250503_213342"
}