{
  "episode": 1030,
  "epoch": 3,
  "mean_reward": 0.14658176617363222,
  "best_reward": 0.4567905254997499,
  "timestamp": "20250503_211005"
}