{
  "episode": 2340,
  "epoch": 5,
  "mean_reward": 0.19993992750433764,
  "best_reward": 0.4567905254997499,
  "timestamp": "20250503_213635"
}