{
  "episode": 1900,
  "epoch": 4,
  "mean_reward": 0.17344923693496153,
  "best_reward": 0.4567905254997499,
  "timestamp": "20250503_220016"
}