{
  "interview_num": 1580,
  "stats": {
    "average_score": 0.44206984182377107,
    "time_efficiency": 0.6282835703676642,
    "topic_performances": {
      "ds": 0.1522781953628346,
      "algo": 0.4600234353078162,
      "oops": 0.4783390503227492,
      "dbms": 0.0,
      "os": 0.0,
      "cn": 0.0,
      "system_design": 0.0
    },
    "current_streak": 0,
    "difficulty_level": 10.0
  },
  "timestamp": "20250503_213528"
}