{
  "episode": 620,
  "epoch": 2,
  "mean_reward": 0.3071144086815384,
  "best_reward": 0.4567905254997499,
  "timestamp": "20250503_210933"
}