{
  "interview_num": 2440,
  "stats": {
    "average_score": 0.19313686549241987,
    "time_efficiency": 0.38067006536034464,
    "topic_performances": {
      "ds": 0.41430928117155,
      "algo": 0.12969033576422762,
      "oops": 0.14599718738104706,
      "dbms": 0.0,
      "os": 0.0,
      "cn": 0.0,
      "system_design": 0.0
    },
    "current_streak": 0,
    "difficulty_level": 10.0
  },
  "timestamp": "20250503_213645"
}