{
  "episode": 1520,
  "epoch": 4,
  "mean_reward": 0.1665196729947807,
  "best_reward": 0.4567905254997499,
  "avg_reward_100": 0.21700764179337687,
  "avg_policy_loss_100": 0.00020692161967268005,
  "avg_value_loss_100": 8.819176886176654,
  "timestamp": "20250507_112230"
}