{
  "episode": 1400,
  "epoch": 3,
  "mean_reward": 0.25943420210263657,
  "best_reward": 0.4567905254997499,
  "timestamp": "20250503_211036"
}