{
  "episode": 940,
  "epoch": 2,
  "mean_reward": 0.23818049469451652,
  "best_reward": 0.4567905254997499,
  "avg_reward_100": 0.21525479409039927,
  "avg_policy_loss_100": -4.394976436384272e-05,
  "avg_value_loss_100": 8.775099714129878,
  "timestamp": "20250507_112139"
}