{
  "episode": 70,
  "epoch": 1,
  "mean_reward": 0.24259193868734305,
  "best_reward": 0.39154805364006046,
  "timestamp": "20250503_215754"
}