{
  "interview_num": 1290,
  "stats": {
    "average_score": 0.12635917146809408,
    "time_efficiency": 0.13350161164012947,
    "topic_performances": {
      "ds": 0.17377671289857527,
      "algo": 0.08171989372075456,
      "oops": 0.12073281066674697,
      "dbms": 0.0,
      "os": 0.0,
      "cn": 0.1489344481085465,
      "system_design": 0.0
    },
    "current_streak": 0,
    "difficulty_level": 1.0
  },
  "timestamp": "20250503_215922"
}