{
  "episode": 1380,
  "epoch": 3,
  "mean_reward": 0.16339257031115012,
  "best_reward": 0.4567905254997499,
  "timestamp": "20250503_213511"
}