{
  "interview_num": 2040,
  "stats": {
    "average_score": 0.15303693639251156,
    "time_efficiency": 0.17858804079032736,
    "topic_performances": {
      "ds": 0.12803545820657203,
      "algo": 0.09473385618079909,
      "oops": 0.2421838044297008,
      "dbms": 0.16881160949967272,
      "os": 0.0,
      "cn": 0.0,
      "system_design": 0.0
    },
    "current_streak": 0,
    "difficulty_level": 1.0
  },
  "timestamp": "20250503_213609"
}