{
  "episode": 1490,
  "epoch": 3,
  "mean_reward": 0.1378502343628258,
  "best_reward": 0.4567905254997499,
  "avg_reward_100": 0.2187677907429342,
  "avg_policy_loss_100": 0.00023226289420497846,
  "avg_value_loss_100": 8.711329327391537,
  "timestamp": "20250507_112227"
}