{
  "episode": 530,
  "epoch": 2,
  "mean_reward": 0.1303136686628504,
  "best_reward": 0.4567905254997499,
  "avg_reward_100": 0.21216994734652253,
  "avg_policy_loss_100": -0.00010466222759093706,
  "avg_value_loss_100": 8.791873728717544,
  "timestamp": "20250507_112106"
}