{
  "episode": 800,
  "epoch": 2,
  "mean_reward": 0.3023878614597303,
  "best_reward": 0.4567905254997499,
  "timestamp": "20250503_213426"
}