{
  "episode": 1020,
  "epoch": 3,
  "mean_reward": 0.273877668093536,
  "best_reward": 0.4567905254997499,
  "timestamp": "20250503_215858"
}