{
  "episode": 1930,
  "epoch": 4,
  "mean_reward": 0.29316230021685036,
  "best_reward": 0.4567905254997499,
  "timestamp": "20250503_220019"
}