{
  "episode": 1320,
  "epoch": 3,
  "mean_reward": 0.1467429758739062,
  "best_reward": 0.4567905254997499,
  "avg_reward_100": 0.21892671621827503,
  "avg_policy_loss_100": 0.0001610222963207146,
  "avg_value_loss_100": 8.565697509162405,
  "timestamp": "20250507_112212"
}