{
  "episode": 1700,
  "epoch": 4,
  "mean_reward": 0.11484980953579849,
  "best_reward": 0.4567905254997499,
  "avg_reward_100": 0.21378749286556264,
  "avg_policy_loss_100": 0.00022381888919090318,
  "avg_value_loss_100": 8.76852275314454,
  "timestamp": "20250507_112247"
}