{
  "interview_num": 2080,
  "stats": {
    "average_score": 0.1288379351095708,
    "time_efficiency": 0.1686629740691206,
    "topic_performances": {
      "ds": 0.14215259658296095,
      "algo": 0.09441012772208933,
      "oops": 0.1710642269377535,
      "dbms": 0.0,
      "os": 0.0,
      "cn": 0.0,
      "system_design": 0.0
    },
    "current_streak": 0,
    "difficulty_level": 1.0
  },
  "timestamp": "20250503_213612"
}