{
  "episode": 200,
  "epoch": 1,
  "mean_reward": 0.18077364565516524,
  "best_reward": 0.44206984182377107,
  "avg_reward_100": 0.20868947605996627,
  "avg_policy_loss_100": 0.007871720669101249,
  "avg_value_loss_100": 8.924462951570442,
  "timestamp": "20250507_112042"
}