{
  "interview_num": 1650,
  "stats": {
    "average_score": 0.14098441798262557,
    "time_efficiency": 0.1677283709185735,
    "topic_performances": {
      "ds": 0.0,
      "algo": 0.2177340849353148,
      "oops": 0.0993821355493313,
      "dbms": 0.0,
      "os": 0.0,
      "cn": 0.16034911172432323,
      "system_design": 0.0
    },
    "current_streak": 0,
    "difficulty_level": 1.0
  },
  "timestamp": "20250503_215954"
}