{
  "episode": 2160,
  "epoch": 5,
  "mean_reward": 0.1655740229202892,
  "best_reward": 0.4567905254997499,
  "timestamp": "20250503_213619"
}