{
  "interview_num": 1560,
  "stats": {
    "average_score": 0.19832182238178367,
    "time_efficiency": 0.15739350651804934,
    "topic_performances": {
      "ds": 0.1419027399797163,
      "algo": 0.0955815163645527,
      "oops": 0.235736064444145,
      "dbms": 0.0,
      "os": 0.0,
      "cn": 0.0,
      "system_design": 0.0
    },
    "current_streak": 0,
    "difficulty_level": 1.0
  },
  "timestamp": "20250503_213527"
}