{
  "episode": 870,
  "epoch": 2,
  "mean_reward": 0.22868115203375342,
  "best_reward": 0.4567905254997499,
  "avg_reward_100": 0.21436999230212078,
  "avg_policy_loss_100": 0.00015162794892565278,
  "avg_value_loss_100": 8.687949716305404,
  "timestamp": "20250507_112133"
}