{
  "episode": 200,
  "epoch": 2,
  "mean_reward": 0.8878242083374616,
  "best_reward": 0.9066554298388896,
  "timestamp": "20250503_190630"
}