{
  "episode": 290,
  "epoch": 1,
  "mean_reward": 0.3034945770925997,
  "best_reward": 0.4567905254997499,
  "timestamp": "20250503_215808"
}