{
  "interview_num": 1390,
  "stats": {
    "average_score": 0.17208901194144857,
    "time_efficiency": 0.10192123358990117,
    "topic_performances": {
      "ds": 0.11668677568617776,
      "algo": 0.3047584022489646,
      "oops": 0.1141386464022647,
      "dbms": 0.0,
      "os": 0.0,
      "cn": 0.0,
      "system_design": 0.0
    },
    "current_streak": 0,
    "difficulty_level": 1.0
  },
  "timestamp": "20250503_211036"
}