{
  "interview_num": 2030,
  "stats": {
    "average_score": 0.27414282305036225,
    "time_efficiency": 0.40182953399893406,
    "topic_performances": {
      "ds": 0.31610989325753536,
      "algo": 0.09852947208568708,
      "oops": 0.3549549868315043,
      "dbms": 0.0,
      "os": 0.0,
      "cn": 0.0,
      "system_design": 0.0
    },
    "current_streak": 0,
    "difficulty_level": 10.0
  },
  "timestamp": "20250503_211135"
}