{
  "episode": 2490,
  "epoch": 5,
  "mean_reward": 0.28469095531712185,
  "best_reward": 0.4567905254997499,
  "avg_reward_100": 0.2205195259075936,
  "avg_policy_loss_100": 0.0001535780404751715,
  "avg_value_loss_100": 8.889596386062646,
  "timestamp": "20250507_112414"
}