{
  "episode": 2400,
  "epoch": 5,
  "mean_reward": 0.1722762731496731,
  "best_reward": 0.4567905254997499,
  "timestamp": "20250503_220105"
}