{
  "episode": 440,
  "epoch": 1,
  "mean_reward": 0.16031768068361432,
  "best_reward": 0.44814499888987414,
  "avg_reward_100": 0.21763191929628334,
  "avg_policy_loss_100": -5.194924225906419e-05,
  "avg_value_loss_100": 8.681913533076077,
  "timestamp": "20250507_112059"
}