{
  "interview_num": 1210,
  "stats": {
    "average_score": 0.20913690087180337,
    "time_efficiency": 0.34393245534915495,
    "topic_performances": {
      "ds": 0.1632563249402827,
      "algo": 0.2768557751843253,
      "oops": 0.19275817708605236,
      "dbms": 0.0,
      "os": 0.0,
      "cn": 0.0,
      "system_design": 0.0
    },
    "current_streak": 0,
    "difficulty_level": 5.655479025098433
  },
  "timestamp": "20250503_211020"
}