{
  "episode": 1070,
  "epoch": 3,
  "mean_reward": 0.17496334105783712,
  "best_reward": 0.4567905254997499,
  "timestamp": "20250503_213446"
}