{
  "episode": 640,
  "epoch": 2,
  "mean_reward": 0.2916852730173831,
  "best_reward": 0.4567905254997499,
  "timestamp": "20250503_210934"
}