{
  "episode": 2500,
  "epoch": 5,
  "mean_reward": 0.3847626488922471,
  "best_reward": 0.4567905254997499,
  "timestamp": "20250503_213650"
}