{
  "episode": 190,
  "epoch": 1,
  "mean_reward": 0.24878283499186318,
  "best_reward": 0.44206984182377107,
  "avg_reward_100": 0.20715750613884723,
  "avg_policy_loss_100": 0.008206134437524352,
  "avg_value_loss_100": 8.843161081871896,
  "timestamp": "20250507_112041"
}