{
  "episode": 710,
  "epoch": 2,
  "mean_reward": 0.14605707508395244,
  "best_reward": 0.4567905254997499,
  "timestamp": "20250503_210939"
}