{
  "final_stats": {
    "average_score": 0.9018350774636698,
    "time_efficiency": 0.6768040134292261,
    "topic_performances": {
      "ds": 0.9661935135175097,
      "algo": 0.9592900975545122,
      "oops": 0.0,
      "dbms": 0.8640695174955382,
      "os": 0.8530697998552559,
      "cn": 0.9772221610057981,
      "system_design": 0.8510744069962369
    },
    "current_streak": 10,
    "difficulty_level": 1.0
  },
  "mean_reward": 0.9018350774636698,
  "policy_loss": -0.030916518092120638,
  "value_loss": 1.0,
  "timestamp": "20250503_190329"
}