{
  "episode": 70,
  "epoch": 1,
  "mean_reward": 0.13125708014349244,
  "best_reward": 0.3473984977548798,
  "avg_reward_100": 0.21022107367980084,
  "avg_policy_loss_100": 0.02160243398340671,
  "avg_value_loss_100": 9.45336075115684,
  "timestamp": "20250507_112034"
}