{
  "interview_num": 1760,
  "stats": {
    "average_score": 0.1690623502510614,
    "time_efficiency": 0.13528186283303284,
    "topic_performances": {
      "ds": 0.09264329540794451,
      "algo": 0.13249872947973335,
      "oops": 0.29423289945594905,
      "dbms": 0.0,
      "os": 0.0,
      "cn": 0.0,
      "system_design": 0.0
    },
    "current_streak": 0,
    "difficulty_level": 1.0
  },
  "timestamp": "20250503_220003"
}