{
  "episode": 1140,
  "epoch": 3,
  "mean_reward": 0.20161398838198813,
  "best_reward": 0.4567905254997499,
  "timestamp": "20250503_213452"
}