{
  "interview_num": 600,
  "stats": {
    "average_score": 0.1250604556149933,
    "time_efficiency": 0.07085594450978322,
    "topic_performances": {
      "ds": 0.10804716972029138,
      "algo": 0.16529791674533004,
      "oops": 0.107237478656243,
      "dbms": 0.0,
      "os": 0.0,
      "cn": 0.0,
      "system_design": 0.0
    },
    "current_streak": 0,
    "difficulty_level": 1.0
  },
  "timestamp": "20250503_215827"
}