{
  "total_episodes": 656,
  "epoch": 2,
  "epoch_episode": 156,
  "actor_loss": 4.4408920985006264e-17,
  "value_loss": 1.0,
  "mean_reward": 0.21834008379434217,
  "topic_performance": {
    "ds": 0.09562276863603193,
    "algo": 0.37791063093716215,
    "oops": 0.12829666942889237,
    "dbms": 0.0,
    "os": 0.0,
    "cn": 0.0,
    "system_design": 0.0
  }
}