{
  "total_episodes": 496,
  "epoch": 1,
  "epoch_episode": 496,
  "actor_loss": 0.11140650661707888,
  "value_loss": 1.0,
  "mean_reward": 0.36373269392497737,
  "topic_performance": {
    "ds": 0.4275287825857257,
    "algo": 0.14929026681530877,
    "oops": 0.3363669824646111,
    "dbms": 0.0,
    "os": 0.0,
    "cn": 0.0,
    "system_design": 0.1589682118697736
  }
}