{
  "total_episodes": 865,
  "epoch": 2,
  "epoch_episode": 365,
  "average_score": 0.21586650909888486,
  "time_efficiency": 0.10186001012793248,
  "current_streak": 0,
  "difficulty_level": 1.0,
  "topic_performances": {
    "ds": 0.4437248640117829,
    "algo": 0.11150082501360972,
    "oops": 0.2379037459657447,
    "dbms": 0.0,
    "os": 0.0,
    "cn": 0.0,
    "system_design": 0.0
  }
}