{
  "total_episodes": 370,
  "epoch": 1,
  "epoch_episode": 370,
  "average_score": 0.22309502238449058,
  "time_efficiency": 0.15049982280621155,
  "current_streak": 0,
  "difficulty_level": 1.0,
  "topic_performances": {
    "ds": 0.10460866860852969,
    "algo": 0.4911838258047034,
    "oops": 0.12974673477961768,
    "dbms": 0.0,
    "os": 0.0,
    "cn": 0.0,
    "system_design": 0.0
  }
}