{
  "total_episodes": 1645,
  "epoch": 4,
  "epoch_episode": 145,
  "average_score": 0.22805495973493123,
  "time_efficiency": 0.19571218710861266,
  "current_streak": 0,
  "difficulty_level": 1.0,
  "topic_performances": {
    "ds": 0.3127098635223641,
    "algo": 0.2562786112753866,
    "oops": 0.16114268940426812,
    "dbms": 0.0,
    "os": 0.0,
    "cn": 0.0,
    "system_design": 0.14658735699023318
  }
}