{
  "total_episodes": 1571,
  "epoch": 4,
  "epoch_episode": 71,
  "actor_loss": -2.2204460492503132e-17,
  "value_loss": 1.0,
  "mean_reward": 0.2735163097450602,
  "topic_performance": {
    "ds": 0.4700761583051601,
    "algo": 0.15314150237569482,
    "oops": 0.40531528615801365,
    "dbms": 0.15391182449863378,
    "os": 0.0,
    "cn": 0.0,
    "system_design": 0.0
  }
}