{
  "total_episodes": 1695,
  "epoch": 4,
  "epoch_episode": 195,
  "actor_loss": -0.0028164704241205652,
  "value_loss": 1.0,
  "mean_reward": 0.35822577198506184,
  "topic_performance": {
    "ds": 0.27293081032716354,
    "algo": 0.4293420922912993,
    "oops": 0.2301717727242481,
    "dbms": 0.0,
    "os": 0.0,
    "cn": 0.0,
    "system_design": 0.0
  }
}