{
  "total_episodes": 445,
  "epoch": 1,
  "epoch_episode": 445,
  "actor_loss": -2.2204460492503132e-17,
  "value_loss": 1.0,
  "mean_reward": 0.23818049469451652,
  "topic_performance": {
    "ds": 0.15728705290154524,
    "algo": 0.3836539564852347,
    "oops": 0.10454814779484464,
    "dbms": 0.0,
    "os": 0.1662316667099011,
    "cn": 0.0,
    "system_design": 0.0
  }
}