{
  "total_episodes": 100,
  "epoch": 1,
  "epoch_episode": 100,
  "average_score": 0.1795336594915584,
  "time_efficiency": 0.15611786199746472,
  "current_streak": 0,
  "difficulty_level": 1.0,
  "topic_performances": {
    "ds": 0.07633803769780514,
    "algo": 0.3933998721109979,
    "oops": 0.13141260116876938,
    "dbms": 0.14372320598316674,
    "os": 0.0,
    "cn": 0.0,
    "system_design": 0.0
  }
}