{
  "total_episodes": 859,
  "epoch": 2,
  "epoch_episode": 359,
  "actor_loss": -2.2204460492503132e-17,
  "value_loss": 1.0,
  "mean_reward": 0.27562725090330226,
  "topic_performance": {
    "ds": 0.19864170672698273,
    "algo": 0.2175543000436249,
    "oops": 0.3206467492486346,
    "dbms": 0.0,
    "os": 0.0,
    "cn": 0.0,
    "system_design": 0.0
  }
}