{
  "total_episodes": 1530,
  "epoch": 4,
  "epoch_episode": 30,
  "average_score": 0.2066565154051784,
  "time_efficiency": 0.04834642213661329,
  "current_streak": 0,
  "difficulty_level": 1.0,
  "topic_performances": {
    "ds": 0.10064637321047146,
    "algo": 0.2709217249056566,
    "oops": 0.34049661272937115,
    "dbms": 0.0,
    "os": 0.0,
    "cn": 0.0,
    "system_design": 0.0
  }
}