{
  "total_episodes": 1130,
  "epoch": 3,
  "epoch_episode": 130,
  "actor_loss": 1.1102230246251565e-16,
  "value_loss": 1.0,
  "mean_reward": 0.1505884667181847,
  "topic_performance": {
    "ds": 0.11388349607940129,
    "algo": 0.1011049224359211,
    "oops": 0.5083517877523683,
    "dbms": 0.1503577790116694,
    "os": 0.0,
    "cn": 0.0,
    "system_design": 0.0
  }
}