{
  "total_episodes": 2224,
  "epoch": 5,
  "epoch_episode": 224,
  "actor_loss": -1.1102230246251565e-16,
  "value_loss": 1.0,
  "mean_reward": 0.2631855131856806,
  "topic_performance": {
    "ds": 0.40290251044901365,
    "algo": 0.4576986033868003,
    "oops": 0.1015500787472329,
    "dbms": 0.0,
    "os": 0.0,
    "cn": 0.0,
    "system_design": 0.0
  }
}