{
  "total_episodes": 1102,
  "epoch": 3,
  "epoch_episode": 102,
  "actor_loss": 1.1102230246251565e-16,
  "value_loss": 1.0,
  "mean_reward": 0.4567905254997499,
  "topic_performance": {
    "ds": 0.5086402452702179,
    "algo": 0.48065300544675504,
    "oops": 0.408235587542927,
    "dbms": 0.14652218493975494,
    "os": 0.0,
    "cn": 0.0,
    "system_design": 0.0
  }
}