{
  "total_episodes": 970,
  "epoch": 2,
  "epoch_episode": 470,
  "average_score": 0.13187736201871497,
  "time_efficiency": 0.07281788967091744,
  "current_streak": 0,
  "difficulty_level": 1.0,
  "topic_performances": {
    "ds": 0.10717473577357124,
    "algo": 0.09991302331863099,
    "oops": 0.2488421481366405,
    "dbms": 0.0,
    "os": 0.0,
    "cn": 0.0,
    "system_design": 0.0
  }
}