{
  "total_episodes": 1022,
  "epoch": 3,
  "epoch_episode": 22,
  "actor_loss": 8.881784197001253e-17,
  "value_loss": 1.0,
  "mean_reward": 0.18940366182519222,
  "topic_performance": {
    "ds": 0.1401735654421814,
    "algo": 0.11590180332647007,
    "oops": 0.2473731144356202,
    "dbms": 0.0,
    "os": 0.0,
    "cn": 0.1450203085365181,
    "system_design": 0.0
  }
}