{
  "total_episodes": 155,
  "epoch": 1,
  "epoch_episode": 155,
  "average_score": 0.1602343573674395,
  "time_efficiency": 0.061332432419603025,
  "current_streak": 0,
  "difficulty_level": 1.0,
  "topic_performances": {
    "ds": 0.21393937113681397,
    "algo": 0.0,
    "oops": 0.13388119203945603,
    "dbms": 0.15723830802721675,
    "os": 0.0,
    "cn": 0.0,
    "system_design": 0.0
  }
}