{
  "total_episodes": 2100,
  "epoch": 5,
  "epoch_episode": 100,
  "average_score": 0.13186830830246404,
  "time_efficiency": 0.1717293027556852,
  "current_streak": 0,
  "difficulty_level": 1.0,
  "topic_performances": {
    "ds": 0.10806910743076298,
    "algo": 0.1237736570085994,
    "oops": 0.17336484839931765,
    "dbms": 0.0,
    "os": 0.0,
    "cn": 0.16835598547715508,
    "system_design": 0.0
  }
}