{
  "total_episodes": 955,
  "epoch": 2,
  "epoch_episode": 455,
  "average_score": 0.17190555249384568,
  "time_efficiency": 0.0761207338405461,
  "current_streak": 0,
  "difficulty_level": 1.0,
  "topic_performances": {
    "ds": 0.18931333117620266,
    "algo": 0.2672988454702107,
    "oops": 0.10770646523508384,
    "dbms": 0.0,
    "os": 0.0,
    "cn": 0.0,
    "system_design": 0.0
  }
}