{
  "total_episodes": 213,
  "epoch": 1,
  "epoch_episode": 213,
  "actor_loss": -4.4408920985006264e-17,
  "value_loss": 1.0,
  "mean_reward": 0.24783764846328085,
  "topic_performance": {
    "ds": 0.41996745667371244,
    "algo": 0.13199947711337995,
    "oops": 0.0,
    "dbms": 0.0,
    "os": 0.0,
    "cn": 0.0,
    "system_design": 0.13850927237105878
  }
}