{
  "total_episodes": 135,
  "epoch": 1,
  "epoch_episode": 135,
  "average_score": 0.1467633922228749,
  "time_efficiency": 0.19064963970241222,
  "current_streak": 0,
  "difficulty_level": 1.0,
  "topic_performances": {
    "ds": 0.09152303797573028,
    "algo": 0.3165724664219425,
    "oops": 0.11709920937048568,
    "dbms": 0.0,
    "os": 0.0,
    "cn": 0.0,
    "system_design": 0.0
  }
}