{
  "total_episodes": 191,
  "epoch": 1,
  "epoch_episode": 191,
  "actor_loss": 6.661338147750939e-17,
  "value_loss": 1.0,
  "mean_reward": 0.2363844744926785,
  "topic_performance": {
    "ds": 0.20532970341277726,
    "algo": 0.24720678044257366,
    "oops": 0.25591086623779236,
    "dbms": 0.0,
    "os": 0.0,
    "cn": 0.0,
    "system_design": 0.0
  }
}