{
  "total_episodes": 918,
  "epoch": 2,
  "epoch_episode": 418,
  "actor_loss": 6.661338147750939e-17,
  "value_loss": 1.0,
  "mean_reward": 0.31447856707529376,
  "topic_performance": {
    "ds": 0.25167845341750317,
    "algo": 0.3728653276452844,
    "oops": 0.3177885818911439,
    "dbms": 0.0,
    "os": 0.0,
    "cn": 0.0,
    "system_design": 0.0
  }
}