{
  "total_episodes": 2182,
  "epoch": 5,
  "epoch_episode": 182,
  "actor_loss": -6.661338147750939e-17,
  "value_loss": 1.0,
  "mean_reward": 0.13607024545839197,
  "topic_performance": {
    "ds": 0.11521171964557807,
    "algo": 0.17518818734417563,
    "oops": 0.09509332206917194,
    "dbms": 0.0,
    "os": 0.0,
    "cn": 0.0,
    "system_design": 0.20422276740714296
  }
}