{
  "total_episodes": 65,
  "epoch": 1,
  "epoch_episode": 65,
  "average_score": 0.12683548012898987,
  "time_efficiency": 0.03546945764438888,
  "current_streak": 0,
  "difficulty_level": 1.0,
  "topic_performances": {
    "ds": 0.14933416791416732,
    "algo": 0.1067306551341608,
    "oops": 0.12470575839993142,
    "dbms": 0.0,
    "os": 0.18662167299089716,
    "cn": 0.0,
    "system_design": 0.0
  }
}