{
  "total_episodes": 1709,
  "epoch": 4,
  "epoch_episode": 209,
  "actor_loss": 0.08875575479370572,
  "value_loss": 1.0,
  "mean_reward": 0.12048469411616596,
  "topic_performance": {
    "ds": 0.10506527473580288,
    "algo": 0.10172881828276321,
    "oops": 0.19217174099673717,
    "dbms": 0.0,
    "os": 0.0,
    "cn": 0.0,
    "system_design": 0.0
  }
}