{
  "total_episodes": 129,
  "epoch": 1,
  "epoch_episode": 129,
  "actor_loss": -6.661338147750939e-17,
  "value_loss": 1.0,
  "mean_reward": 0.18077364565516524,
  "topic_performance": {
    "ds": 0.10495966272249886,
    "algo": 0.2689914216988899,
    "oops": 0.34904549688822206,
    "dbms": 0.0,
    "os": 0.0,
    "cn": 0.21089606474132516,
    "system_design": 0.0
  }
}