{
  "total_episodes": 2486,
  "epoch": 5,
  "epoch_episode": 486,
  "actor_loss": -0.0,
  "value_loss": 1.0,
  "mean_reward": 0.1178894650012841,
  "topic_performance": {
    "ds": 0.10719818417227611,
    "algo": 0.11697608410297136,
    "oops": 0.0946202071081327,
    "dbms": 0.0,
    "os": 0.25464500078823427,
    "cn": 0.0,
    "system_design": 0.0
  }
}