{
  "total_episodes": 1227,
  "epoch": 3,
  "epoch_episode": 227,
  "actor_loss": 1.3456482128582081e-08,
  "value_loss": 1.0,
  "mean_reward": 0.12944457591919906,
  "topic_performance": {
    "ds": 0.14280749100598059,
    "algo": 0.14006076371193757,
    "oops": 0.11146024875955907,
    "dbms": 0.0,
    "os": 0.0,
    "cn": 0.0,
    "system_design": 0.0
  }
}