{
  "total_episodes": 1168,
  "epoch": 3,
  "epoch_episode": 168,
  "actor_loss": 0.14927626041807068,
  "value_loss": 1.0,
  "mean_reward": 0.10253512536525203,
  "topic_performance": {
    "ds": 0.10286113056732972,
    "algo": 0.09939331623408428,
    "oops": 0.0698735014395366,
    "dbms": 0.0,
    "os": 0.0,
    "cn": 0.15339559367381858,
    "system_design": 0.0
  }
}