{
  "total_episodes": 1375,
  "epoch": 3,
  "epoch_episode": 375,
  "average_score": 0.27874990362031843,
  "time_efficiency": 0.09606305242497366,
  "current_streak": 0,
  "difficulty_level": 1.0,
  "topic_performances": {
    "ds": 0.38188972115261033,
    "algo": 0.18222358011555811,
    "oops": 0.3234248191709627,
    "dbms": 0.3245508159228427,
    "os": 0.0,
    "cn": 0.0,
    "system_design": 0.0
  }
}