{
  "total_episodes": 786,
  "epoch": 2,
  "epoch_episode": 286,
  "actor_loss": -1.1102230246251565e-16,
  "value_loss": 1.0,
  "mean_reward": 0.1723581514566977,
  "topic_performance": {
    "ds": 0.12285950074034364,
    "algo": 0.11046205882813749,
    "oops": 0.21155597289037018,
    "dbms": 0.0,
    "os": 0.0,
    "cn": 0.0,
    "system_design": 0.0
  }
}