{
  "total_episodes": 380,
  "epoch": 1,
  "epoch_episode": 380,
  "average_score": 0.2916852730173831,
  "time_efficiency": 0.15430891045109513,
  "current_streak": 0,
  "difficulty_level": 1.0,
  "topic_performances": {
    "ds": 0.3479910700561433,
    "algo": 0.12257797770024004,
    "oops": 0.32554471292098425,
    "dbms": 0.0,
    "os": 0.0,
    "cn": 0.0,
    "system_design": 0.0
  }
}