{
  "total_episodes": 1925,
  "epoch": 4,
  "epoch_episode": 425,
  "average_score": 0.3412468048969069,
  "time_efficiency": 0.19904593718907684,
  "current_streak": 0,
  "difficulty_level": 1.0,
  "topic_performances": {
    "ds": 0.2301963215405429,
    "algo": 0.0,
    "oops": 0.4223693801222889,
    "dbms": 0.1876628036137063,
    "os": 0.0,
    "cn": 0.0,
    "system_design": 0.0
  }
}