{
  "total_episodes": 650,
  "epoch": 2,
  "epoch_episode": 150,
  "average_score": 0.1625988641367946,
  "time_efficiency": 0.08059255425389882,
  "current_streak": 0,
  "difficulty_level": 1.0,
  "topic_performances": {
    "ds": 0.21685430981451992,
    "algo": 0.14967751616805963,
    "oops": 0.1479641469662027,
    "dbms": 0.0,
    "os": 0.0,
    "cn": 0.0,
    "system_design": 0.0
  }
}