{
  "total_episodes": 1148,
  "epoch": 3,
  "epoch_episode": 148,
  "actor_loss": -4.4408920985006264e-17,
  "value_loss": 1.0,
  "mean_reward": 0.2398165496478232,
  "topic_performance": {
    "ds": 0.08632947317249824,
    "algo": 0.33195396401021277,
    "oops": 0.20567458010221762,
    "dbms": 0.27373267680745583,
    "os": 0.0,
    "cn": 0.0,
    "system_design": 0.0
  }
}