{
  "total_episodes": 776,
  "epoch": 2,
  "epoch_episode": 276,
  "actor_loss": -2.2204460492503132e-17,
  "value_loss": 1.0,
  "mean_reward": 0.33890376348682855,
  "topic_performance": {
    "ds": 0.39619647408060416,
    "algo": 0.26899747961631326,
    "oops": 0.20486635153572075,
    "dbms": 0.0,
    "os": 0.0,
    "cn": 0.0,
    "system_design": 0.0
  }
}