{
  "total_episodes": 1163,
  "epoch": 3,
  "epoch_episode": 163,
  "actor_loss": 0.09461544682019578,
  "value_loss": 1.0,
  "mean_reward": 0.16426180872581458,
  "topic_performance": {
    "ds": 0.2975909215899393,
    "algo": 0.10586538616032518,
    "oops": 0.15599367485924165,
    "dbms": 0.0,
    "os": 0.0,
    "cn": 0.0,
    "system_design": 0.0
  }
}