{
  "total_episodes": 1420,
  "epoch": 3,
  "epoch_episode": 420,
  "average_score": 0.23199656117082412,
  "time_efficiency": 0.28033468692567987,
  "current_streak": 0,
  "difficulty_level": 1.0,
  "topic_performances": {
    "ds": 0.12543498289090027,
    "algo": 0.1141000625711876,
    "oops": 0.3975063887505662,
    "dbms": 0.0,
    "os": 0.0,
    "cn": 0.0,
    "system_design": 0.0
  }
}