{
  "total_episodes": 2060,
  "epoch": 5,
  "epoch_episode": 60,
  "average_score": 0.37460462938501504,
  "time_efficiency": 0.31648411793523945,
  "current_streak": 0,
  "difficulty_level": 1.0,
  "topic_performances": {
    "ds": 0.38126050682126267,
    "algo": 0.4082894672694634,
    "oops": 0.41327269779986875,
    "dbms": 0.0,
    "os": 0.0,
    "cn": 0.0,
    "system_design": 0.16959046915697237
  }
}