{
  "total_episodes": 671,
  "epoch": 2,
  "epoch_episode": 171,
  "actor_loss": 2.2204460492503132e-17,
  "value_loss": 1.0,
  "mean_reward": 0.13832566288613485,
  "topic_performance": {
    "ds": 0.16461812742785187,
    "algo": 0.10224684158905067,
    "oops": 0.13007260899295991,
    "dbms": 0.0,
    "os": 0.0,
    "cn": 0.0,
    "system_design": 0.0
  }
}