{
  "total_episodes": 2115,
  "epoch": 5,
  "epoch_episode": 115,
  "average_score": 0.14804699263748272,
  "time_efficiency": 0.020631424534136043,
  "current_streak": 0,
  "difficulty_level": 1.0,
  "topic_performances": {
    "ds": 0.10351863816466758,
    "algo": 0.2949153781231858,
    "oops": 0.11914115436744635,
    "dbms": 0.0,
    "os": 0.0,
    "cn": 0.0,
    "system_design": 0.0
  }
}