{
  "total_episodes": 1192,
  "epoch": 3,
  "epoch_episode": 192,
  "actor_loss": -0.057987547875418176,
  "value_loss": 1.0,
  "mean_reward": 0.11557204615209618,
  "topic_performance": {
    "ds": 0.1293300893908519,
    "algo": 0.10640001732625903,
    "oops": 0.0,
    "dbms": 0.0,
    "os": 0.0,
    "cn": 0.0,
    "system_design": 0.0
  }
}