{
  "total_episodes": 432,
  "epoch": 1,
  "epoch_episode": 432,
  "actor_loss": 2.2204460492503132e-17,
  "value_loss": 1.0,
  "mean_reward": 0.1483706739502884,
  "topic_performance": {
    "ds": 0.12620015337843443,
    "algo": 0.0,
    "oops": 0.17054119452214236,
    "dbms": 0.0,
    "os": 0.0,
    "cn": 0.0,
    "system_design": 0.0
  }
}