{
  "total_episodes": 1360,
  "epoch": 3,
  "epoch_episode": 360,
  "average_score": 0.20625690012392112,
  "time_efficiency": 0.15889970552714505,
  "current_streak": 0,
  "difficulty_level": 1.0,
  "topic_performances": {
    "ds": 0.12651656184102353,
    "algo": 0.2995193838304716,
    "oops": 0.09271119828189124,
    "dbms": 0.0,
    "os": 0.0,
    "cn": 0.0,
    "system_design": 0.0
  }
}