{
  "total_episodes": 2384,
  "epoch": 5,
  "epoch_episode": 384,
  "actor_loss": 1.1102230246251565e-16,
  "value_loss": 1.0,
  "mean_reward": 0.18583450062162982,
  "topic_performance": {
    "ds": 0.10652132485477797,
    "algo": 0.29835337037397536,
    "oops": 0.2568462528921082,
    "dbms": 0.0,
    "os": 0.0,
    "cn": 0.0,
    "system_design": 0.0
  }
}