{
  "total_episodes": 1004,
  "epoch": 3,
  "epoch_episode": 4,
  "actor_loss": -2.2204460492503132e-17,
  "value_loss": 1.0,
  "mean_reward": 0.21112725040928812,
  "topic_performance": {
    "ds": 0.3603940514064081,
    "algo": 0.10936752708956375,
    "oops": 0.11611309505449682,
    "dbms": 0.0,
    "os": 0.0,
    "cn": 0.0,
    "system_design": 0.0
  }
}