{
  "total_episodes": 805,
  "epoch": 2,
  "epoch_episode": 305,
  "average_score": 0.1675305052429664,
  "time_efficiency": 0.15779832263936658,
  "current_streak": 0,
  "difficulty_level": 1.0,
  "topic_performances": {
    "ds": 0.3810336049620123,
    "algo": 0.15868780948021302,
    "oops": 0.11404819686212449,
    "dbms": 0.0,
    "os": 0.0,
    "cn": 0.0,
    "system_design": 0.0
  }
}