{
  "total_episodes": 999,
  "epoch": 2,
  "epoch_episode": 499,
  "actor_loss": -6.661338147750939e-17,
  "value_loss": 1.0,
  "mean_reward": 0.17736326896868998,
  "topic_performance": {
    "ds": 0.10331769811419494,
    "algo": 0.18658254316343226,
    "oops": 0.32834427018775364,
    "dbms": 0.0,
    "os": 0.0,
    "cn": 0.14392572736431572,
    "system_design": 0.0
  }
}