{
  "total_episodes": 658,
  "epoch": 2,
  "epoch_episode": 158,
  "actor_loss": -4.4408920985006264e-17,
  "value_loss": 1.0,
  "mean_reward": 0.10937285625398238,
  "topic_performance": {
    "ds": 0.12587744003613274,
    "algo": 0.07777530027700245,
    "oops": 0.09145666088451132,
    "dbms": 0.0,
    "os": 0.0,
    "cn": 0.0,
    "system_design": 0.0
  }
}