{
  "total_episodes": 1319,
  "epoch": 3,
  "epoch_episode": 319,
  "actor_loss": 0.18578330080197364,
  "value_loss": 1.0,
  "mean_reward": 0.301467406617935,
  "topic_performance": {
    "ds": 0.18775555540513955,
    "algo": 0.35494404472316515,
    "oops": 0.0,
    "dbms": 0.0,
    "os": 0.15455464230691482,
    "cn": 0.0,
    "system_design": 0.0
  }
}