{
  "total_episodes": 2101,
  "epoch": 5,
  "epoch_episode": 101,
  "actor_loss": 2.2204460492503132e-17,
  "value_loss": 1.0,
  "mean_reward": 0.12725201749668877,
  "topic_performance": {
    "ds": 0.3775065854159086,
    "algo": 0.0,
    "oops": 0.09944595439455323,
    "dbms": 0.0,
    "os": 0.0,
    "cn": 0.0,
    "system_design": 0.0
  }
}