{
  "total_episodes": 240,
  "epoch": 1,
  "epoch_episode": 240,
  "average_score": 0.14471650667573427,
  "time_efficiency": 0.1149463026291313,
  "current_streak": 0,
  "difficulty_level": 1.0,
  "topic_performances": {
    "ds": 0.3503495916642161,
    "algo": 0.12947375080558726,
    "oops": 0.10973492003496355,
    "dbms": 0.0,
    "os": 0.15971962250154687,
    "cn": 0.0,
    "system_design": 0.0
  }
}