{
  "total_episodes": 835,
  "epoch": 2,
  "epoch_episode": 335,
  "average_score": 0.15808894573352006,
  "time_efficiency": 0.13530575182482546,
  "current_streak": 0,
  "difficulty_level": 1.0,
  "topic_performances": {
    "ds": 0.12033446771170273,
    "algo": 0.12947618681310302,
    "oops": 0.23704100868302688,
    "dbms": 0.0,
    "os": 0.0,
    "cn": 0.0,
    "system_design": 0.0
  }
}