{
  "total_episodes": 1843,
  "epoch": 4,
  "epoch_episode": 343,
  "actor_loss": -0.017032580205995896,
  "value_loss": 1.0,
  "mean_reward": 0.2040742098102383,
  "topic_performance": {
    "ds": 0.11143092993922991,
    "algo": 0.345963867379926,
    "oops": 0.09876207308187887,
    "dbms": 0.0,
    "os": 0.0,
    "cn": 0.0,
    "system_design": 0.12506969260123119
  }
}