{
  "total_episodes": 1155,
  "epoch": 3,
  "epoch_episode": 155,
  "average_score": 0.23651870911369804,
  "time_efficiency": 0.08429654885208934,
  "current_streak": 0,
  "difficulty_level": 1.0,
  "topic_performances": {
    "ds": 0.21717214761315415,
    "algo": 0.296009990870161,
    "oops": 0.09528638959056555,
    "dbms": 0.0,
    "os": 0.0,
    "cn": 0.0,
    "system_design": 0.0
  }
}