{
  "total_episodes": 225,
  "epoch": 1,
  "epoch_episode": 225,
  "average_score": 0.15720022409216175,
  "time_efficiency": 0.04924666123801247,
  "current_streak": 0,
  "difficulty_level": 1.0,
  "topic_performances": {
    "ds": 0.20552211267459541,
    "algo": 0.09912273255553243,
    "oops": 0.1645169263078085,
    "dbms": 0.0,
    "os": 0.0,
    "cn": 0.0,
    "system_design": 0.0
  }
}