{
  "total_episodes": 235,
  "epoch": 1,
  "epoch_episode": 235,
  "average_score": 0.2324607841658795,
  "time_efficiency": 0.09380642052130869,
  "current_streak": 0,
  "difficulty_level": 1.0,
  "topic_performances": {
    "ds": 0.22366922585101756,
    "algo": 0.10876431813305294,
    "oops": 0.4108430677687419,
    "dbms": 0.0,
    "os": 0.0,
    "cn": 0.0,
    "system_design": 0.3968567560360467
  }
}