{
  "total_episodes": 1575,
  "epoch": 4,
  "epoch_episode": 75,
  "average_score": 0.1531338117986542,
  "time_efficiency": 0.26093881372716277,
  "current_streak": 0,
  "difficulty_level": 1.0,
  "topic_performances": {
    "ds": 0.1341024105515023,
    "algo": 0.10495553322968967,
    "oops": 0.2108277909911947,
    "dbms": 0.0,
    "os": 0.0,
    "cn": 0.0,
    "system_design": 0.0
  }
}