{
  "total_episodes": 562,
  "epoch": 2,
  "epoch_episode": 62,
  "actor_loss": -0.01006466129633692,
  "value_loss": 1.0,
  "mean_reward": 0.24783764846328085,
  "topic_performance": {
    "ds": 0.41996745667371244,
    "algo": 0.13199947711337995,
    "oops": 0.0,
    "dbms": 0.0,
    "os": 0.0,
    "cn": 0.0,
    "system_design": 0.13850927237105878
  }
}