{
  "total_episodes": 143,
  "epoch": 1,
  "epoch_episode": 143,
  "actor_loss": -0.0035784187879011943,
  "value_loss": 1.0,
  "mean_reward": 0.3044866352241894,
  "topic_performance": {
    "ds": 0.4765748105392687,
    "algo": 0.1207147097083662,
    "oops": 0.17913346071208597,
    "dbms": 0.0,
    "os": 0.0,
    "cn": 0.0,
    "system_design": 0.0
  }
}