{
  "total_episodes": 220,
  "epoch": 1,
  "epoch_episode": 220,
  "average_score": 0.24676281868126707,
  "time_efficiency": 0.23002031456074706,
  "current_streak": 0,
  "difficulty_level": 1.0,
  "topic_performances": {
    "ds": 0.22278758899712225,
    "algo": 0.32390722092955193,
    "oops": 0.14042447355298712,
    "dbms": 0.0,
    "os": 0.0,
    "cn": 0.0,
    "system_design": 0.0
  }
}