{
  "total_episodes": 1775,
  "epoch": 4,
  "epoch_episode": 275,
  "actor_loss": -0.010197301674482828,
  "value_loss": 1.0,
  "mean_reward": 0.17530139598553346,
  "topic_performance": {
    "ds": 0.09215103904267008,
    "algo": 0.12937343360439502,
    "oops": 0.30728157124933975,
    "dbms": 0.0,
    "os": 0.0,
    "cn": 0.0,
    "system_design": 0.0
  }
}