{
  "total_episodes": 1405,
  "epoch": 3,
  "epoch_episode": 405,
  "average_score": 0.24878283499186318,
  "time_efficiency": 0.113986314072503,
  "current_streak": 0,
  "difficulty_level": 1.0,
  "topic_performances": {
    "ds": 0.4493835742624363,
    "algo": 0.13011981993286942,
    "oops": 0.08490738656870439,
    "dbms": 0.0,
    "os": 0.0,
    "cn": 0.0,
    "system_design": 0.0
  }
}