{
  "total_episodes": 1202,
  "epoch": 3,
  "epoch_episode": 202,
  "actor_loss": -0.032708323945326724,
  "value_loss": 1.0,
  "mean_reward": 0.23015625301053966,
  "topic_performance": {
    "ds": 0.36080353652779296,
    "algo": 0.10279566404835028,
    "oops": 0.42816711452300354,
    "dbms": 0.0,
    "os": 0.0,
    "cn": 0.14227932976684127,
    "system_design": 0.0
  }
}