{
  "total_episodes": 1628,
  "epoch": 4,
  "epoch_episode": 128,
  "actor_loss": 4.4408920985006264e-17,
  "value_loss": 1.0,
  "mean_reward": 0.18068061665688182,
  "topic_performance": {
    "ds": 0.419591119621171,
    "algo": 0.10912269313537151,
    "oops": 0.1300409637906492,
    "dbms": 0.0,
    "os": 0.0,
    "cn": 0.14101026341304246,
    "system_design": 0.0
  }
}