{
  "total_episodes": 527,
  "epoch": 2,
  "epoch_episode": 27,
  "actor_loss": -0.0,
  "value_loss": 1.0,
  "mean_reward": 0.1655836728166365,
  "topic_performance": {
    "ds": 0.10886645105822562,
    "algo": 0.14266677834310457,
    "oops": 0.24150999792263658,
    "dbms": 0.0,
    "os": 0.0,
    "cn": 0.0,
    "system_design": 0.14290671890958562
  }
}