{
  "total_episodes": 2176,
  "epoch": 5,
  "epoch_episode": 176,
  "actor_loss": 0.06493540696381364,
  "value_loss": 1.0,
  "mean_reward": 0.44206984182377107,
  "topic_performance": {
    "ds": 0.1522781953628346,
    "algo": 0.4600234353078162,
    "oops": 0.4783390503227492,
    "dbms": 0.0,
    "os": 0.0,
    "cn": 0.0,
    "system_design": 0.0
  }
}