{
  "total_episodes": 993,
  "epoch": 2,
  "epoch_episode": 493,
  "actor_loss": 0.10099122676464531,
  "value_loss": 1.0,
  "mean_reward": 0.15521447921676,
  "topic_performance": {
    "ds": 0.11442789005259335,
    "algo": 0.04848744338053884,
    "oops": 0.2829549886529747,
    "dbms": 0.14859337923722465,
    "os": 0.0,
    "cn": 0.0,
    "system_design": 0.0
  }
}