{
  "total_episodes": 1805,
  "epoch": 4,
  "epoch_episode": 305,
  "average_score": 0.3753185143906633,
  "time_efficiency": 0.2145548870509336,
  "current_streak": 0,
  "difficulty_level": 1.0,
  "topic_performances": {
    "ds": 0.41670240243384676,
    "algo": 0.4017674154429591,
    "oops": 0.09247344394733867,
    "dbms": 0.0,
    "os": 0.0,
    "cn": 0.0,
    "system_design": 0.0
  }
}