{
  "total_episodes": 435,
  "epoch": 1,
  "epoch_episode": 435,
  "actor_loss": -0.008772601157278005,
  "value_loss": 1.0,
  "mean_reward": 0.1665196729947807,
  "topic_performance": {
    "ds": 0.22840567017005312,
    "algo": 0.07020378834201839,
    "oops": 0.13845591667112994,
    "dbms": 0.0,
    "os": 0.0,
    "cn": 0.19579872257016814,
    "system_design": 0.0
  }
}