{
  "total_episodes": 1215,
  "epoch": 3,
  "epoch_episode": 215,
  "average_score": 0.16782462551517194,
  "time_efficiency": 0.13252212374120864,
  "current_streak": 0,
  "difficulty_level": 1.0,
  "topic_performances": {
    "ds": 0.2186327774207139,
    "algo": 0.1242251716576242,
    "oops": 0.18602000341994865,
    "dbms": 0.0,
    "os": 0.0,
    "cn": 0.0,
    "system_design": 0.0
  }
}