{
  "total_episodes": 842,
  "epoch": 2,
  "epoch_episode": 342,
  "actor_loss": 0.02461606105572318,
  "value_loss": 1.0,
  "mean_reward": 0.22365652643492878,
  "topic_performance": {
    "ds": 0.11729946821259771,
    "algo": 0.2057327646744025,
    "oops": 0.3955352091321503,
    "dbms": 0.0,
    "os": 0.16929623475364128,
    "cn": 0.0,
    "system_design": 0.0
  }
}