{
  "total_episodes": 2123,
  "epoch": 5,
  "epoch_episode": 123,
  "actor_loss": -2.2204460492503132e-17,
  "value_loss": 1.0,
  "mean_reward": 0.27716352311215836,
  "topic_performance": {
    "ds": 0.34803834108789183,
    "algo": 0.12937880105162178,
    "oops": 0.4198697590984005,
    "dbms": 0.2266026494336027,
    "os": 0.0,
    "cn": 0.0,
    "system_design": 0.0
  }
}