{
  "total_episodes": 1680,
  "epoch": 4,
  "epoch_episode": 180,
  "average_score": 0.26789096126292106,
  "time_efficiency": 0.21091455558011427,
  "current_streak": 0,
  "difficulty_level": 1.0,
  "topic_performances": {
    "ds": 0.13178660653511626,
    "algo": 0.22479892740296276,
    "oops": 0.4434068829103781,
    "dbms": 0.0,
    "os": 0.0,
    "cn": 0.1859200412159919,
    "system_design": 0.0
  }
}