{
  "total_episodes": 962,
  "epoch": 2,
  "epoch_episode": 462,
  "actor_loss": 4.4408920985006264e-17,
  "value_loss": 1.0,
  "mean_reward": 0.09897575531122692,
  "topic_performance": {
    "ds": 0.10789145351666839,
    "algo": 0.10311607905990434,
    "oops": 0.08798989523144676,
    "dbms": 0.0,
    "os": 0.0,
    "cn": 0.0,
    "system_design": 0.0
  }
}