{
  "total_episodes": 180,
  "epoch": 1,
  "epoch_episode": 180,
  "actor_loss": 0.04973595031542353,
  "value_loss": 1.0,
  "mean_reward": 0.3118950088722504,
  "topic_performance": {
    "ds": 0.3420518794441717,
    "algo": 0.39931793972598123,
    "oops": 0.10536843616185096,
    "dbms": 0.0,
    "os": 0.0,
    "cn": 0.0,
    "system_design": 0.0
  }
}