{
  "total_episodes": 668,
  "epoch": 2,
  "epoch_episode": 168,
  "actor_loss": -4.4408920985006264e-17,
  "value_loss": 1.0,
  "mean_reward": 0.2066565154051784,
  "topic_performance": {
    "ds": 0.10064637321047146,
    "algo": 0.2709217249056566,
    "oops": 0.34049661272937115,
    "dbms": 0.0,
    "os": 0.0,
    "cn": 0.0,
    "system_design": 0.0
  }
}