{
  "total_episodes": 1211,
  "epoch": 3,
  "epoch_episode": 211,
  "actor_loss": -2.2204460492503132e-17,
  "value_loss": 1.0,
  "mean_reward": 0.10948467794567376,
  "topic_performance": {
    "ds": 0.08565053394680086,
    "algo": 0.11983018755452575,
    "oops": 0.13091802700198563,
    "dbms": 0.0,
    "os": 0.0,
    "cn": 0.0,
    "system_design": 0.0
  }
}