{
  "total_episodes": 90,
  "epoch": 1,
  "epoch_episode": 90,
  "actor_loss": 6.661338147750939e-17,
  "value_loss": 1.0,
  "mean_reward": 0.17673945124919932,
  "topic_performance": {
    "ds": 0.19766027743144632,
    "algo": 0.15278461230750245,
    "oops": 0.17775078883568263,
    "dbms": 0.0,
    "os": 0.0,
    "cn": 0.0,
    "system_design": 0.0
  }
}