{
  "total_episodes": 210,
  "epoch": 1,
  "epoch_episode": 210,
  "average_score": 0.19544314132190752,
  "time_efficiency": 0.04414158750658167,
  "current_streak": 0,
  "difficulty_level": 1.0,
  "topic_performances": {
    "ds": 0.10883107832380409,
    "algo": 0.22715666542993862,
    "oops": 0.30047750311663685,
    "dbms": 0.0,
    "os": 0.0,
    "cn": 0.0,
    "system_design": 0.16336125971407078
  }
}