{
  "total_episodes": 2021,
  "epoch": 5,
  "epoch_episode": 21,
  "actor_loss": -6.661338147750939e-17,
  "value_loss": 1.0,
  "mean_reward": 0.2916852730173831,
  "topic_performance": {
    "ds": 0.3479910700561433,
    "algo": 0.12257797770024004,
    "oops": 0.32554471292098425,
    "dbms": 0.0,
    "os": 0.0,
    "cn": 0.0,
    "system_design": 0.0
  }
}