{
  "total_episodes": 1980,
  "epoch": 4,
  "epoch_episode": 480,
  "average_score": 0.36373269392497737,
  "time_efficiency": 0.2121832748695737,
  "current_streak": 0,
  "difficulty_level": 1.0,
  "topic_performances": {
    "ds": 0.4275287825857257,
    "algo": 0.14929026681530877,
    "oops": 0.3363669824646111,
    "dbms": 0.0,
    "os": 0.0,
    "cn": 0.0,
    "system_design": 0.1589682118697736
  }
}