{
  "total_episodes": 1630,
  "epoch": 4,
  "epoch_episode": 130,
  "actor_loss": -4.4408920985006264e-17,
  "value_loss": 1.0,
  "mean_reward": 0.11719634368649116,
  "topic_performance": {
    "ds": 0.0,
    "algo": 0.11781139829070274,
    "oops": 0.1162737617801738,
    "dbms": 0.0,
    "os": 0.0,
    "cn": 0.0,
    "system_design": 0.0
  }
}