{
  "total_episodes": 759,
  "epoch": 2,
  "epoch_episode": 259,
  "actor_loss": 0.08790934288396338,
  "value_loss": 1.0,
  "mean_reward": 0.18043776053135482,
  "topic_performance": {
    "ds": 0.21726203690004034,
    "algo": 0.10522233838205243,
    "oops": 0.20120020283359458,
    "dbms": 0.0,
    "os": 0.0,
    "cn": 0.0,
    "system_design": 0.0
  }
}