{
  "total_episodes": 2452,
  "epoch": 5,
  "epoch_episode": 452,
  "actor_loss": -4.4408920985006264e-17,
  "value_loss": 1.0,
  "mean_reward": 0.15560372329971753,
  "topic_performance": {
    "ds": 0.1262516440432926,
    "algo": 0.14152648000573995,
    "oops": 0.25773720436296976,
    "dbms": 0.0,
    "os": 0.0,
    "cn": 0.0,
    "system_design": 0.0
  }
}