{
  "total_episodes": 1623,
  "epoch": 4,
  "epoch_episode": 123,
  "actor_loss": 8.881784197001253e-17,
  "value_loss": 1.0,
  "mean_reward": 0.30603889132421913,
  "topic_performance": {
    "ds": 0.26759982201939875,
    "algo": 0.22585417866259774,
    "oops": 0.40544313863825066,
    "dbms": 0.0,
    "os": 0.0,
    "cn": 0.0,
    "system_design": 0.0
  }
}