{
  "total_episodes": 110,
  "epoch": 1,
  "epoch_episode": 110,
  "average_score": 0.18068061665688182,
  "time_efficiency": 0.22433302227919216,
  "current_streak": 0,
  "difficulty_level": 1.0,
  "topic_performances": {
    "ds": 0.419591119621171,
    "algo": 0.10912269313537151,
    "oops": 0.1300409637906492,
    "dbms": 0.0,
    "os": 0.0,
    "cn": 0.14101026341304246,
    "system_design": 0.0
  }
}