{
  "total_episodes": 469,
  "epoch": 1,
  "epoch_episode": 469,
  "actor_loss": 0.04434600671001352,
  "value_loss": 1.0,
  "mean_reward": 0.24513852635546574,
  "topic_performance": {
    "ds": 0.2049145145580054,
    "algo": 0.110658614740027,
    "oops": 0.39973044386963463,
    "dbms": 0.0,
    "os": 0.0,
    "cn": 0.0,
    "system_design": 0.0
  }
}