{
  "total_episodes": 1317,
  "epoch": 3,
  "epoch_episode": 317,
  "actor_loss": -2.2204460492503132e-17,
  "value_loss": 1.0,
  "mean_reward": 0.2599891795313615,
  "topic_performance": {
    "ds": 0.3552811297234312,
    "algo": 0.22424778673084736,
    "oops": 0.24808459723584086,
    "dbms": 0.0,
    "os": 0.0,
    "cn": 0.0,
    "system_design": 0.0
  }
}