{
  "total_episodes": 2455,
  "epoch": 5,
  "epoch_episode": 455,
  "average_score": 0.23466885163315537,
  "time_efficiency": 0.188050913135213,
  "current_streak": 0,
  "difficulty_level": 1.0,
  "topic_performances": {
    "ds": 0.1065003693768309,
    "algo": 0.2808555385248303,
    "oops": 0.2722294448852288,
    "dbms": 0.0,
    "os": 0.0,
    "cn": 0.0,
    "system_design": 0.18495119518328282
  }
}