{
  "total_episodes": 867,
  "epoch": 2,
  "epoch_episode": 367,
  "actor_loss": 0.08742852329954787,
  "value_loss": 1.0,
  "mean_reward": 0.12725201749668877,
  "topic_performance": {
    "ds": 0.3775065854159086,
    "algo": 0.0,
    "oops": 0.09944595439455323,
    "dbms": 0.0,
    "os": 0.0,
    "cn": 0.0,
    "system_design": 0.0
  }
}