{
  "total_episodes": 2360,
  "epoch": 5,
  "epoch_episode": 360,
  "average_score": 0.2289532868931695,
  "time_efficiency": 0.21661642968639466,
  "current_streak": 0,
  "difficulty_level": 1.0,
  "topic_performances": {
    "ds": 0.5342448364911951,
    "algo": 0.11142635699004703,
    "oops": 0.2995390618725661,
    "dbms": 0.0,
    "os": 0.0,
    "cn": 0.0,
    "system_design": 0.0
  }
}