{
  "total_episodes": 1904,
  "epoch": 4,
  "epoch_episode": 404,
  "actor_loss": 4.4408920985006264e-17,
  "value_loss": 1.0,
  "mean_reward": 0.24820122756819835,
  "topic_performance": {
    "ds": 0.4719169284504642,
    "algo": 0.31076823348986987,
    "oops": 0.12117474366228916,
    "dbms": 0.0,
    "os": 0.0,
    "cn": 0.0,
    "system_design": 0.0
  }
}