{
  "total_episodes": 2215,
  "epoch": 5,
  "epoch_episode": 215,
  "average_score": 0.27414282305036225,
  "time_efficiency": 0.1777381752687377,
  "current_streak": 0,
  "difficulty_level": 1.0,
  "topic_performances": {
    "ds": 0.31610989325753536,
    "algo": 0.09852947208568708,
    "oops": 0.3549549868315043,
    "dbms": 0.0,
    "os": 0.0,
    "cn": 0.0,
    "system_design": 0.0
  }
}