{
  "total_episodes": 420,
  "epoch": 1,
  "epoch_episode": 420,
  "average_score": 0.19157538707699945,
  "time_efficiency": 0.17722286096437334,
  "current_streak": 0,
  "difficulty_level": 1.0,
  "topic_performances": {
    "ds": 0.33376875798337363,
    "algo": 0.1676426083504981,
    "oops": 0.13667645469813702,
    "dbms": 0.0,
    "os": 0.0,
    "cn": 0.0,
    "system_design": 0.1676165573068437
  }
}