{
  "total_episodes": 2298,
  "epoch": 5,
  "epoch_episode": 298,
  "actor_loss": 0.0831540057007251,
  "value_loss": 1.0,
  "mean_reward": 0.24200090007306452,
  "topic_performance": {
    "ds": 0.3502030790987839,
    "algo": 0.08816094063138047,
    "oops": 0.25217772264174804,
    "dbms": 0.0,
    "os": 0.0,
    "cn": 0.0,
    "system_design": 0.28239234806157626
  }
}