{
  "total_episodes": 915,
  "epoch": 2,
  "epoch_episode": 415,
  "average_score": 0.2460268178091316,
  "time_efficiency": 0.0989268982394034,
  "current_streak": 0,
  "difficulty_level": 1.0,
  "topic_performances": {
    "ds": 0.3240911449973904,
    "algo": 0.22057217305563037,
    "oops": 0.1328893689977011,
    "dbms": 0.0,
    "os": 0.0,
    "cn": 0.0,
    "system_design": 0.0
  }
}