{
  "total_episodes": 485,
  "epoch": 1,
  "epoch_episode": 485,
  "average_score": 0.2700238638272289,
  "time_efficiency": 0.2816022914324953,
  "current_streak": 0,
  "difficulty_level": 1.0,
  "topic_performances": {
    "ds": 0.4429560106878281,
    "algo": 0.23659426180646922,
    "oops": 0.19738052302890885,
    "dbms": 0.0,
    "os": 0.0,
    "cn": 0.0,
    "system_design": 0.0
  }
}