{
  "total_episodes": 1865,
  "epoch": 4,
  "epoch_episode": 365,
  "average_score": 0.15233249454146197,
  "time_efficiency": 0.1530145303212446,
  "current_streak": 0,
  "difficulty_level": 1.0,
  "topic_performances": {
    "ds": 0.12906441200084356,
    "algo": 0.1257933834327209,
    "oops": 0.12124633601174475,
    "dbms": 0.0,
    "os": 0.0,
    "cn": 0.4028306270677907,
    "system_design": 0.0
  }
}