{
  "total_episodes": 785,
  "epoch": 2,
  "epoch_episode": 285,
  "average_score": 0.2790047218169135,
  "time_efficiency": 0.3290999898994274,
  "current_streak": 0,
  "difficulty_level": 1.0,
  "topic_performances": {
    "ds": 0.2826748471299488,
    "algo": 0.4442256485329201,
    "oops": 0.1466188614065248,
    "dbms": 0.0,
    "os": 0.0,
    "cn": 0.0,
    "system_design": 0.1439943312814061
  }
}