{
  "total_episodes": 745,
  "epoch": 2,
  "epoch_episode": 245,
  "average_score": 0.2599891795313615,
  "time_efficiency": 0.3726877704325178,
  "current_streak": 0,
  "difficulty_level": 1.0,
  "topic_performances": {
    "ds": 0.3552811297234312,
    "algo": 0.22424778673084736,
    "oops": 0.24808459723584086,
    "dbms": 0.0,
    "os": 0.0,
    "cn": 0.0,
    "system_design": 0.0
  }
}