{
  "total_episodes": 1579,
  "epoch": 4,
  "epoch_episode": 79,
  "actor_loss": -4.4408920985006264e-17,
  "value_loss": 1.0,
  "mean_reward": 0.2289532868931695,
  "topic_performance": {
    "ds": 0.5342448364911951,
    "algo": 0.11142635699004703,
    "oops": 0.2995390618725661,
    "dbms": 0.0,
    "os": 0.0,
    "cn": 0.0,
    "system_design": 0.0
  }
}