{
  "total_episodes": 2285,
  "epoch": 5,
  "epoch_episode": 285,
  "average_score": 0.27562725090330226,
  "time_efficiency": 0.19953756611048906,
  "current_streak": 0,
  "difficulty_level": 1.0,
  "topic_performances": {
    "ds": 0.19864170672698273,
    "algo": 0.2175543000436249,
    "oops": 0.3206467492486346,
    "dbms": 0.0,
    "os": 0.0,
    "cn": 0.0,
    "system_design": 0.0
  }
}