{
  "total_episodes": 806,
  "epoch": 2,
  "epoch_episode": 306,
  "actor_loss": -6.661338147750939e-17,
  "value_loss": 1.0,
  "mean_reward": 0.1722762731496731,
  "topic_performance": {
    "ds": 0.16761548114479202,
    "algo": 0.10870878396790506,
    "oops": 0.3676395326998583,
    "dbms": 0.0,
    "os": 0.0,
    "cn": 0.0,
    "system_design": 0.0
  }
}