{
  "total_episodes": 1415,
  "epoch": 3,
  "epoch_episode": 415,
  "average_score": 0.1999454697996125,
  "time_efficiency": 0.0801886282109913,
  "current_streak": 0,
  "difficulty_level": 1.0,
  "topic_performances": {
    "ds": 0.11579241796942058,
    "algo": 0.40743314667560593,
    "oops": 0.1582759749575933,
    "dbms": 0.0,
    "os": 0.24659080789445068,
    "cn": 0.0,
    "system_design": 0.0
  }
}