{
  "total_episodes": 85,
  "epoch": 1,
  "epoch_episode": 85,
  "average_score": 0.24033928765886975,
  "time_efficiency": 0.09716366114189308,
  "current_streak": 0,
  "difficulty_level": 1.0,
  "topic_performances": {
    "ds": 0.17620403646408503,
    "algo": 0.0,
    "oops": 0.3365421644510468,
    "dbms": 0.0,
    "os": 0.0,
    "cn": 0.0,
    "system_design": 0.0
  }
}