{
  "total_episodes": 31,
  "epoch": 1,
  "epoch_episode": 31,
  "actor_loss": -0.05971491543937324,
  "value_loss": 1.0,
  "mean_reward": 0.3473984977548798,
  "topic_performance": {
    "ds": 0.4427672528901294,
    "algo": 0.42762698402209914,
    "oops": 0.13572396316423854,
    "dbms": 0.0,
    "os": 0.16372735646153683,
    "cn": 0.0,
    "system_design": 0.0
  }
}