{
  "total_episodes": 1077,
  "epoch": 3,
  "epoch_episode": 77,
  "actor_loss": -0.009937614456052634,
  "value_loss": 1.0,
  "mean_reward": 0.14494913398736398,
  "topic_performance": {
    "ds": 0.12146747881422953,
    "algo": 0.20000873425187848,
    "oops": 0.09501798880781238,
    "dbms": 0.0,
    "os": 0.0,
    "cn": 0.0,
    "system_design": 0.0
  }
}