{
  "total_episodes": 385,
  "epoch": 1,
  "epoch_episode": 385,
  "actor_loss": 0.06813139644241513,
  "value_loss": 1.0,
  "mean_reward": 0.25464837916844024,
  "topic_performance": {
    "ds": 0.0910958680008882,
    "algo": 0.08750588714032832,
    "oops": 0.4203548788523282,
    "dbms": 0.0,
    "os": 0.0,
    "cn": 0.0,
    "system_design": 0.0
  }
}