{
  "total_episodes": 895,
  "epoch": 2,
  "epoch_episode": 395,
  "average_score": 0.14162574067593156,
  "time_efficiency": 0.10307705800485896,
  "current_streak": 0,
  "difficulty_level": 1.0,
  "topic_performances": {
    "ds": 0.10629700460519874,
    "algo": 0.09621900575601298,
    "oops": 0.4541243636910004,
    "dbms": 0.0,
    "os": 0.0,
    "cn": 0.16214700047265415,
    "system_design": 0.0
  }
}