{
  "total_episodes": 2301,
  "epoch": 5,
  "epoch_episode": 301,
  "actor_loss": 0.035313888074023005,
  "value_loss": 1.0,
  "mean_reward": 0.2121114818647322,
  "topic_performance": {
    "ds": 0.27487359492694496,
    "algo": 0.22628716828539108,
    "oops": 0.10682230954054257,
    "dbms": 0.0,
    "os": 0.0,
    "cn": 0.0,
    "system_design": 0.0
  }
}