{
  "total_episodes": 646,
  "epoch": 2,
  "epoch_episode": 146,
  "actor_loss": -0.0,
  "value_loss": 1.0,
  "mean_reward": 0.21513249913477456,
  "topic_performance": {
    "ds": 0.10715564576521772,
    "algo": 0.2624587092120083,
    "oops": 0.15647236343682605,
    "dbms": 0.0,
    "os": 0.0,
    "cn": 0.0,
    "system_design": 0.0
  }
}