{
  "total_episodes": 2049,
  "epoch": 5,
  "epoch_episode": 49,
  "actor_loss": 0.07113620144691017,
  "value_loss": 1.0,
  "mean_reward": 0.16031768068361432,
  "topic_performance": {
    "ds": 0.1010101316571034,
    "algo": 0.19217879618579703,
    "oops": 0.21910334392610986,
    "dbms": 0.0,
    "os": 0.0,
    "cn": 0.1574686560578059,
    "system_design": 0.0
  }
}