{
  "total_episodes": 105,
  "epoch": 1,
  "epoch_episode": 105,
  "actor_loss": 4.4408920985006264e-17,
  "value_loss": 1.0,
  "mean_reward": 0.2625712562516498,
  "topic_performance": {
    "ds": 0.13384968053772073,
    "algo": 0.1670842093984894,
    "oops": 0.3605732890023736,
    "dbms": 0.0,
    "os": 0.2542128664929778,
    "cn": 0.0,
    "system_design": 0.0
  }
}