{
  "total_episodes": 1510,
  "epoch": 4,
  "epoch_episode": 10,
  "average_score": 0.28412984348368797,
  "time_efficiency": 0.10769718465101001,
  "current_streak": 0,
  "difficulty_level": 1.0,
  "topic_performances": {
    "ds": 0.2912958081817364,
    "algo": 0.432346949958382,
    "oops": 0.13232975465996982,
    "dbms": 0.0,
    "os": 0.0,
    "cn": 0.0,
    "system_design": 0.0
  }
}