{
  "total_episodes": 2476,
  "epoch": 5,
  "epoch_episode": 476,
  "actor_loss": 0.04745248193990888,
  "value_loss": 1.0,
  "mean_reward": 0.27874990362031843,
  "topic_performance": {
    "ds": 0.38188972115261033,
    "algo": 0.18222358011555811,
    "oops": 0.3234248191709627,
    "dbms": 0.3245508159228427,
    "os": 0.0,
    "cn": 0.0,
    "system_design": 0.0
  }
}