{
  "total_episodes": 244,
  "epoch": 1,
  "epoch_episode": 244,
  "actor_loss": 0.08438672372133134,
  "value_loss": 1.0,
  "mean_reward": 0.2603135584158002,
  "topic_performance": {
    "ds": 0.04885030598449555,
    "algo": 0.34048790043148375,
    "oops": 0.2676651566771973,
    "dbms": 0.0,
    "os": 0.0,
    "cn": 0.0,
    "system_design": 0.0
  }
}