{
  "total_episodes": 2065,
  "epoch": 5,
  "epoch_episode": 65,
  "average_score": 0.18246073236576654,
  "time_efficiency": 0.19637238469933072,
  "current_streak": 0,
  "difficulty_level": 1.0,
  "topic_performances": {
    "ds": 0.20792204230656589,
    "algo": 0.11756909725862676,
    "oops": 0.21340395421850725,
    "dbms": 0.0,
    "os": 0.0,
    "cn": 0.0,
    "system_design": 0.0
  }
}