{
  "total_episodes": 1254,
  "epoch": 3,
  "epoch_episode": 254,
  "actor_loss": 1.1296355584278216e-08,
  "value_loss": 1.0,
  "mean_reward": 0.3071144086815384,
  "topic_performance": {
    "ds": 0.2653294691973273,
    "algo": 0.2756696964658651,
    "oops": 0.4432334848127693,
    "dbms": 0.0,
    "os": 0.0,
    "cn": 0.0,
    "system_design": 0.0
  }
}