{
  "total_episodes": 1435,
  "epoch": 3,
  "epoch_episode": 435,
  "average_score": 0.13843316733942543,
  "time_efficiency": 0.1685537480933101,
  "current_streak": 0,
  "difficulty_level": 1.0,
  "topic_performances": {
    "ds": 0.129383316716331,
    "algo": 0.08254477711085097,
    "oops": 0.11140084448770901,
    "dbms": 0.0,
    "os": 0.0,
    "cn": 0.3566327236958654,
    "system_design": 0.0
  }
}