{
  "total_episodes": 1040,
  "epoch": 3,
  "epoch_episode": 40,
  "average_score": 0.3393801594469209,
  "time_efficiency": 0.3731115109669706,
  "current_streak": 0,
  "difficulty_level": 1.0,
  "topic_performances": {
    "ds": 0.26237992882473626,
    "algo": 0.39798806436948225,
    "oops": 0.2930338049907752,
    "dbms": 0.0,
    "os": 0.0,
    "cn": 0.0,
    "system_design": 0.0
  }
}