{
  "total_episodes": 2415,
  "epoch": 5,
  "epoch_episode": 415,
  "average_score": 0.12635917146809408,
  "time_efficiency": 0.13350161164012947,
  "current_streak": 0,
  "difficulty_level": 1.0,
  "topic_performances": {
    "ds": 0.17377671289857527,
    "algo": 0.08171989372075456,
    "oops": 0.12073281066674697,
    "dbms": 0.0,
    "os": 0.0,
    "cn": 0.1489344481085465,
    "system_design": 0.0
  }
}