{
  "total_episodes": 1315,
  "epoch": 3,
  "epoch_episode": 315,
  "average_score": 0.14605707508395244,
  "time_efficiency": 0.10848657333774811,
  "current_streak": 0,
  "difficulty_level": 1.0,
  "topic_performances": {
    "ds": 0.21257887272545298,
    "algo": 0.1074956761066412,
    "oops": 0.12508677608581048,
    "dbms": 0.0,
    "os": 0.0,
    "cn": 0.0,
    "system_design": 0.0
  }
}