{
  "total_episodes": 1364,
  "epoch": 3,
  "epoch_episode": 364,
  "actor_loss": -0.0,
  "value_loss": 1.0,
  "mean_reward": 0.1378502343628258,
  "topic_performance": {
    "ds": 0.09035174384696368,
    "algo": 0.19794153217397747,
    "oops": 0.11149652863580767,
    "dbms": 0.15798814486916785,
    "os": 0.0,
    "cn": 0.0,
    "system_design": 0.0
  }
}