{
  "total_episodes": 419,
  "epoch": 1,
  "epoch_episode": 419,
  "actor_loss": -4.4408920985006264e-17,
  "value_loss": 1.0,
  "mean_reward": 0.15174614413249035,
  "topic_performance": {
    "ds": 0.12394039352237776,
    "algo": 0.15437606901483192,
    "oops": 0.11305250609364431,
    "dbms": 0.0,
    "os": 0.0,
    "cn": 0.3542424228610749,
    "system_design": 0.0
  }
}