{
  "total_episodes": 820,
  "epoch": 2,
  "epoch_episode": 320,
  "actor_loss": -0.03359202646977988,
  "value_loss": 1.0,
  "mean_reward": 0.1768488674759467,
  "topic_performance": {
    "ds": 0.14345301730640678,
    "algo": 0.2550358070338514,
    "oops": 0.10856737987218357,
    "dbms": 0.0,
    "os": 0.24732006212214186,
    "cn": 0.0,
    "system_design": 0.0
  }
}