{
  "total_episodes": 2155,
  "epoch": 5,
  "epoch_episode": 155,
  "average_score": 0.28079920937882163,
  "time_efficiency": 0.20720372216707808,
  "current_streak": 0,
  "difficulty_level": 1.0,
  "topic_performances": {
    "ds": 0.1302342055287067,
    "algo": 0.3405922355318164,
    "oops": 0.3516401783582768,
    "dbms": 0.0,
    "os": 0.0,
    "cn": 0.0,
    "system_design": 0.0
  }
}