{
  "total_episodes": 1122,
  "epoch": 3,
  "epoch_episode": 122,
  "actor_loss": -4.4408920985006264e-17,
  "value_loss": 1.0,
  "mean_reward": 0.12146491363755345,
  "topic_performance": {
    "ds": 0.0,
    "algo": 0.12143891994439966,
    "oops": 0.11465234596829185,
    "dbms": 0.0,
    "os": 0.0,
    "cn": 0.14884515278036883,
    "system_design": 0.0
  }
}