{
  "total_episodes": 2193,
  "epoch": 5,
  "epoch_episode": 193,
  "actor_loss": -2.2204460492503132e-17,
  "value_loss": 1.0,
  "mean_reward": 0.19157538707699945,
  "topic_performance": {
    "ds": 0.33376875798337363,
    "algo": 0.1676426083504981,
    "oops": 0.13667645469813702,
    "dbms": 0.0,
    "os": 0.0,
    "cn": 0.0,
    "system_design": 0.1676165573068437
  }
}