{
  "total_episodes": 161,
  "epoch": 1,
  "epoch_episode": 161,
  "actor_loss": -0.0047880254705548134,
  "value_loss": 1.0,
  "mean_reward": 0.23093980796369032,
  "topic_performance": {
    "ds": 0.10400190750047959,
    "algo": 0.42241288981117336,
    "oops": 0.10258026596359032,
    "dbms": 0.0,
    "os": 0.0,
    "cn": 0.0,
    "system_design": 0.0
  }
}