{
  "total_episodes": 1430,
  "epoch": 3,
  "epoch_episode": 430,
  "actor_loss": 0.1701545526573474,
  "value_loss": 1.0,
  "mean_reward": 0.29337628854348724,
  "topic_performance": {
    "ds": 0.3091568154045099,
    "algo": 0.2570645919211922,
    "oops": 0.3087746658644415,
    "dbms": 0.0,
    "os": 0.0,
    "cn": 0.0,
    "system_design": 0.0
  }
}