{
  "total_episodes": 680,
  "epoch": 2,
  "epoch_episode": 180,
  "actor_loss": -0.0,
  "value_loss": 1.0,
  "mean_reward": 0.17713800207871735,
  "topic_performance": {
    "ds": 0.12295582994608109,
    "algo": 0.129783431909538,
    "oops": 0.31288909997117786,
    "dbms": 0.0,
    "os": 0.26442820533187955,
    "cn": 0.0,
    "system_design": 0.0
  }
}