{
  "total_episodes": 1005,
  "epoch": 3,
  "epoch_episode": 5,
  "average_score": 0.26143844835968955,
  "time_efficiency": 0.12630862847656227,
  "current_streak": 0,
  "difficulty_level": 1.0,
  "topic_performances": {
    "ds": 0.36435510898523793,
    "algo": 0.06845582374269885,
    "oops": 0.21770164478264892,
    "dbms": 0.0,
    "os": 0.0,
    "cn": 0.0,
    "system_design": 0.0
  }
}