{
  "total_episodes": 1103,
  "epoch": 3,
  "epoch_episode": 103,
  "actor_loss": -0.0,
  "value_loss": 1.0,
  "mean_reward": 0.2113777170133066,
  "topic_performance": {
    "ds": 0.23386486452778388,
    "algo": 0.114866411951032,
    "oops": 0.2840893315602309,
    "dbms": 0.0,
    "os": 0.0,
    "cn": 0.0,
    "system_design": 0.0
  }
}