{
  "total_episodes": 2374,
  "epoch": 5,
  "epoch_episode": 374,
  "actor_loss": -0.009890119729030911,
  "value_loss": 1.0,
  "mean_reward": 0.44814499888987414,
  "topic_performance": {
    "ds": 0.43604755083420826,
    "algo": 0.419317948285868,
    "oops": 0.5132643936608783,
    "dbms": 0.0,
    "os": 0.0,
    "cn": 0.0,
    "system_design": 0.0
  }
}