{
  "total_episodes": 1933,
  "epoch": 4,
  "epoch_episode": 433,
  "actor_loss": -1.3322676295501878e-16,
  "value_loss": 1.0,
  "mean_reward": 0.12580521567151853,
  "topic_performance": {
    "ds": 0.10673944936496353,
    "algo": 0.10602200999756117,
    "oops": 0.15530066434060394,
    "dbms": 0.0,
    "os": 0.0,
    "cn": 0.0,
    "system_design": 0.0
  }
}