{
  "total_episodes": 1475,
  "epoch": 3,
  "epoch_episode": 475,
  "average_score": 0.13125708014349244,
  "time_efficiency": 0.09025911940535752,
  "current_streak": 0,
  "difficulty_level": 1.0,
  "topic_performances": {
    "ds": 0.13125241660345136,
    "algo": 0.11482712050906302,
    "oops": 0.10778998076265164,
    "dbms": 0.25799938755583784,
    "os": 0.0,
    "cn": 0.0,
    "system_design": 0.0
  }
}