{
  "total_episodes": 1785,
  "epoch": 4,
  "epoch_episode": 285,
  "average_score": 0.16339257031115012,
  "time_efficiency": 0.052659796915375846,
  "current_streak": 0,
  "difficulty_level": 1.0,
  "topic_performances": {
    "ds": 0.09667256959495207,
    "algo": 0.34104688492137947,
    "oops": 0.15615636176466066,
    "dbms": 0.0,
    "os": 0.0,
    "cn": 0.0,
    "system_design": 0.0
  }
}