{
  "total_episodes": 1656,
  "epoch": 4,
  "epoch_episode": 156,
  "actor_loss": -8.881784197001253e-17,
  "value_loss": 1.0,
  "mean_reward": 0.15229007420023616,
  "topic_performance": {
    "ds": 0.11371275148772787,
    "algo": 0.19300179800561623,
    "oops": 0.14958101291286935,
    "dbms": 0.0,
    "os": 0.0,
    "cn": 0.14646153111611582,
    "system_design": 0.0
  }
}