{
  "total_episodes": 350,
  "epoch": 1,
  "epoch_episode": 350,
  "actor_loss": -0.017681575347005006,
  "value_loss": 1.0,
  "mean_reward": 0.2636815907677058,
  "topic_performance": {
    "ds": 0.2247391367140116,
    "algo": 0.2827578921363793,
    "oops": 0.2080323892943799,
    "dbms": 0.0,
    "os": 0.0,
    "cn": 0.0,
    "system_design": 0.0
  }
}