{
  "total_episodes": 1370,
  "epoch": 3,
  "epoch_episode": 370,
  "actor_loss": -4.4408920985006264e-17,
  "value_loss": 1.0,
  "mean_reward": 0.2657200173183065,
  "topic_performance": {
    "ds": 0.12497804601985171,
    "algo": 0.36093744968078456,
    "oops": 0.35885327243552223,
    "dbms": 0.0,
    "os": 0.0,
    "cn": 0.0,
    "system_design": 0.0
  }
}