{
  "total_episodes": 820,
  "epoch": 2,
  "epoch_episode": 320,
  "average_score": 0.1768488674759467,
  "time_efficiency": 0.08634062104962789,
  "current_streak": 0,
  "difficulty_level": 1.0,
  "topic_performances": {
    "ds": 0.14345301730640678,
    "algo": 0.2550358070338514,
    "oops": 0.10856737987218357,
    "dbms": 0.0,
    "os": 0.24732006212214186,
    "cn": 0.0,
    "system_design": 0.0
  }
}