{
  "total_episodes": 1395,
  "epoch": 3,
  "epoch_episode": 395,
  "average_score": 0.16766525039297706,
  "time_efficiency": 0.1474385440021317,
  "current_streak": 0,
  "difficulty_level": 1.0,
  "topic_performances": {
    "ds": 0.27393254239694925,
    "algo": 0.12847831942062743,
    "oops": 0.11660390459780648,
    "dbms": 0.143357034329263,
    "os": 0.0,
    "cn": 0.0,
    "system_design": 0.0
  }
}