{
  "total_episodes": 1918,
  "epoch": 4,
  "epoch_episode": 418,
  "actor_loss": 6.661338147750939e-17,
  "value_loss": 1.0,
  "mean_reward": 0.2429283828244031,
  "topic_performance": {
    "ds": 0.10501311524570238,
    "algo": 0.4496881120324455,
    "oops": 0.2673724540897206,
    "dbms": 0.0,
    "os": 0.0,
    "cn": 0.0,
    "system_design": 0.16533476118185725
  }
}