{
  "total_episodes": 6,
  "epoch": 1,
  "epoch_episode": 6,
  "actor_loss": 0.12416119040047265,
  "value_loss": 1.0,
  "mean_reward": 0.23972870088324152,
  "topic_performance": {
    "ds": 0.3415658110361268,
    "algo": 0.22292798413073042,
    "oops": 0.11178900465830915,
    "dbms": 0.0,
    "os": 0.0,
    "cn": 0.14616065041207332,
    "system_design": 0.0
  }
}