{
  "total_episodes": 289,
  "epoch": 1,
  "epoch_episode": 289,
  "actor_loss": 0.07693567556862398,
  "value_loss": 1.0,
  "mean_reward": 0.2760966714224775,
  "topic_performance": {
    "ds": 0.1276620683447968,
    "algo": 0.4760535115909847,
    "oops": 0.32455285441590465,
    "dbms": 0.0,
    "os": 0.0,
    "cn": 0.0,
    "system_design": 0.0
  }
}