{
  "total_episodes": 1797,
  "epoch": 4,
  "epoch_episode": 297,
  "actor_loss": -8.881784197001253e-17,
  "value_loss": 1.0,
  "mean_reward": 0.19832182238178367,
  "topic_performance": {
    "ds": 0.1419027399797163,
    "algo": 0.0955815163645527,
    "oops": 0.235736064444145,
    "dbms": 0.0,
    "os": 0.0,
    "cn": 0.0,
    "system_design": 0.0
  }
}