{
  "total_episodes": 2340,
  "epoch": 5,
  "epoch_episode": 340,
  "actor_loss": 0.06506204204335826,
  "value_loss": 1.0,
  "mean_reward": 0.23091446361367113,
  "topic_performance": {
    "ds": 0.10103036363377244,
    "algo": 0.22564610598139712,
    "oops": 0.5012193788380165,
    "dbms": 0.0,
    "os": 0.0,
    "cn": 0.0,
    "system_design": 0.0
  }
}