{
  "total_episodes": 1181,
  "epoch": 3,
  "epoch_episode": 181,
  "actor_loss": 2.2204460492503132e-17,
  "value_loss": 1.0,
  "mean_reward": 0.1601151269932871,
  "topic_performance": {
    "ds": 0.1739115102043619,
    "algo": 0.12964708793509747,
    "oops": 0.16510256205125814,
    "dbms": 0.0,
    "os": 0.0,
    "cn": 0.16852126339766133,
    "system_design": 0.0
  }
}