{
  "total_episodes": 2450,
  "epoch": 5,
  "epoch_episode": 450,
  "average_score": 0.16951299712818152,
  "time_efficiency": 0.12922719356071108,
  "current_streak": 0,
  "difficulty_level": 1.0,
  "topic_performances": {
    "ds": 0.14945924186879211,
    "algo": 0.20039092335927608,
    "oops": 0.14550620328000688,
    "dbms": 0.0,
    "os": 0.0,
    "cn": 0.0,
    "system_design": 0.15022310708953537
  }
}