{
  "total_episodes": 590,
  "epoch": 2,
  "epoch_episode": 90,
  "actor_loss": -0.0,
  "value_loss": 1.0,
  "mean_reward": 0.1474997872814385,
  "topic_performance": {
    "ds": 0.13499976118996154,
    "algo": 0.1191226339265581,
    "oops": 0.38701704021195876,
    "dbms": 0.0,
    "os": 0.0,
    "cn": 0.0,
    "system_design": 0.0
  }
}