{
  "total_episodes": 1540,
  "epoch": 4,
  "epoch_episode": 40,
  "actor_loss": 0.0920768669560687,
  "value_loss": 1.0,
  "mean_reward": 0.19058228596933408,
  "topic_performance": {
    "ds": 0.2276886198061904,
    "algo": 0.0,
    "oops": 0.15347595213247775,
    "dbms": 0.0,
    "os": 0.0,
    "cn": 0.0,
    "system_design": 0.0
  }
}