{
  "total_episodes": 1038,
  "epoch": 3,
  "epoch_episode": 38,
  "actor_loss": 0.008194772022157949,
  "value_loss": 1.0,
  "mean_reward": 0.2827741217270434,
  "topic_performance": {
    "ds": 0.3372597722156959,
    "algo": 0.14047674247138045,
    "oops": 0.35906406883009645,
    "dbms": 0.0,
    "os": 0.14236073358900123,
    "cn": 0.0,
    "system_design": 0.0
  }
}