{
  "total_episodes": 1134,
  "epoch": 3,
  "epoch_episode": 134,
  "actor_loss": 0.046719686184705234,
  "value_loss": 1.0,
  "mean_reward": 0.1764072731633201,
  "topic_performance": {
    "ds": 0.1091259663199615,
    "algo": 0.23340824296964838,
    "oops": 0.3212502238870678,
    "dbms": 0.0,
    "os": 0.0,
    "cn": 0.0,
    "system_design": 0.0
  }
}