{
  "total_episodes": 283,
  "epoch": 1,
  "epoch_episode": 283,
  "actor_loss": -6.661338147750939e-17,
  "value_loss": 1.0,
  "mean_reward": 0.1693821585889998,
  "topic_performance": {
    "ds": 0.19838249510880762,
    "algo": 0.135648558266717,
    "oops": 0.13743774492969915,
    "dbms": 0.0,
    "os": 0.4048830646585078,
    "cn": 0.0,
    "system_design": 0.0
  }
}