{
  "total_episodes": 2150,
  "epoch": 5,
  "epoch_episode": 150,
  "average_score": 0.15702530453973532,
  "time_efficiency": 0.0,
  "current_streak": 0,
  "difficulty_level": 1.0,
  "topic_performances": {
    "ds": 0.1274307090256897,
    "algo": 0.09377900316807164,
    "oops": 0.20453704162994063,
    "dbms": 0.0,
    "os": 0.0,
    "cn": 0.0,
    "system_design": 0.14860303960676022
  }
}