{
  "total_episodes": 666,
  "epoch": 2,
  "epoch_episode": 166,
  "actor_loss": -2.2204460492503132e-17,
  "value_loss": 1.0,
  "mean_reward": 0.17388247116312508,
  "topic_performance": {
    "ds": 0.25412088034863484,
    "algo": 0.09278858165653825,
    "oops": 0.37014622103873807,
    "dbms": 0.0,
    "os": 0.0,
    "cn": 0.0,
    "system_design": 0.14237294126391703
  }
}