{
  "total_episodes": 2107,
  "epoch": 5,
  "epoch_episode": 107,
  "actor_loss": 2.2204460492503132e-17,
  "value_loss": 1.0,
  "mean_reward": 0.2907519584229654,
  "topic_performance": {
    "ds": 0.456206749947717,
    "algo": 0.17597423454986533,
    "oops": 0.29287729495735093,
    "dbms": 0.0,
    "os": 0.0,
    "cn": 0.0,
    "system_design": 0.24924780627233967
  }
}