{
  "total_episodes": 752,
  "epoch": 2,
  "epoch_episode": 252,
  "actor_loss": -4.4408920985006264e-17,
  "value_loss": 1.0,
  "mean_reward": 0.1647317316586761,
  "topic_performance": {
    "ds": 0.2012891461902791,
    "algo": 0.16797350595566354,
    "oops": 0.07076115616632436,
    "dbms": 0.0,
    "os": 0.1661368323058972,
    "cn": 0.0,
    "system_design": 0.0
  }
}