{
  "total_episodes": 2017,
  "epoch": 5,
  "epoch_episode": 17,
  "actor_loss": 0.09002148276078918,
  "value_loss": 1.0,
  "mean_reward": 0.21978150594925921,
  "topic_performance": {
    "ds": 0.33686679465301,
    "algo": 0.10638681133150785,
    "oops": 0.2538891434025103,
    "dbms": 0.0,
    "os": 0.0,
    "cn": 0.0,
    "system_design": 0.0
  }
}