{
  "total_episodes": 172,
  "epoch": 1,
  "epoch_episode": 172,
  "actor_loss": 0.039222728552552245,
  "value_loss": 1.0,
  "mean_reward": 0.2657200173183065,
  "topic_performance": {
    "ds": 0.12497804601985171,
    "algo": 0.36093744968078456,
    "oops": 0.35885327243552223,
    "dbms": 0.0,
    "os": 0.0,
    "cn": 0.0,
    "system_design": 0.0
  }
}