{
  "total_episodes": 1090,
  "epoch": 3,
  "epoch_episode": 90,
  "average_score": 0.14056466798362882,
  "time_efficiency": 0.053245637746242115,
  "current_streak": 0,
  "difficulty_level": 1.0,
  "topic_performances": {
    "ds": 0.1392020788635504,
    "algo": 0.13084200743768817,
    "oops": 0.1515864062909336,
    "dbms": 0.0,
    "os": 0.0,
    "cn": 0.0,
    "system_design": 0.15747534491149645
  }
}