{
  "total_episodes": 2152,
  "epoch": 5,
  "epoch_episode": 152,
  "actor_loss": 2.2204460492503132e-17,
  "value_loss": 1.0,
  "mean_reward": 0.18988906142899897,
  "topic_performance": {
    "ds": 0.19048470356116842,
    "algo": 0.32941679579534255,
    "oops": 0.10593416395632509,
    "dbms": 0.0,
    "os": 0.0,
    "cn": 0.0,
    "system_design": 0.0
  }
}