{
  "total_episodes": 327,
  "epoch": 1,
  "epoch_episode": 327,
  "actor_loss": 0.08880014557176322,
  "value_loss": 1.0,
  "mean_reward": 0.33714294344780393,
  "topic_performance": {
    "ds": 0.46739449428779944,
    "algo": 0.25890625992668165,
    "oops": 0.41580839205455045,
    "dbms": 0.0,
    "os": 0.0,
    "cn": 0.0,
    "system_design": 0.0
  }
}