{
  "total_episodes": 975,
  "epoch": 2,
  "epoch_episode": 475,
  "average_score": 0.24684627229853415,
  "time_efficiency": 0.20951065445815428,
  "current_streak": 0,
  "difficulty_level": 1.0,
  "topic_performances": {
    "ds": 0.212031845980446,
    "algo": 0.38069971197430796,
    "oops": 0.06639535028343561,
    "dbms": 0.0,
    "os": 0.0,
    "cn": 0.0,
    "system_design": 0.15374626628304827
  }
}