{
  "total_episodes": 2005,
  "epoch": 5,
  "epoch_episode": 5,
  "average_score": 0.1723581514566977,
  "time_efficiency": 0.0957438701622863,
  "current_streak": 0,
  "difficulty_level": 1.0,
  "topic_performances": {
    "ds": 0.12285950074034364,
    "algo": 0.11046205882813749,
    "oops": 0.21155597289037018,
    "dbms": 0.0,
    "os": 0.0,
    "cn": 0.0,
    "system_design": 0.0
  }
}