{
  "total_episodes": 2276,
  "epoch": 5,
  "epoch_episode": 276,
  "actor_loss": -0.06607496676252253,
  "value_loss": 1.0,
  "mean_reward": 0.16905670901284608,
  "topic_performance": {
    "ds": 0.20657623374917655,
    "algo": 0.1439876134844008,
    "oops": 0.12842457697454424,
    "dbms": 0.0,
    "os": 0.0,
    "cn": 0.0,
    "system_design": 0.0
  }
}