{
  "total_episodes": 200,
  "epoch": 1,
  "epoch_episode": 200,
  "average_score": 0.18583450062162982,
  "time_efficiency": 0.04369181360680724,
  "current_streak": 0,
  "difficulty_level": 1.0,
  "topic_performances": {
    "ds": 0.10652132485477797,
    "algo": 0.29835337037397536,
    "oops": 0.2568462528921082,
    "dbms": 0.0,
    "os": 0.0,
    "cn": 0.0,
    "system_design": 0.0
  }
}