{
  "total_episodes": 2085,
  "epoch": 5,
  "epoch_episode": 85,
  "actor_loss": 8.881784197001253e-17,
  "value_loss": 1.0,
  "mean_reward": 0.1485006728745558,
  "topic_performance": {
    "ds": 0.12077412248859846,
    "algo": 0.43885143325050846,
    "oops": 0.10719563113047541,
    "dbms": 0.0,
    "os": 0.0,
    "cn": 0.14785477237687716,
    "system_design": 0.0
  }
}