{
  "total_episodes": 2375,
  "epoch": 5,
  "epoch_episode": 375,
  "average_score": 0.3149807986771709,
  "time_efficiency": 0.37682909034091455,
  "current_streak": 0,
  "difficulty_level": 1.0,
  "topic_performances": {
    "ds": 0.2513963870378347,
    "algo": 0.18585039135639636,
    "oops": 0.5070417562899142,
    "dbms": 0.0,
    "os": 0.0,
    "cn": 0.0,
    "system_design": 0.0
  }
}