{
  "total_episodes": 412,
  "epoch": 1,
  "epoch_episode": 412,
  "actor_loss": 4.4408920985006264e-17,
  "value_loss": 1.0,
  "mean_reward": 0.14658176617363222,
  "topic_performance": {
    "ds": 0.12012248585753904,
    "algo": 0.36883157835964814,
    "oops": 0.1184709716499599,
    "dbms": 0.0,
    "os": 0.0,
    "cn": 0.0,
    "system_design": 0.14426376755425724
  }
}