{
  "total_episodes": 2433,
  "epoch": 5,
  "epoch_episode": 433,
  "actor_loss": 0.1329586191358736,
  "value_loss": 1.0,
  "mean_reward": 0.3217961703524747,
  "topic_performance": {
    "ds": 0.408162851626789,
    "algo": 0.29585966452915924,
    "oops": 0.0886326323528474,
    "dbms": 0.0,
    "os": 0.0,
    "cn": 0.0,
    "system_design": 0.0
  }
}