{
  "total_episodes": 1053,
  "epoch": 3,
  "epoch_episode": 53,
  "actor_loss": -4.4408920985006264e-17,
  "value_loss": 1.0,
  "mean_reward": 0.34365642500564964,
  "topic_performance": {
    "ds": 0.48266859512353427,
    "algo": 0.42047374427159345,
    "oops": 0.26893063043609816,
    "dbms": 0.0,
    "os": 0.15761710463116774,
    "cn": 0.12100712935130326,
    "system_design": 0.0
  }
}