{
  "total_episodes": 555,
  "epoch": 2,
  "epoch_episode": 55,
  "average_score": 0.19832182238178367,
  "time_efficiency": 0.09170562929239831,
  "current_streak": 0,
  "difficulty_level": 1.0,
  "topic_performances": {
    "ds": 0.1419027399797163,
    "algo": 0.0955815163645527,
    "oops": 0.235736064444145,
    "dbms": 0.0,
    "os": 0.0,
    "cn": 0.0,
    "system_design": 0.0
  }
}