{
  "total_episodes": 503,
  "epoch": 2,
  "epoch_episode": 3,
  "actor_loss": 2.2204460492503132e-17,
  "value_loss": 1.0,
  "mean_reward": 0.178865265905482,
  "topic_performance": {
    "ds": 0.09503089973586004,
    "algo": 0.31974660140174627,
    "oops": 0.132667875890111,
    "dbms": 0.0,
    "os": 0.1463165279716679,
    "cn": 0.0,
    "system_design": 0.0
  }
}