{
  "total_episodes": 580,
  "epoch": 2,
  "epoch_episode": 80,
  "average_score": 0.18030000614473102,
  "time_efficiency": 0.08714459321530707,
  "current_streak": 0,
  "difficulty_level": 1.0,
  "topic_performances": {
    "ds": 0.15604363543574368,
    "algo": 0.13967412246097138,
    "oops": 0.25326771744047377,
    "dbms": 0.0,
    "os": 0.0,
    "cn": 0.0,
    "system_design": 0.0
  }
}