{
  "total_episodes": 1182,
  "epoch": 3,
  "epoch_episode": 182,
  "actor_loss": 0.044712084072192716,
  "value_loss": 1.0,
  "mean_reward": 0.23843096414629925,
  "topic_performance": {
    "ds": 0.417994390967582,
    "algo": 0.3071958107402098,
    "oops": 0.09386898971356084,
    "dbms": 0.0,
    "os": 0.0,
    "cn": 0.0,
    "system_design": 0.14045888822558378
  }
}