{
  "total_episodes": 150,
  "epoch": 1,
  "epoch_episode": 150,
  "average_score": 0.20497264777743132,
  "time_efficiency": 0.1609946333023975,
  "current_streak": 0,
  "difficulty_level": 1.0,
  "topic_performances": {
    "ds": 0.21122859838852262,
    "algo": 0.22797564044228294,
    "oops": 0.15705361909105747,
    "dbms": 0.26095290400872406,
    "os": 0.0,
    "cn": 0.0,
    "system_design": 0.0
  }
}