{
  "total_episodes": 2395,
  "epoch": 5,
  "epoch_episode": 395,
  "actor_loss": 6.661338147750939e-17,
  "value_loss": 1.0,
  "mean_reward": 0.2010411935563759,
  "topic_performance": {
    "ds": 0.0,
    "algo": 0.3665270691298515,
    "oops": 0.16551815589378802,
    "dbms": 0.31973961928360295,
    "os": 0.0,
    "cn": 0.0,
    "system_design": 0.0
  }
}