{
  "total_episodes": 605,
  "epoch": 2,
  "epoch_episode": 105,
  "average_score": 0.18988906142899897,
  "time_efficiency": 0.19578549824906127,
  "current_streak": 0,
  "difficulty_level": 1.0,
  "topic_performances": {
    "ds": 0.19048470356116842,
    "algo": 0.32941679579534255,
    "oops": 0.10593416395632509,
    "dbms": 0.0,
    "os": 0.0,
    "cn": 0.0,
    "system_design": 0.0
  }
}