{
  "total_episodes": 2085,
  "epoch": 5,
  "epoch_episode": 85,
  "average_score": 0.1485006728745558,
  "time_efficiency": 0.13822223038840184,
  "current_streak": 0,
  "difficulty_level": 1.0,
  "topic_performances": {
    "ds": 0.12077412248859846,
    "algo": 0.43885143325050846,
    "oops": 0.10719563113047541,
    "dbms": 0.0,
    "os": 0.0,
    "cn": 0.14785477237687716,
    "system_design": 0.0
  }
}