{
  "total_episodes": 1605,
  "epoch": 4,
  "epoch_episode": 105,
  "actor_loss": 4.675765829742495e-06,
  "value_loss": 1.0,
  "mean_reward": 0.1723581514566977,
  "topic_performance": {
    "ds": 0.12285950074034364,
    "algo": 0.11046205882813749,
    "oops": 0.21155597289037018,
    "dbms": 0.0,
    "os": 0.0,
    "cn": 0.0,
    "system_design": 0.0
  }
}