{
  "total_episodes": 2385,
  "epoch": 5,
  "epoch_episode": 385,
  "actor_loss": -2.2204460492503132e-17,
  "value_loss": 1.0,
  "mean_reward": 0.23716236610974734,
  "topic_performance": {
    "ds": 0.27423328097876953,
    "algo": 0.11188358482787981,
    "oops": 0.2864260549240343,
    "dbms": 0.0,
    "os": 0.16725965486400315,
    "cn": 0.0,
    "system_design": 0.0
  }
}