{
  "total_episodes": 1055,
  "epoch": 3,
  "epoch_episode": 55,
  "average_score": 0.3863187981833297,
  "time_efficiency": 0.3064567925102191,
  "current_streak": 0,
  "difficulty_level": 1.0,
  "topic_performances": {
    "ds": 0.4411592903500913,
    "algo": 0.3218331077225481,
    "oops": 0.2716626993485045,
    "dbms": 0.0,
    "os": 0.30090332493914834,
    "cn": 0.0,
    "system_design": 0.0
  }
}