{
  "total_episodes": 415,
  "epoch": 1,
  "epoch_episode": 415,
  "actor_loss": -6.661338147750939e-17,
  "value_loss": 1.0,
  "mean_reward": 0.37773151938330773,
  "topic_performance": {
    "ds": 0.24999766646868526,
    "algo": 0.0,
    "oops": 0.4904835668085547,
    "dbms": 0.0,
    "os": 0.0,
    "cn": 0.0,
    "system_design": 0.3249066939155627
  }
}