{
  "total_episodes": 2400,
  "epoch": 5,
  "epoch_episode": 400,
  "average_score": 0.1722762731496731,
  "time_efficiency": 0.18986655356586749,
  "current_streak": 0,
  "difficulty_level": 1.0,
  "topic_performances": {
    "ds": 0.16761548114479202,
    "algo": 0.10870878396790506,
    "oops": 0.3676395326998583,
    "dbms": 0.0,
    "os": 0.0,
    "cn": 0.0,
    "system_design": 0.0
  }
}