{
  "total_episodes": 791,
  "epoch": 2,
  "epoch_episode": 291,
  "actor_loss": 2.2204460492503132e-17,
  "value_loss": 1.0,
  "mean_reward": 0.23651870911369804,
  "topic_performance": {
    "ds": 0.21717214761315415,
    "algo": 0.296009990870161,
    "oops": 0.09528638959056555,
    "dbms": 0.0,
    "os": 0.0,
    "cn": 0.0,
    "system_design": 0.0
  }
}