{
  "total_episodes": 684,
  "epoch": 2,
  "epoch_episode": 184,
  "actor_loss": -2.2204460492503132e-17,
  "value_loss": 1.0,
  "mean_reward": 0.18684838043836227,
  "topic_performance": {
    "ds": 0.12262266935949623,
    "algo": 0.1427211724184985,
    "oops": 0.3834557155768196,
    "dbms": 0.0,
    "os": 0.0,
    "cn": 0.0,
    "system_design": 0.0
  }
}