{
  "total_episodes": 279,
  "epoch": 1,
  "epoch_episode": 279,
  "actor_loss": 0.054460930326146205,
  "value_loss": 1.0,
  "mean_reward": 0.17736326896868998,
  "topic_performance": {
    "ds": 0.10331769811419494,
    "algo": 0.18658254316343226,
    "oops": 0.32834427018775364,
    "dbms": 0.0,
    "os": 0.0,
    "cn": 0.14392572736431572,
    "system_design": 0.0
  }
}