{
  "total_episodes": 2255,
  "epoch": 5,
  "epoch_episode": 255,
  "actor_loss": 0.07858992231498689,
  "value_loss": 1.0,
  "mean_reward": 0.178341696760451,
  "topic_performance": {
    "ds": 0.10053959162263348,
    "algo": 0.4308455417142758,
    "oops": 0.07917974515806858,
    "dbms": 0.0,
    "os": 0.0,
    "cn": 0.26066843574665377,
    "system_design": 0.0
  }
}