{
  "total_episodes": 734,
  "epoch": 2,
  "epoch_episode": 234,
  "actor_loss": -2.2204460492503132e-17,
  "value_loss": 1.0,
  "mean_reward": 0.28037505192851764,
  "topic_performance": {
    "ds": 0.099711958563316,
    "algo": 0.23177154605201306,
    "oops": 0.4932139587326077,
    "dbms": 0.0,
    "os": 0.0,
    "cn": 0.0,
    "system_design": 0.4617177167300628
  }
}