{
  "total_episodes": 183,
  "epoch": 1,
  "epoch_episode": 183,
  "actor_loss": 0.07370467196724304,
  "value_loss": 1.0,
  "mean_reward": 0.31579661332257486,
  "topic_performance": {
    "ds": 0.35376121885067774,
    "algo": 0.1526337322861471,
    "oops": 0.40969531995381875,
    "dbms": 0.0,
    "os": 0.0,
    "cn": 0.0,
    "system_design": 0.0
  }
}