{
  "total_episodes": 1185,
  "epoch": 3,
  "epoch_episode": 185,
  "average_score": 0.15560372329971753,
  "time_efficiency": 0.11171732676799966,
  "current_streak": 0,
  "difficulty_level": 1.0,
  "topic_performances": {
    "ds": 0.1262516440432926,
    "algo": 0.14152648000573995,
    "oops": 0.25773720436296976,
    "dbms": 0.0,
    "os": 0.0,
    "cn": 0.0,
    "system_design": 0.0
  }
}