{
  "total_episodes": 2421,
  "epoch": 5,
  "epoch_episode": 421,
  "actor_loss": 0.06882693042162757,
  "value_loss": 1.0,
  "mean_reward": 0.19866169414251328,
  "topic_performance": {
    "ds": 0.3946407030476473,
    "algo": 0.1273577008695404,
    "oops": 0.09775467626800975,
    "dbms": 0.0,
    "os": 0.0,
    "cn": 0.0,
    "system_design": 0.0
  }
}