{
  "total_episodes": 1590,
  "epoch": 4,
  "epoch_episode": 90,
  "average_score": 0.28302078647777396,
  "time_efficiency": 0.18704078902857807,
  "current_streak": 0,
  "difficulty_level": 1.5,
  "topic_performances": {
    "ds": 0.0,
    "algo": 0.45581631469299033,
    "oops": 0.11022525826255766,
    "dbms": 0.0,
    "os": 0.0,
    "cn": 0.0,
    "system_design": 0.0
  }
}