{
  "total_episodes": 1804,
  "epoch": 4,
  "epoch_episode": 304,
  "actor_loss": -0.0,
  "value_loss": 1.0,
  "mean_reward": 0.1855866014181883,
  "topic_performance": {
    "ds": 0.15641101685644523,
    "algo": 0.10974150671844041,
    "oops": 0.4189627150101727,
    "dbms": 0.0,
    "os": 0.0,
    "cn": 0.0,
    "system_design": 0.0
  }
}