{
  "total_episodes": 2010,
  "epoch": 5,
  "epoch_episode": 10,
  "actor_loss": 0.023710960688847482,
  "value_loss": 1.0,
  "mean_reward": 0.10937285625398238,
  "topic_performance": {
    "ds": 0.12587744003613274,
    "algo": 0.07777530027700245,
    "oops": 0.09145666088451132,
    "dbms": 0.0,
    "os": 0.0,
    "cn": 0.0,
    "system_design": 0.0
  }
}