{
  "total_episodes": 1660,
  "epoch": 4,
  "epoch_episode": 160,
  "average_score": 0.1116309885485898,
  "time_efficiency": 0.02671029568654344,
  "current_streak": 0,
  "difficulty_level": 1.0,
  "topic_performances": {
    "ds": 0.12087598239709312,
    "algo": 0.1021887613882531,
    "oops": 0.1035452591945466,
    "dbms": 0.0,
    "os": 0.0,
    "cn": 0.0,
    "system_design": 0.1538105997487661
  }
}