{
  "total_episodes": 1065,
  "epoch": 3,
  "epoch_episode": 65,
  "average_score": 0.17533011511081587,
  "time_efficiency": 0.09706367898292587,
  "current_streak": 0,
  "difficulty_level": 1.0,
  "topic_performances": {
    "ds": 0.13761147583732863,
    "algo": 0.2805119566503694,
    "oops": 0.12473271341126613,
    "dbms": 0.0,
    "os": 0.0,
    "cn": 0.0,
    "system_design": 0.0
  }
}