{
  "total_episodes": 1535,
  "epoch": 4,
  "epoch_episode": 35,
  "average_score": 0.2372002911413778,
  "time_efficiency": 0.13854106968013719,
  "current_streak": 0,
  "difficulty_level": 1.0,
  "topic_performances": {
    "ds": 0.37188592050207864,
    "algo": 0.2447494750612107,
    "oops": 0.09244908322089969,
    "dbms": 0.0,
    "os": 0.0,
    "cn": 0.0,
    "system_design": 0.0
  }
}