{
  "total_episodes": 1558,
  "epoch": 4,
  "epoch_episode": 58,
  "actor_loss": 0.04878329837410504,
  "value_loss": 1.0,
  "mean_reward": 0.21028781739042612,
  "topic_performance": {
    "ds": 0.3707254330294486,
    "algo": 0.10675049763881592,
    "oops": 0.0816630898989019,
    "dbms": 0.0,
    "os": 0.1614861768121293,
    "cn": 0.0,
    "system_design": 0.0
  }
}