{
  "total_episodes": 2366,
  "epoch": 5,
  "epoch_episode": 366,
  "actor_loss": -1.1102230246251565e-16,
  "value_loss": 1.0,
  "mean_reward": 0.1719811850564047,
  "topic_performance": {
    "ds": 0.1192947193001879,
    "algo": 0.23939193666910186,
    "oops": 0.11830073599373031,
    "dbms": 0.16875245730607272,
    "os": 0.0,
    "cn": 0.0,
    "system_design": 0.0
  }
}