{
  "total_episodes": 2489,
  "epoch": 5,
  "epoch_episode": 489,
  "actor_loss": 4.4408920985006264e-17,
  "value_loss": 1.0,
  "mean_reward": 0.16782462551517194,
  "topic_performance": {
    "ds": 0.2186327774207139,
    "algo": 0.1242251716576242,
    "oops": 0.18602000341994865,
    "dbms": 0.0,
    "os": 0.0,
    "cn": 0.0,
    "system_design": 0.0
  }
}