{
  "total_episodes": 1985,
  "epoch": 4,
  "epoch_episode": 485,
  "actor_loss": 2.2204460492503132e-17,
  "value_loss": 1.0,
  "mean_reward": 0.16905670901284608,
  "topic_performance": {
    "ds": 0.20657623374917655,
    "algo": 0.1439876134844008,
    "oops": 0.12842457697454424,
    "dbms": 0.0,
    "os": 0.0,
    "cn": 0.0,
    "system_design": 0.0
  }
}