{
  "total_episodes": 789,
  "epoch": 2,
  "epoch_episode": 289,
  "actor_loss": 4.4408920985006264e-17,
  "value_loss": 1.0,
  "mean_reward": 0.11378192286236999,
  "topic_performance": {
    "ds": 0.0,
    "algo": 0.11913512710961695,
    "oops": 0.10575211649149957,
    "dbms": 0.0,
    "os": 0.0,
    "cn": 0.0,
    "system_design": 0.0
  }
}