{
  "episode": 400,
  "epoch": 4,
  "mean_reward": 0.8392599843990043,
  "best_reward": 0.9066554298388896,
  "timestamp": "20250503_190644"
}