{
  "episode": 1800,
  "epoch": 4,
  "mean_reward": 0.23651870911369804,
  "best_reward": 0.4567905254997499,
  "avg_reward_100": 0.22008873396794854,
  "avg_policy_loss_100": 0.0001877990312445224,
  "avg_value_loss_100": 8.67241555538483,
  "timestamp": "20250507_112257"
}