{
  "episode": 130,
  "epoch": 1,
  "mean_reward": 0.22006281054767815,
  "best_reward": 0.4567905254997499,
  "timestamp": "20250503_215758"
}