{
  "interview_num": 1450,
  "stats": {
    "average_score": 0.1474997872814385,
    "time_efficiency": 0.08014308588466361,
    "topic_performances": {
      "ds": 0.13499976118996154,
      "algo": 0.1191226339265581,
      "oops": 0.38701704021195876,
      "dbms": 0.0,
      "os": 0.0,
      "cn": 0.0,
      "system_design": 0.0
    },
    "current_streak": 0,
    "difficulty_level": 1.0
  },
  "timestamp": "20250503_211041"
}