{
  "interview_num": 170,
  "stats": {
    "average_score": 0.8705853719620862,
    "time_efficiency": 0.4561186138640176,
    "topic_performances": {
      "ds": 0.9091220823250596,
      "algo": 0.0,
      "oops": 0.8197109314210285,
      "dbms": 0.8669784939242589,
      "os": 0.8445822862591043,
      "cn": 0.8914612716805795,
      "system_design": 0.0
    },
    "current_streak": 10,
    "difficulty_level": 10.0
  },
  "timestamp": "20250503_190628"
}