{
  "episode": 2270,
  "epoch": 5,
  "mean_reward": 0.274286560870659,
  "best_reward": 0.4567905254997499,
  "avg_reward_100": 0.21372718981156658,
  "avg_policy_loss_100": 8.929915932126437e-05,
  "avg_value_loss_100": 8.462853098277044,
  "timestamp": "20250507_112349"
}