{
  "episode": 680,
  "epoch": 2,
  "mean_reward": 0.3185773076520836,
  "best_reward": 0.4567905254997499,
  "timestamp": "20250503_213417"
}