{
  "episode": 230,
  "epoch": 1,
  "mean_reward": 0.19474134034072116,
  "best_reward": 0.44206984182377107,
  "avg_reward_100": 0.2070241006024503,
  "avg_policy_loss_100": 0.006860427532112372,
  "avg_value_loss_100": 8.847475574587456,
  "timestamp": "20250507_112044"
}