{
  "episode": 310,
  "epoch": 1,
  "mean_reward": 0.35085560317258613,
  "best_reward": 0.4567905254997499,
  "timestamp": "20250503_213351"
}