{
  "episode": 300,
  "epoch": 1,
  "mean_reward": 0.2812874959290643,
  "best_reward": 0.4567905254997499,
  "timestamp": "20250503_215808"
}