{
  "episode": 1110,
  "epoch": 3,
  "mean_reward": 0.15895064921916435,
  "best_reward": 0.4567905254997499,
  "avg_reward_100": 0.21863890182606038,
  "avg_policy_loss_100": -0.00011491004776225984,
  "avg_value_loss_100": 8.775074102169029,
  "timestamp": "20250507_112153"
}