{
  "episode": 380,
  "epoch": 1,
  "mean_reward": 0.17736326896868998,
  "best_reward": 0.44206984182377107,
  "avg_reward_100": 0.22096213793067118,
  "avg_policy_loss_100": 0.00015681051193511573,
  "avg_value_loss_100": 8.888693830504392,
  "timestamp": "20250507_112054"
}