{
  "interview_num": 200,
  "stats": {
    "average_score": 0.8878242083374616,
    "time_efficiency": 0.2634660999286479,
    "topic_performances": {
      "ds": 0.8571256066391182,
      "algo": 0.8735719782443471,
      "oops": 0.8940181219242683,
      "dbms": 0.0,
      "os": 0.8893510273752971,
      "cn": 0.0,
      "system_design": 0.906608049861702
    },
    "current_streak": 10,
    "difficulty_level": 1.0
  },
  "timestamp": "20250503_190630"
}