{
  "episode": 590,
  "epoch": 2,
  "mean_reward": 0.18564775638796593,
  "best_reward": 0.4567905254997499,
  "avg_reward_100": 0.2123381143056319,
  "avg_policy_loss_100": 9.032466039025501e-05,
  "avg_value_loss_100": 8.760793745881609,
  "timestamp": "20250507_112110"
}