{
  "episode": 40,
  "epoch": 1,
  "mean_reward": 0.7040832804587416,
  "best_reward": 0.9018350774636698,
  "timestamp": "20250503_190619"
}