{
  "interview_num": 2160,
  "stats": {
    "average_score": 0.18985869296974928,
    "time_efficiency": 0.27362565762463864,
    "topic_performances": {
      "ds": 0.1645390869049789,
      "algo": 0.30745095248742843,
      "oops": 0.12065420288006766,
      "dbms": 0.0,
      "os": 0.0,
      "cn": 0.0,
      "system_design": 0.0
    },
    "current_streak": 0,
    "difficulty_level": 1.0
  },
  "timestamp": "20250503_211147"
}