{
  "episode": 1020,
  "epoch": 3,
  "mean_reward": 0.16968162369338752,
  "best_reward": 0.4567905254997499,
  "avg_reward_100": 0.21482145857884496,
  "avg_policy_loss_100": -5.3564048366543244e-05,
  "avg_value_loss_100": 8.805375531134157,
  "timestamp": "20250507_112145"
}