{
  "episode": 740,
  "epoch": 2,
  "mean_reward": 0.09897575531122692,
  "best_reward": 0.4567905254997499,
  "timestamp": "20250503_210942"
}