{
  "episode": 2070,
  "epoch": 5,
  "mean_reward": 0.22824070437352878,
  "best_reward": 0.4567905254997499,
  "timestamp": "20250503_220032"
}