{
  "episode": 760,
  "epoch": 2,
  "mean_reward": 0.1976637061038826,
  "best_reward": 0.4567905254997499,
  "timestamp": "20250503_210943"
}