{
  "episode": 810,
  "epoch": 2,
  "mean_reward": 0.1558021418987179,
  "best_reward": 0.4567905254997499,
  "timestamp": "20250503_210947"
}