{
  "episode": 420,
  "epoch": 1,
  "mean_reward": 0.21041003774493308,
  "best_reward": 0.4567905254997499,
  "timestamp": "20250503_210918"
}