{
  "episode": 100,
  "epoch": 1,
  "mean_reward": 0.23818049469451652,
  "best_reward": 0.4567905254997499,
  "timestamp": "20250503_210858"
}