{
  "episode": 2320,
  "epoch": 5,
  "mean_reward": 0.16467453368729074,
  "best_reward": 0.4567905254997499,
  "timestamp": "20250503_213634"
}