{
  "episode": 340,
  "epoch": 4,
  "mean_reward": 0.7329966454173111,
  "best_reward": 0.9066554298388896,
  "timestamp": "20250503_190640"
}