{
  "interview_num": 2310,
  "stats": {
    "average_score": 0.16951299712818152,
    "time_efficiency": 0.22340921382188098,
    "topic_performances": {
      "ds": 0.14945924186879211,
      "algo": 0.20039092335927608,
      "oops": 0.14550620328000688,
      "dbms": 0.0,
      "os": 0.0,
      "cn": 0.0,
      "system_design": 0.15022310708953537
    },
    "current_streak": 0,
    "difficulty_level": 10.0
  },
  "timestamp": "20250503_213633"
}