{
  "interview_num": 2290,
  "stats": {
    "average_score": 0.2072081555011321,
    "time_efficiency": 0.12129264553069682,
    "topic_performances": {
      "ds": 0.12843885759829,
      "algo": 0.3444190711622617,
      "oops": 0.09555840440237244,
      "dbms": 0.0,
      "os": 0.0,
      "cn": 0.15085234195857714,
      "system_design": 0.0
    },
    "current_streak": 0,
    "difficulty_level": 1.0
  },
  "timestamp": "20250503_220054"
}