{
  "episode": 700,
  "epoch": 2,
  "mean_reward": 0.14631361256289208,
  "best_reward": 0.4567905254997499,
  "timestamp": "20250503_210939"
}