{
  "episode": 1120,
  "epoch": 3,
  "mean_reward": 0.19157538707699945,
  "best_reward": 0.4567905254997499,
  "timestamp": "20250503_211012"
}