{
  "episode": 2100,
  "epoch": 5,
  "mean_reward": 0.2985672975120647,
  "best_reward": 0.4567905254997499,
  "timestamp": "20250503_213614"
}