{
  "episode": 2140,
  "epoch": 5,
  "mean_reward": 0.2615284164089168,
  "best_reward": 0.4567905254997499,
  "avg_reward_100": 0.20818987563911967,
  "avg_policy_loss_100": 2.902043774296075e-05,
  "avg_value_loss_100": 8.534073062488467,
  "timestamp": "20250507_112335"
}