{
  "episode": 1240,
  "epoch": 3,
  "mean_reward": 0.22868115203375342,
  "best_reward": 0.4567905254997499,
  "avg_reward_100": 0.2057981240261813,
  "avg_policy_loss_100": 1.8590423767434453e-05,
  "avg_value_loss_100": 8.486143977835907,
  "timestamp": "20250507_112204"
}