{
  "episode": 980,
  "epoch": 2,
  "mean_reward": 0.2528058023818187,
  "best_reward": 0.4567905254997499,
  "avg_reward_100": 0.21311588791415453,
  "avg_policy_loss_100": -9.862591594686723e-05,
  "avg_value_loss_100": 8.893288979066867,
  "timestamp": "20250507_112142"
}