{
  "episode": 1290,
  "epoch": 3,
  "mean_reward": 0.21919133922096626,
  "best_reward": 0.4567905254997499,
  "timestamp": "20250503_213504"
}