{
  "episode": 1240,
  "epoch": 3,
  "mean_reward": 0.3049399903220971,
  "best_reward": 0.4567905254997499,
  "timestamp": "20250503_215917"
}