{
  "episode": 2040,
  "epoch": 5,
  "mean_reward": 0.2657200173183065,
  "best_reward": 0.4567905254997499,
  "timestamp": "20250503_220030"
}