{
  "episode": 2310,
  "epoch": 5,
  "mean_reward": 0.17736326896868998,
  "best_reward": 0.4567905254997499,
  "timestamp": "20250503_211201"
}