{
  "episode": 1480,
  "epoch": 3,
  "mean_reward": 0.11251532552911556,
  "best_reward": 0.4567905254997499,
  "timestamp": "20250503_215939"
}