{
  "episode": 280,
  "epoch": 3,
  "mean_reward": 0.8442878213153941,
  "best_reward": 0.9066554298388896,
  "timestamp": "20250503_190635"
}