{
  "episode": 2490,
  "epoch": 5,
  "mean_reward": 0.1402829765187541,
  "best_reward": 0.4567905254997499,
  "timestamp": "20250503_211219"
}