{
  "interview_num": 2180,
  "stats": {
    "average_score": 0.21978150594925921,
    "time_efficiency": 0.335706806736438,
    "topic_performances": {
      "ds": 0.33686679465301,
      "algo": 0.10638681133150785,
      "oops": 0.2538891434025103,
      "dbms": 0.0,
      "os": 0.0,
      "cn": 0.0,
      "system_design": 0.0
    },
    "current_streak": 0,
    "difficulty_level": 10.0
  },
  "timestamp": "20250503_213621"
}