{
  "episode": 720,
  "epoch": 2,
  "mean_reward": 0.1892647127826395,
  "best_reward": 0.4567905254997499,
  "avg_reward_100": 0.20895323908545307,
  "avg_policy_loss_100": 0.00010851549447389483,
  "avg_value_loss_100": 8.622548246200342,
  "timestamp": "20250507_112121"
}