{
  "episode": 1880,
  "epoch": 4,
  "mean_reward": 0.1855866014181883,
  "best_reward": 0.4567905254997499,
  "avg_reward_100": 0.2058121652529038,
  "avg_policy_loss_100": 0.00018301312391888415,
  "avg_value_loss_100": 8.451970985467913,
  "timestamp": "20250507_112305"
}