{
  "episode": 1870,
  "epoch": 4,
  "mean_reward": 0.22309502238449058,
  "best_reward": 0.4567905254997499,
  "timestamp": "20250503_213554"
}