{
  "episode": 2110,
  "epoch": 5,
  "mean_reward": 0.31290096672189155,
  "best_reward": 0.4567905254997499,
  "avg_reward_100": 0.19913195431578645,
  "avg_policy_loss_100": 8.862644902480283e-05,
  "avg_value_loss_100": 8.423892337272132,
  "timestamp": "20250507_112331"
}