{
  "episode": 210,
  "epoch": 1,
  "mean_reward": 0.273466055580784,
  "best_reward": 0.4567905254997499,
  "timestamp": "20250503_210905"
}