{
  "episode": 1800,
  "epoch": 4,
  "mean_reward": 0.18880347935116032,
  "best_reward": 0.4567905254997499,
  "timestamp": "20250503_211113"
}