{
  "episode": 1410,
  "epoch": 3,
  "mean_reward": 0.24109808784601308,
  "best_reward": 0.4567905254997499,
  "avg_reward_100": 0.21024690945160343,
  "avg_policy_loss_100": 0.00022798773028083477,
  "avg_value_loss_100": 8.499030422582383,
  "timestamp": "20250507_112220"
}