{
  "episode": 280,
  "epoch": 1,
  "mean_reward": 0.25269885151428445,
  "best_reward": 0.44206984182377107,
  "avg_reward_100": 0.2203563943539755,
  "avg_policy_loss_100": 0.005522647335837024,
  "avg_value_loss_100": 8.922592074178386,
  "timestamp": "20250507_112047"
}