{
  "episode": 1880,
  "epoch": 4,
  "mean_reward": 0.19641624558104548,
  "best_reward": 0.4567905254997499,
  "timestamp": "20250503_211121"
}