{
  "interview_num": 610,
  "stats": {
    "average_score": 0.17365120937461603,
    "time_efficiency": 0.3050646971597607,
    "topic_performances": {
      "ds": 0.24946900486034945,
      "algo": 0.16583107850559148,
      "oops": 0.12129380649595625,
      "dbms": 0.0,
      "os": 0.0,
      "cn": 0.0,
      "system_design": 0.0
    },
    "current_streak": 0,
    "difficulty_level": 1.0
  },
  "timestamp": "20250503_213413"
}