{
  "episode": 2490,
  "epoch": 5,
  "mean_reward": 0.22365652643492878,
  "best_reward": 0.4567905254997499,
  "timestamp": "20250503_213649"
}