{
  "episode": 810,
  "epoch": 2,
  "mean_reward": 0.3442283033939318,
  "best_reward": 0.4567905254997499,
  "timestamp": "20250503_215842"
}