{
  "episode": 1190,
  "epoch": 3,
  "mean_reward": 0.21112725040928812,
  "best_reward": 0.4567905254997499,
  "avg_reward_100": 0.206848580991699,
  "avg_policy_loss_100": -4.570704072089388e-05,
  "avg_value_loss_100": 8.572582936342615,
  "timestamp": "20250507_112159"
}