{
  "episode": 100,
  "epoch": 1,
  "mean_reward": 0.2625712562516498,
  "best_reward": 0.3715275417899425,
  "avg_reward_100": 0.20950990807756642,
  "avg_policy_loss_100": 0.015370425169719362,
  "avg_value_loss_100": 9.042860196928151,
  "timestamp": "20250507_112036"
}