{
  "interview_num": 1400,
  "stats": {
    "average_score": 0.2804179749380417,
    "time_efficiency": 0.3366367972205735,
    "topic_performances": {
      "ds": 0.4360592681234206,
      "algo": 0.20352533414522356,
      "oops": 0.22730020280975372,
      "dbms": 0.0,
      "os": 0.0,
      "cn": 0.0,
      "system_design": 0.0
    },
    "current_streak": 0,
    "difficulty_level": 1.0
  },
  "timestamp": "20250503_213513"
}