{
  "interview_num": 850,
  "stats": {
    "average_score": 0.33441155888419277,
    "time_efficiency": 0.19337227484642266,
    "topic_performances": {
      "ds": 0.373792074556239,
      "algo": 0.08867927993009579,
      "oops": 0.4042383022086193,
      "dbms": 0.1433148018523988,
      "os": 0.0,
      "cn": 0.0,
      "system_design": 0.0
    },
    "current_streak": 0,
    "difficulty_level": 1.0
  },
  "timestamp": "20250503_213430"
}