{
  "episode": 240,
  "epoch": 3,
  "mean_reward": 0.7629014335034221,
  "best_reward": 0.9066554298388896,
  "timestamp": "20250503_190633"
}