{
  "interview_num": 520,
  "stats": {
    "average_score": 0.15663987587792422,
    "time_efficiency": 0.1371393607252464,
    "topic_performances": {
      "ds": 0.1746221614202124,
      "algo": 0.0,
      "oops": 0.12094640611529578,
      "dbms": 0.0,
      "os": 0.0,
      "cn": 0.15582657191208057,
      "system_design": 0.0
    },
    "current_streak": 0,
    "difficulty_level": 1.0
  },
  "timestamp": "20250503_213406"
}