{
  "episode": 470,
  "epoch": 1,
  "mean_reward": 0.2429283828244031,
  "best_reward": 0.4567905254997499,
  "avg_reward_100": 0.21712868621637424,
  "avg_policy_loss_100": -0.00011230768384328128,
  "avg_value_loss_100": 8.812147598674587,
  "timestamp": "20250507_112101"
}