{
  "episode": 50,
  "epoch": 1,
  "mean_reward": 0.19025212046719048,
  "best_reward": 0.4567905254997499,
  "timestamp": "20250503_213334"
}