{
  "episode": 1740,
  "epoch": 4,
  "mean_reward": 0.2509710023252681,
  "best_reward": 0.4567905254997499,
  "timestamp": "20250503_211108"
}