{
  "episode": 1720,
  "epoch": 4,
  "mean_reward": 0.23939597463651768,
  "best_reward": 0.4567905254997499,
  "timestamp": "20250503_220000"
}