{
  "episode": 660,
  "epoch": 2,
  "mean_reward": 0.2603135584158002,
  "best_reward": 0.4567905254997499,
  "avg_reward_100": 0.20956885743413572,
  "avg_policy_loss_100": 0.00020786529435654627,
  "avg_value_loss_100": 8.591970315403612,
  "timestamp": "20250507_112116"
}