{
  "episode": 2160,
  "epoch": 5,
  "mean_reward": 0.28966680755778196,
  "best_reward": 0.4567905254997499,
  "avg_reward_100": 0.2064923030594238,
  "avg_policy_loss_100": 0.00014583296281295763,
  "avg_value_loss_100": 8.606128540611058,
  "timestamp": "20250507_112337"
}