{
  "interview_num": 790,
  "stats": {
    "average_score": 0.2657200173183065,
    "time_efficiency": 0.13801757206602128,
    "topic_performances": {
      "ds": 0.12497804601985171,
      "algo": 0.36093744968078456,
      "oops": 0.35885327243552223,
      "dbms": 0.0,
      "os": 0.0,
      "cn": 0.0,
      "system_design": 0.0
    },
    "current_streak": 0,
    "difficulty_level": 1.5
  },
  "timestamp": "20250503_215841"
}