{
  "episode": 2240,
  "epoch": 5,
  "mean_reward": 0.14713107451461485,
  "best_reward": 0.4567905254997499,
  "timestamp": "20250503_213626"
}