{
  "episode": 870,
  "epoch": 2,
  "mean_reward": 0.1386684879764918,
  "best_reward": 0.4567905254997499,
  "timestamp": "20250503_215847"
}