{
  "episode": 700,
  "epoch": 2,
  "mean_reward": 0.2814085379419764,
  "best_reward": 0.4567905254997499,
  "timestamp": "20250503_215834"
}