{
  "episode": 1650,
  "epoch": 4,
  "mean_reward": 0.14098441798262557,
  "best_reward": 0.4567905254997499,
  "timestamp": "20250503_215954"
}