{
  "interview_num": 70,
  "stats": {
    "average_score": 0.8451585611530781,
    "time_efficiency": 0.4637707679859684,
    "topic_performances": {
      "ds": 0.8485158317750123,
      "algo": 0.0,
      "oops": 0.8068239635418505,
      "dbms": 0.9178257057453489,
      "os": 0.0,
      "cn": 0.8611412576090389,
      "system_design": 0.6801389683460791
    },
    "current_streak": 10,
    "difficulty_level": 10.0
  },
  "timestamp": "20250503_190621"
}