{
  "episode": 160,
  "epoch": 1,
  "mean_reward": 0.1693821585889998,
  "best_reward": 0.44206984182377107,
  "avg_reward_100": 0.2113417284609882,
  "avg_policy_loss_100": 0.009680815023806915,
  "avg_value_loss_100": 9.115626753926126,
  "timestamp": "20250507_112039"
}