{
  "episode": 1230,
  "epoch": 3,
  "mean_reward": 0.28079920937882163,
  "best_reward": 0.4567905254997499,
  "avg_reward_100": 0.20315683716376495,
  "avg_policy_loss_100": -7.250403604902498e-05,
  "avg_value_loss_100": 8.4884517135614,
  "timestamp": "20250507_112203"
}