{
  "interview_num": 10,
  "stats": {
    "average_score": 0.18940366182519222,
    "time_efficiency": 0.2811169240549852,
    "topic_performances": {
      "ds": 0.1401735654421814,
      "algo": 0.11590180332647007,
      "oops": 0.2473731144356202,
      "dbms": 0.0,
      "os": 0.0,
      "cn": 0.1450203085365181,
      "system_design": 0.0
    },
    "current_streak": 0,
    "difficulty_level": 1.0
  },
  "timestamp": "20250503_213332"
}