{
  "episode": 1900,
  "epoch": 4,
  "mean_reward": 0.2615284164089168,
  "best_reward": 0.4567905254997499,
  "timestamp": "20250503_213556"
}