{
  "total_episodes": 282,
  "epoch": 1,
  "epoch_episode": 282,
  "question_number": 6,
  "topic": "ds",
  "subtopic": "Linked Lists",
  "difficulty": 3.2241135571547415,
  "performance": 0.1633253913690057,
  "time_taken": 10.079115304776689,
  "actor_loss": 0.002568322421795318,
  "value_loss": 23.629081373522958,
  "entropy_loss": -0.005439214352246861,
  "topic_means": {
    "ds": 0.1633253913690057,
    "algo": 0.16032517755589354,
    "oops": 0.33625917089081886,
    "dbms": 0.0,
    "os": 0.0,
    "cn": 0.0,
    "system_design": 0.0
  },
  "consecutive_low_scores": 2,
  "safety_constraints_applied": true
}