{
  "total_episodes": 1200,
  "epoch": 3,
  "epoch_episode": 200,
  "question_number": 10,
  "topic": "algo",
  "subtopic": "Backtracking",
  "difficulty": 2.449338393105721,
  "performance": 0.3357227732064473,
  "time_taken": 13.509467233606456,
  "actor_loss": 0.0005745316817586047,
  "value_loss": 24.45477328605255,
  "entropy_loss": -0.00039178511084371855,
  "topic_means": {
    "ds": 0.408162851626789,
    "algo": 0.29585966452915924,
    "oops": 0.0886326323528474,
    "dbms": 0.0,
    "os": 0.0,
    "cn": 0.0,
    "system_design": 0.0
  },
  "consecutive_low_scores": 4,
  "safety_constraints_applied": true
}