{
  "total_episodes": 554,
  "epoch": 2,
  "epoch_episode": 54,
  "question_number": 6,
  "topic": "algo",
  "subtopic": "Backtracking",
  "difficulty": 1.188,
  "performance": 0.36119477279546147,
  "time_taken": 9.104499186149239,
  "actor_loss": 0.0003520370468181433,
  "value_loss": 30.210454529003187,
  "entropy_loss": -0.0016263238321492623,
  "topic_means": {
    "ds": 0.10427337131121807,
    "algo": 0.36119477279546147,
    "oops": 0.15302942296247785,
    "dbms": 0.0,
    "os": 0.0,
    "cn": 0.0,
    "system_design": 0.0
  },
  "consecutive_low_scores": 5,
  "safety_constraints_applied": true
}