{
  "total_episodes": 1376,
  "epoch": 3,
  "epoch_episode": 376,
  "question_number": 10,
  "topic": "oops",
  "subtopic": "Inheritance",
  "difficulty": 1.188,
  "performance": 0.06880624255207504,
  "time_taken": 21.48646694510729,
  "actor_loss": 0.009366967656814431,
  "value_loss": 24.855631827410374,
  "entropy_loss": -0.00033275236342146584,
  "topic_means": {
    "ds": 0.12655835450368458,
    "algo": 0.21213472548063345,
    "oops": 0.11101259417721115,
    "dbms": 0.16083558031923223,
    "os": 0.0,
    "cn": 0.0,
    "system_design": 0.0
  },
  "consecutive_low_scores": 8,
  "safety_constraints_applied": true
}