{
  "total_episodes": 2020,
  "epoch": 5,
  "epoch_episode": 20,
  "question_number": 2,
  "topic": "oops",
  "subtopic": "Design Patterns",
  "difficulty": 3.431831997015434,
  "performance": 0.12813138859114023,
  "time_taken": 15.685392778292323,
  "actor_loss": -0.001253696000078733,
  "value_loss": 23.297611025705343,
  "entropy_loss": 0.0038541595242365554,
  "topic_means": {
    "ds": 0.0,
    "algo": 0.0,
    "oops": 0.12813138859114023,
    "dbms": 0.0,
    "os": 0.0,
    "cn": 0.14394399900514465,
    "system_design": 0.0
  },
  "consecutive_low_scores": 1,
  "safety_constraints_applied": true
}