{
  "total_episodes": 448,
  "epoch": 1,
  "epoch_episode": 448,
  "question_number": 10,
  "topic": "ds",
  "subtopic": "Graphs",
  "difficulty": 3.0459259875643534,
  "performance": 0.12356216418696464,
  "time_taken": 16.38472897451517,
  "actor_loss": 0.002077820700210903,
  "value_loss": 24.711494287117837,
  "entropy_loss": -0.0023813243721654137,
  "topic_means": {
    "ds": 0.21685430981451992,
    "algo": 0.14967751616805963,
    "oops": 0.1479641469662027,
    "dbms": 0.0,
    "os": 0.0,
    "cn": 0.0,
    "system_design": 0.0
  },
  "consecutive_low_scores": 8,
  "safety_constraints_applied": true
}