{
  "total_episodes": 1018,
  "epoch": 3,
  "epoch_episode": 18,
  "question_number": 6,
  "topic": "ds",
  "subtopic": "Trees",
  "difficulty": 2.5363956172855873,
  "performance": 0.20097903178286047,
  "time_taken": 9.936687704283166,
  "actor_loss": -0.008052438897745049,
  "value_loss": 19.55727985310031,
  "entropy_loss": -0.00397444909189512,
  "topic_means": {
    "ds": 0.20097903178286047,
    "algo": 0.22523307196999387,
    "oops": 0.3106433659454797,
    "dbms": 0.0,
    "os": 0.0,
    "cn": 0.1611932438714707,
    "system_design": 0.0
  },
  "consecutive_low_scores": 4,
  "safety_constraints_applied": true
}