{
  "total_episodes": 989,
  "epoch": 2,
  "epoch_episode": 489,
  "question_number": 8,
  "topic": "ds",
  "subtopic": "Graphs",
  "difficulty": 2.891969893978677,
  "performance": 0.3357656745942319,
  "time_taken": 13.848939996401644,
  "actor_loss": -0.0026576427902338185,
  "value_loss": 28.702806695276742,
  "entropy_loss": -0.001962836036594008,
  "topic_means": {
    "ds": 0.4208217376795782,
    "algo": 0.14929026681530877,
    "oops": 0.0,
    "dbms": 0.0,
    "os": 0.0,
    "cn": 0.0,
    "system_design": 0.1589682118697736
  },
  "consecutive_low_scores": 2,
  "safety_constraints_applied": true
}