{
  "total_episodes": 1744,
  "epoch": 4,
  "epoch_episode": 244,
  "question_number": 10,
  "topic": "oops",
  "subtopic": "Inheritance",
  "difficulty": 2.379440022566736,
  "performance": 0.09922838616568364,
  "time_taken": 13.849840873538264,
  "actor_loss": 0.00040367842375799086,
  "value_loss": 24.70166990755834,
  "entropy_loss": 0.0005095802582838441,
  "topic_means": {
    "ds": 0.14345301730640678,
    "algo": 0.2550358070338514,
    "oops": 0.10856737987218357,
    "dbms": 0.0,
    "os": 0.24732006212214186,
    "cn": 0.0,
    "system_design": 0.0
  },
  "consecutive_low_scores": 7,
  "safety_constraints_applied": true
}