{
  "total_episodes": 2093,
  "epoch": 5,
  "epoch_episode": 93,
  "question_number": 8,
  "topic": "oops",
  "subtopic": "Inheritance",
  "difficulty": 2.6244780405773738,
  "performance": 0.3674165257086018,
  "time_taken": 13.087696996331351,
  "actor_loss": 0.00668457965046939,
  "value_loss": 33.58405697718146,
  "entropy_loss": 0.006195139618403024,
  "topic_means": {
    "ds": 0.1220073364574108,
    "algo": 0.4531249798950485,
    "oops": 0.3627296495970776,
    "dbms": 0.0,
    "os": 0.0,
    "cn": 0.0,
    "system_design": 0.1696574454654613
  },
  "consecutive_low_scores": 3,
  "safety_constraints_applied": true
}