{
  "total_episodes": 2359,
  "epoch": 5,
  "epoch_episode": 359,
  "question_number": 4,
  "topic": "oops",
  "subtopic": "Polymorphism",
  "difficulty": 1.584,
  "performance": 0.34270816606622745,
  "time_taken": 8.415406038898485,
  "actor_loss": 0.18051821954299224,
  "value_loss": 20.742438148469827,
  "entropy_loss": 0.01005952946859195,
  "topic_means": {
    "ds": 0.0,
    "algo": 0.23942511044334036,
    "oops": 0.2575627168039631,
    "dbms": 0.0,
    "os": 0.0,
    "cn": 0.0,
    "system_design": 0.0
  },
  "consecutive_low_scores": 3,
  "safety_constraints_applied": true
}