{
  "total_episodes": 1632,
  "epoch": 4,
  "epoch_episode": 132,
  "question_number": 10,
  "topic": "oops",
  "subtopic": "Abstraction",
  "difficulty": 1.188,
  "performance": 0.37014622103873807,
  "time_taken": 11.172824500452975,
  "actor_loss": 0.004296926216071721,
  "value_loss": 23.84884790522552,
  "entropy_loss": 0.001208239076140869,
  "topic_means": {
    "ds": 0.25412088034863484,
    "algo": 0.09278858165653825,
    "oops": 0.37014622103873807,
    "dbms": 0.0,
    "os": 0.0,
    "cn": 0.0,
    "system_design": 0.14237294126391703
  },
  "consecutive_low_scores": 7,
  "safety_constraints_applied": true
}