{
  "total_episodes": 669,
  "epoch": 2,
  "epoch_episode": 169,
  "question_number": 8,
  "topic": "algo",
  "subtopic": "Backtracking",
  "difficulty": 2.596641438662529,
  "performance": 0.29283323728316457,
  "time_taken": 13.545532451791255,
  "actor_loss": 0.0011331609878855431,
  "value_loss": 29.619739395073644,
  "entropy_loss": -0.001452086532759567,
  "topic_means": {
    "ds": 0.4502873486206044,
    "algo": 0.3655471183896524,
    "oops": 0.14110354629535268,
    "dbms": 0.0,
    "os": 0.0,
    "cn": 0.0,
    "system_design": 0.0
  },
  "consecutive_low_scores": 2,
  "safety_constraints_applied": true
}