{
  "total_episodes": 980,
  "epoch": 2,
  "epoch_episode": 480,
  "question_number": 2,
  "topic": "oops",
  "subtopic": "Abstraction",
  "difficulty": 3.816252337326534,
  "performance": 0.27694858200975436,
  "time_taken": 13.8301180485447,
  "actor_loss": -0.0003742398891183326,
  "value_loss": 32.58192495870689,
  "entropy_loss": -0.0008428800447335908,
  "topic_means": {
    "ds": 0.27208411244217795,
    "algo": 0.0,
    "oops": 0.27694858200975436,
    "dbms": 0.0,
    "os": 0.0,
    "cn": 0.0,
    "system_design": 0.0
  },
  "consecutive_low_scores": 1,
  "safety_constraints_applied": true
}