{
  "total_episodes": 365,
  "epoch": 1,
  "epoch_episode": 365,
  "question_number": 8,
  "topic": "algo",
  "subtopic": "Dynamic Programming",
  "difficulty": 1.584,
  "performance": 0.09296444032556203,
  "time_taken": 18.58450126531857,
  "actor_loss": 0.00031133301430545586,
  "value_loss": 23.900851451188405,
  "entropy_loss": -0.005018580052412218,
  "topic_means": {
    "ds": 0.12211499655473182,
    "algo": 0.1663683750686183,
    "oops": 0.20046660744806546,
    "dbms": 0.0,
    "os": 0.0,
    "cn": 0.0,
    "system_design": 0.0
  },
  "consecutive_low_scores": 7,
  "safety_constraints_applied": true
}