{
  "total_episodes": 580,
  "epoch": 2,
  "epoch_episode": 80,
  "question_number": 2,
  "topic": "oops",
  "subtopic": "Classes",
  "difficulty": 4.385153150190188,
  "performance": 0.5149782471062588,
  "time_taken": 9.55971342470567,
  "actor_loss": 0.0002768200388277159,
  "value_loss": 24.048127553227594,
  "entropy_loss": -0.0019580192681407484,
  "topic_means": {
    "ds": 0.0,
    "algo": 0.0,
    "oops": 0.5149782471062588,
    "dbms": 0.0,
    "os": 0.0,
    "cn": 0.0,
    "system_design": 0.4617177167300628
  },
  "consecutive_low_scores": 0,
  "safety_constraints_applied": true
}