{
  "total_episodes": 1584,
  "epoch": 4,
  "epoch_episode": 84,
  "question_number": 10,
  "topic": "ds",
  "subtopic": "Graphs",
  "difficulty": 2.5052039338811825,
  "performance": 0.1660581157360595,
  "time_taken": 11.738811515884704,
  "actor_loss": 0.0035931570445127403,
  "value_loss": 20.803928740265498,
  "entropy_loss": 0.0016060698041213662,
  "topic_means": {
    "ds": 0.2513963870378347,
    "algo": 0.18585039135639636,
    "oops": 0.5070417562899142,
    "dbms": 0.0,
    "os": 0.0,
    "cn": 0.0,
    "system_design": 0.0
  },
  "consecutive_low_scores": 4,
  "safety_constraints_applied": true
}