{
  "total_episodes": 1773,
  "epoch": 4,
  "epoch_episode": 273,
  "question_number": 8,
  "topic": "algo",
  "subtopic": "Backtracking",
  "difficulty": 4.133277111038926,
  "performance": 0.3311228154777883,
  "time_taken": 13.925456233453406,
  "actor_loss": 0.0004512716840629899,
  "value_loss": 26.10805803246606,
  "entropy_loss": 0.0023668404448035584,
  "topic_means": {
    "ds": 0.40614198295788545,
    "algo": 0.37073636222607265,
    "oops": 0.29850492691229086,
    "dbms": 0.0,
    "os": 0.0,
    "cn": 0.0,
    "system_design": 0.0
  },
  "consecutive_low_scores": 1,
  "safety_constraints_applied": true
}