{
  "total_episodes": 1776,
  "epoch": 4,
  "epoch_episode": 276,
  "question_number": 10,
  "topic": "oops",
  "subtopic": "Inheritance",
  "difficulty": 1.188,
  "performance": 0.17280190675495175,
  "time_taken": 11.55173926104828,
  "actor_loss": -0.004770577824593466,
  "value_loss": 30.01954166512569,
  "entropy_loss": 0.0026949728415995144,
  "topic_means": {
    "ds": 0.09667256959495207,
    "algo": 0.34104688492137947,
    "oops": 0.15615636176466066,
    "dbms": 0.0,
    "os": 0.0,
    "cn": 0.0,
    "system_design": 0.0
  },
  "consecutive_low_scores": 7,
  "safety_constraints_applied": true
}