{
  "total_episodes": 2042,
  "epoch": 5,
  "epoch_episode": 42,
  "question_number": 6,
  "topic": "oops",
  "subtopic": "Inheritance",
  "difficulty": 1.188,
  "performance": 0.33128709324537753,
  "time_taken": 13.687556911829947,
  "actor_loss": -0.004533223372280482,
  "value_loss": 27.241801346806938,
  "entropy_loss": 0.006174694551931098,
  "topic_means": {
    "ds": 0.12779156347746395,
    "algo": 0.0,
    "oops": 0.33128709324537753,
    "dbms": 0.18360609332454142,
    "os": 0.0,
    "cn": 0.0,
    "system_design": 0.0
  },
  "consecutive_low_scores": 5,
  "safety_constraints_applied": true
}