{
  "total_episodes": 1264,
  "epoch": 3,
  "epoch_episode": 264,
  "question_number": 10,
  "topic": "ds",
  "subtopic": "Arrays",
  "difficulty": 1.188,
  "performance": 0.09252947738359318,
  "time_taken": 9.24785923556154,
  "actor_loss": 0.001687894106813127,
  "value_loss": 22.542135537831136,
  "entropy_loss": 1.650175300291045e-05,
  "topic_means": {
    "ds": 0.1186194433645034,
    "algo": 0.10107927853051457,
    "oops": 0.26527590065472845,
    "dbms": 0.0,
    "os": 0.0,
    "cn": 0.0,
    "system_design": 0.14489479316740142
  },
  "consecutive_low_scores": 9,
  "safety_constraints_applied": true
}