{
  "total_episodes": 1498,
  "epoch": 3,
  "epoch_episode": 498,
  "question_number": 6,
  "topic": "oops",
  "subtopic": "Abstraction",
  "difficulty": 1.188,
  "performance": 0.12353589195710385,
  "time_taken": 10.279155063479537,
  "actor_loss": -0.00037303433451796596,
  "value_loss": 33.258681997904475,
  "entropy_loss": 0.001467212350236495,
  "topic_means": {
    "ds": 0.4588182985809296,
    "algo": 0.1381346480062624,
    "oops": 0.12353589195710385,
    "dbms": 0.0,
    "os": 0.18849819415417624,
    "cn": 0.0,
    "system_design": 0.0
  },
  "consecutive_low_scores": 3,
  "safety_constraints_applied": true
}