{
  "total_episodes": 106,
  "epoch": 1,
  "epoch_episode": 106,
  "question_number": 6,
  "topic": "ds",
  "subtopic": "Heaps",
  "difficulty": 3.012684645858649,
  "performance": 0.07666297873087241,
  "time_taken": 20.622605370485537,
  "actor_loss": -5.6135919416125736e-05,
  "value_loss": 25.6665283860387,
  "entropy_loss": -0.00785474082249515,
  "topic_means": {
    "ds": 0.10966060076645519,
    "algo": 0.3161689470677439,
    "oops": 0.0,
    "dbms": 0.0,
    "os": 0.0,
    "cn": 0.0,
    "system_design": 0.15759589309425387
  },
  "consecutive_low_scores": 3,
  "safety_constraints_applied": true
}