{
  "total_episodes": 1895,
  "epoch": 4,
  "epoch_episode": 395,
  "question_number": 4,
  "topic": "oops",
  "subtopic": "Design Patterns",
  "difficulty": 1.188,
  "performance": 0.1072586903761167,
  "time_taken": 12.21892623758973,
  "actor_loss": -0.0008532020013511325,
  "value_loss": 20.285561052839284,
  "entropy_loss": 0.0035825687343288585,
  "topic_means": {
    "ds": 0.12623351147917525,
    "algo": 0.1614198624661473,
    "oops": 0.1072586903761167,
    "dbms": 0.0,
    "os": 0.0,
    "cn": 0.0,
    "system_design": 0.0
  },
  "consecutive_low_scores": 3,
  "safety_constraints_applied": true
}