{
  "total_episodes": 2045,
  "epoch": 5,
  "epoch_episode": 45,
  "question_number": 8,
  "topic": "oops",
  "subtopic": "Polymorphism",
  "difficulty": 4.158537189734565,
  "performance": 0.35588437346779034,
  "time_taken": 17.355499543121272,
  "actor_loss": 0.00897881952308274,
  "value_loss": 23.400115895261962,
  "entropy_loss": 0.005981073905351448,
  "topic_means": {
    "ds": 0.1522781953628346,
    "algo": 0.46315923072516996,
    "oops": 0.4699252585930358,
    "dbms": 0.0,
    "os": 0.0,
    "cn": 0.0,
    "system_design": 0.0
  },
  "consecutive_low_scores": 1,
  "safety_constraints_applied": true
}