{
  "total_episodes": 1415,
  "epoch": 3,
  "epoch_episode": 415,
  "question_number": 4,
  "topic": "oops",
  "subtopic": "Inheritance",
  "difficulty": 1.188,
  "performance": 0.13559875919563416,
  "time_taken": 16.18050298251285,
  "actor_loss": 0.00017209392697400684,
  "value_loss": 22.942302160486406,
  "entropy_loss": -0.0006379016594144226,
  "topic_means": {
    "ds": 0.0,
    "algo": 0.256893260835123,
    "oops": 0.15151147126212683,
    "dbms": 0.0,
    "os": 0.0,
    "cn": 0.0,
    "system_design": 0.0
  },
  "consecutive_low_scores": 3,
  "safety_constraints_applied": true
}