{
  "total_episodes": 1191,
  "epoch": 3,
  "epoch_episode": 191,
  "question_number": 4,
  "topic": "ds",
  "subtopic": "Linked Lists",
  "difficulty": 1.584,
  "performance": 0.11183562477764947,
  "time_taken": 8.118751422549968,
  "actor_loss": 0.004558416879236879,
  "value_loss": 24.230252125751228,
  "entropy_loss": -0.0007426647806236115,
  "topic_means": {
    "ds": 0.13414471138350262,
    "algo": 0.23977230981167458,
    "oops": 0.0,
    "dbms": 0.0,
    "os": 0.0,
    "cn": 0.0,
    "system_design": 0.0
  },
  "consecutive_low_scores": 3,
  "safety_constraints_applied": true
}