{
  "total_episodes": 1661,
  "epoch": 4,
  "epoch_episode": 161,
  "question_number": 8,
  "topic": "oops",
  "subtopic": "Inheritance",
  "difficulty": 2.683753713327478,
  "performance": 0.2663151102352673,
  "time_taken": 14.693820850497172,
  "actor_loss": -7.551613374811827e-05,
  "value_loss": 32.3730109365783,
  "entropy_loss": 0.0021747657528885687,
  "topic_means": {
    "ds": 0.2859313878410187,
    "algo": 0.24651346297670051,
    "oops": 0.40544313863825066,
    "dbms": 0.0,
    "os": 0.0,
    "cn": 0.0,
    "system_design": 0.0
  },
  "consecutive_low_scores": 4,
  "safety_constraints_applied": true
}