{
  "total_episodes": 432,
  "epoch": 1,
  "epoch_episode": 432,
  "question_number": 10,
  "topic": "algo",
  "subtopic": "Greedy",
  "difficulty": 1.584,
  "performance": 0.2696573347728697,
  "time_taken": 12.124734488562519,
  "actor_loss": 0.004386130626877009,
  "value_loss": 22.11094215407339,
  "entropy_loss": -0.003306571771505355,
  "topic_means": {
    "ds": 0.12843885759829,
    "algo": 0.3444190711622617,
    "oops": 0.09555840440237244,
    "dbms": 0.0,
    "os": 0.0,
    "cn": 0.15085234195857714,
    "system_design": 0.0
  },
  "consecutive_low_scores": 6,
  "safety_constraints_applied": true
}