{
  "total_episodes": 285,
  "epoch": 1,
  "epoch_episode": 285,
  "question_number": 8,
  "topic": "algo",
  "subtopic": "Greedy",
  "difficulty": 1.188,
  "performance": 0.09032029263628141,
  "time_taken": 13.620436669732602,
  "actor_loss": -0.0016511184505618407,
  "value_loss": 25.477777742798768,
  "entropy_loss": -0.005432918929448941,
  "topic_means": {
    "ds": 0.4459498132381848,
    "algo": 0.11843771855885335,
    "oops": 0.11577907835174504,
    "dbms": 0.0,
    "os": 0.0,
    "cn": 0.0,
    "system_design": 0.0
  },
  "consecutive_low_scores": 6,
  "safety_constraints_applied": true
}