{
  "total_episodes": 1690,
  "epoch": 4,
  "epoch_episode": 190,
  "question_number": 6,
  "topic": "oops",
  "subtopic": "Polymorphism",
  "difficulty": 2.746835981507345,
  "performance": 0.3484105130406476,
  "time_taken": 14.074971764305666,
  "actor_loss": -0.0034890611283306173,
  "value_loss": 25.90066194972759,
  "entropy_loss": 0.0013015323158794409,
  "topic_means": {
    "ds": 0.4162141750376489,
    "algo": 0.24607509767130237,
    "oops": 0.32611752746974393,
    "dbms": 0.0,
    "os": 0.0,
    "cn": 0.0,
    "system_design": 0.0
  },
  "consecutive_low_scores": 2,
  "safety_constraints_applied": true
}