{
  "total_episodes": 1840,
  "epoch": 4,
  "epoch_episode": 340,
  "question_number": 10,
  "topic": "ds",
  "subtopic": "Linked Lists",
  "difficulty": 1.188,
  "performance": 0.08797296672740562,
  "time_taken": 11.417035004124882,
  "actor_loss": -0.004712076349384543,
  "value_loss": 27.667963156090565,
  "entropy_loss": 0.004322100200730857,
  "topic_means": {
    "ds": 0.1091259663199615,
    "algo": 0.23340824296964838,
    "oops": 0.3212502238870678,
    "dbms": 0.0,
    "os": 0.0,
    "cn": 0.0,
    "system_design": 0.0
  },
  "consecutive_low_scores": 8,
  "safety_constraints_applied": true
}