{
  "total_episodes": 490,
  "epoch": 1,
  "epoch_episode": 490,
  "question_number": 6,
  "topic": "ds",
  "subtopic": "Linked Lists",
  "difficulty": 2.5158842584351304,
  "performance": 0.13125931321886236,
  "time_taken": 13.948205303893056,
  "actor_loss": -0.0002943463401814707,
  "value_loss": 22.13179781971746,
  "entropy_loss": -0.0020206739959302148,
  "topic_means": {
    "ds": 0.1401735654421814,
    "algo": 0.15325907420656779,
    "oops": 0.3293433859536332,
    "dbms": 0.0,
    "os": 0.0,
    "cn": 0.1450203085365181,
    "system_design": 0.0
  },
  "consecutive_low_scores": 4,
  "safety_constraints_applied": true
}