{
  "total_episodes": 720,
  "epoch": 2,
  "epoch_episode": 220,
  "question_number": 10,
  "topic": "oops",
  "subtopic": "Classes",
  "difficulty": 1.188,
  "performance": 0.08431181375411093,
  "time_taken": 17.839891995449968,
  "actor_loss": -0.0010784593722557119,
  "value_loss": 26.685836208049153,
  "entropy_loss": -0.0005846315355921835,
  "topic_means": {
    "ds": 0.12620015337843443,
    "algo": 0.0,
    "oops": 0.17054119452214236,
    "dbms": 0.0,
    "os": 0.0,
    "cn": 0.0,
    "system_design": 0.0
  },
  "consecutive_low_scores": 8,
  "safety_constraints_applied": true
}