{
  "total_episodes": 2349,
  "epoch": 5,
  "epoch_episode": 349,
  "question_number": 8,
  "topic": "oops",
  "subtopic": "Abstraction",
  "difficulty": 2.695170340581819,
  "performance": 0.05960444677954532,
  "time_taken": 12.30072407288201,
  "actor_loss": 0.11906744294410934,
  "value_loss": 30.26747129989198,
  "entropy_loss": 0.010187619199475306,
  "topic_means": {
    "ds": 0.13483955155970656,
    "algo": 0.42241288981117336,
    "oops": 0.09565494563946185,
    "dbms": 0.0,
    "os": 0.0,
    "cn": 0.0,
    "system_design": 0.0
  },
  "consecutive_low_scores": 4,
  "safety_constraints_applied": true
}