{
  "total_episodes": 1607,
  "epoch": 4,
  "epoch_episode": 107,
  "question_number": 4,
  "topic": "oops",
  "subtopic": "Abstraction",
  "difficulty": 2.4504923266327103,
  "performance": 0.09850502232279675,
  "time_taken": 7.238198914353348,
  "actor_loss": 0.009684565604390283,
  "value_loss": 22.378985426979757,
  "entropy_loss": 0.0009846042507471754,
  "topic_means": {
    "ds": 0.4459721625924437,
    "algo": 0.11451208272639565,
    "oops": 0.09850502232279675,
    "dbms": 0.0,
    "os": 0.1523829162458733,
    "cn": 0.0,
    "system_design": 0.0
  },
  "consecutive_low_scores": 2,
  "safety_constraints_applied": true
}