{
  "total_episodes": 164,
  "epoch": 1,
  "epoch_episode": 164,
  "question_number": 2,
  "topic": "oops",
  "subtopic": "Classes",
  "difficulty": 3.4393845933483473,
  "performance": 0.14958101291286935,
  "time_taken": 13.863926803512552,
  "actor_loss": 0.0007012807817956754,
  "value_loss": 25.01413950768501,
  "entropy_loss": -0.006372636932976189,
  "topic_means": {
    "ds": 0.0,
    "algo": 0.0,
    "oops": 0.14958101291286935,
    "dbms": 0.0,
    "os": 0.0,
    "cn": 0.14646153111611582,
    "system_design": 0.0
  },
  "consecutive_low_scores": 1,
  "safety_constraints_applied": true
}