{
  "total_episodes": 1892,
  "epoch": 4,
  "epoch_episode": 392,
  "question_number": 2,
  "topic": "algo",
  "subtopic": "Backtracking",
  "difficulty": 4.514028454466861,
  "performance": 0.15415871744381854,
  "time_taken": 13.41612127926269,
  "actor_loss": -0.0006791605817820498,
  "value_loss": 27.45228568001487,
  "entropy_loss": 0.0040566708219495,
  "topic_means": {
    "ds": 0.17134281815562027,
    "algo": 0.15415871744381854,
    "oops": 0.0,
    "dbms": 0.0,
    "os": 0.0,
    "cn": 0.0,
    "system_design": 0.0
  },
  "consecutive_low_scores": 1,
  "safety_constraints_applied": true
}