{
  "total_episodes": 2128,
  "epoch": 5,
  "epoch_episode": 128,
  "question_number": 10,
  "topic": "ds",
  "subtopic": "Arrays",
  "difficulty": 2.7683530785787283,
  "performance": 0.31745896417926783,
  "time_taken": 15.824061687170396,
  "actor_loss": 0.0396854477064115,
  "value_loss": 33.25541336228635,
  "entropy_loss": 0.007984733997414301,
  "topic_means": {
    "ds": 0.4411592903500913,
    "algo": 0.3218331077225481,
    "oops": 0.2716626993485045,
    "dbms": 0.0,
    "os": 0.30090332493914834,
    "cn": 0.0,
    "system_design": 0.0
  },
  "consecutive_low_scores": 2,
  "safety_constraints_applied": true
}