{
  "total_episodes": 692,
  "epoch": 2,
  "epoch_episode": 192,
  "question_number": 2,
  "topic": "oops",
  "subtopic": "Classes",
  "difficulty": 3.4824230683556343,
  "performance": 0.16974339029174798,
  "time_taken": 10.80668402930533,
  "actor_loss": -6.191164961065025e-05,
  "value_loss": 27.314558220391604,
  "entropy_loss": -0.001066364650573817,
  "topic_means": {
    "ds": 0.0,
    "algo": 0.0,
    "oops": 0.16974339029174798,
    "dbms": 0.16080768945187812,
    "os": 0.0,
    "cn": 0.0,
    "system_design": 0.0
  },
  "consecutive_low_scores": 1,
  "safety_constraints_applied": true
}