{
  "total_episodes": 2256,
  "epoch": 5,
  "epoch_episode": 256,
  "question_number": 10,
  "topic": "algo",
  "subtopic": "Searching",
  "difficulty": 1.188,
  "performance": 0.07734486554458023,
  "time_taken": 12.019975085740352,
  "actor_loss": 0.046896358920311056,
  "value_loss": 21.6229439822531,
  "entropy_loss": 0.009558705398805377,
  "topic_means": {
    "ds": 0.2958858378520483,
    "algo": 0.10363998649978941,
    "oops": 0.11529332869615755,
    "dbms": 0.0,
    "os": 0.0,
    "cn": 0.15936559349128102,
    "system_design": 0.0
  },
  "consecutive_low_scores": 8,
  "safety_constraints_applied": true
}