{
  "total_episodes": 2452,
  "epoch": 5,
  "epoch_episode": 452,
  "question_number": 2,
  "topic": "oops",
  "subtopic": "Polymorphism",
  "difficulty": 3.7271015943500467,
  "performance": 0.15539781419214163,
  "time_taken": 15.844629603280326,
  "actor_loss": 0.10140233119121134,
  "value_loss": 27.45355052538888,
  "entropy_loss": 0.01179402961455737,
  "topic_means": {
    "ds": 0.24236719811668234,
    "algo": 0.0,
    "oops": 0.15539781419214163,
    "dbms": 0.0,
    "os": 0.0,
    "cn": 0.0,
    "system_design": 0.0
  },
  "consecutive_low_scores": 1,
  "safety_constraints_applied": true
}