{
  "total_episodes": 2048,
  "epoch": 5,
  "epoch_episode": 48,
  "question_number": 10,
  "topic": "oops",
  "subtopic": "Abstraction",
  "difficulty": 2.4002246999677546,
  "performance": 0.35432039958488515,
  "time_taken": 8.638054480782083,
  "actor_loss": 0.019069322554195526,
  "value_loss": 22.01979564105695,
  "entropy_loss": 0.005722818564686173,
  "topic_means": {
    "ds": 0.1605723788680119,
    "algo": 0.1542463277565364,
    "oops": 0.2993702772313304,
    "dbms": 0.0,
    "os": 0.0,
    "cn": 0.0,
    "system_design": 0.0
  },
  "consecutive_low_scores": 7,
  "safety_constraints_applied": true
}