{
  "total_episodes": 1344,
  "epoch": 3,
  "epoch_episode": 344,
  "question_number": 10,
  "topic": "oops",
  "subtopic": "Abstraction",
  "difficulty": 1.584,
  "performance": 0.1720871425933236,
  "time_taken": 15.11754384825391,
  "actor_loss": -0.0033843566537076672,
  "value_loss": 23.837593200855295,
  "entropy_loss": -0.0009110530598218499,
  "topic_means": {
    "ds": 0.11099183700405907,
    "algo": 0.21710988355312552,
    "oops": 0.20563014785525377,
    "dbms": 0.3477338382008431,
    "os": 0.0,
    "cn": 0.0,
    "system_design": 0.0
  },
  "consecutive_low_scores": 8,
  "safety_constraints_applied": true
}