{
  "total_episodes": 2234,
  "epoch": 5,
  "epoch_episode": 234,
  "question_number": 6,
  "topic": "oops",
  "subtopic": "Design Patterns",
  "difficulty": 1.188,
  "performance": 0.397234999830138,
  "time_taken": 10.267949374237931,
  "actor_loss": 0.08142502943495629,
  "value_loss": 28.18773489990997,
  "entropy_loss": 0.009706598255658195,
  "topic_means": {
    "ds": 0.12245954602299172,
    "algo": 0.0,
    "oops": 0.397234999830138,
    "dbms": 0.0,
    "os": 0.0,
    "cn": 0.21089606474132516,
    "system_design": 0.0
  },
  "consecutive_low_scores": 5,
  "safety_constraints_applied": true
}