{
  "total_episodes": 109,
  "epoch": 1,
  "epoch_episode": 109,
  "question_number": 8,
  "topic": "oops",
  "subtopic": "Classes",
  "difficulty": 2.6236474454897,
  "performance": 0.3702688895659698,
  "time_taken": 11.173561735294822,
  "actor_loss": -0.0017670796196116519,
  "value_loss": 28.246795369395112,
  "entropy_loss": -0.007813836366721488,
  "topic_means": {
    "ds": 0.4289707536418783,
    "algo": 0.15178495146478538,
    "oops": 0.3363730729557728,
    "dbms": 0.0,
    "os": 0.0,
    "cn": 0.0,
    "system_design": 0.0
  },
  "consecutive_low_scores": 2,
  "safety_constraints_applied": true
}