{
  "total_episodes": 2276,
  "epoch": 5,
  "epoch_episode": 276,
  "question_number": 2,
  "topic": "oops",
  "subtopic": "Classes",
  "difficulty": 3.7327751301055585,
  "performance": 0.2450365128547157,
  "time_taken": 15.8569743751838,
  "actor_loss": 0.08777456962227644,
  "value_loss": 19.671612102139257,
  "entropy_loss": 0.009989918466153725,
  "topic_means": {
    "ds": 0.0,
    "algo": 0.0,
    "oops": 0.24464744477828432,
    "dbms": 0.0,
    "os": 0.0,
    "cn": 0.0,
    "system_design": 0.0
  },
  "consecutive_low_scores": 1,
  "safety_constraints_applied": true
}