{
  "total_episodes": 1050,
  "epoch": 3,
  "epoch_episode": 50,
  "question_number": 6,
  "topic": "algo",
  "subtopic": "Sorting",
  "difficulty": 3.1499209143902434,
  "performance": 0.46052886385281866,
  "time_taken": 8.477795230310313,
  "actor_loss": -0.006078829063247824,
  "value_loss": 26.59212735977777,
  "entropy_loss": -0.002726925872483811,
  "topic_means": {
    "ds": 0.16313855280635625,
    "algo": 0.4479566890118041,
    "oops": 0.0,
    "dbms": 0.0,
    "os": 0.0,
    "cn": 0.0,
    "system_design": 0.26779960205386716
  },
  "consecutive_low_scores": 3,
  "safety_constraints_applied": true
}