{
  "total_episodes": 2311,
  "epoch": 5,
  "epoch_episode": 311,
  "question_number": 4,
  "topic": "algo",
  "subtopic": "Sorting",
  "difficulty": 1.188,
  "performance": 0.24757597019290695,
  "time_taken": 14.62601425014597,
  "actor_loss": 0.015765590726627518,
  "value_loss": 20.09952933784082,
  "entropy_loss": 0.010297528449099985,
  "topic_means": {
    "ds": 0.1405498858787909,
    "algo": 0.19392044462804797,
    "oops": 0.0,
    "dbms": 0.0,
    "os": 0.0,
    "cn": 0.0,
    "system_design": 0.0
  },
  "consecutive_low_scores": 3,
  "safety_constraints_applied": true
}