{
  "total_episodes": 388,
  "epoch": 1,
  "epoch_episode": 388,
  "question_number": 2,
  "topic": "oops",
  "subtopic": "Abstraction",
  "difficulty": 3.434144946669178,
  "performance": 0.5547799632781766,
  "time_taken": 8.17001012374597,
  "actor_loss": 0.0012158137038415424,
  "value_loss": 24.402262448472765,
  "entropy_loss": -0.00480899847206932,
  "topic_means": {
    "ds": 0.0,
    "algo": 0.0,
    "oops": 0.34974747275061796,
    "dbms": 0.0,
    "os": 0.0,
    "cn": 0.0,
    "system_design": 0.0
  },
  "consecutive_low_scores": 1,
  "safety_constraints_applied": true
}