{
  "total_episodes": 1959,
  "epoch": 4,
  "epoch_episode": 459,
  "question_number": 4,
  "topic": "oops",
  "subtopic": "Design Patterns",
  "difficulty": 5.062787928364674,
  "performance": 0.1465107248024306,
  "time_taken": 12.686334993195173,
  "actor_loss": -0.0030781447583929935,
  "value_loss": 22.636844289634038,
  "entropy_loss": 0.004735983718886871,
  "topic_means": {
    "ds": 0.0,
    "algo": 0.3804139786571812,
    "oops": 0.1465107248024306,
    "dbms": 0.0,
    "os": 0.0,
    "cn": 0.0,
    "system_design": 0.30195997105031125
  },
  "consecutive_low_scores": 0,
  "safety_constraints_applied": true
}