{
  "total_episodes": 538,
  "epoch": 2,
  "epoch_episode": 38,
  "question_number": 6,
  "topic": "ds",
  "subtopic": "Arrays",
  "difficulty": 2.4244026203553704,
  "performance": 0.13361529343381148,
  "time_taken": 13.556269425821371,
  "actor_loss": 0.0007349820796304748,
  "value_loss": 27.144756301499918,
  "entropy_loss": -0.0016525756976744066,
  "topic_means": {
    "ds": 0.15599693914118176,
    "algo": 0.0,
    "oops": 0.3575043613479253,
    "dbms": 0.0,
    "os": 0.0,
    "cn": 0.0,
    "system_design": 0.0
  },
  "consecutive_low_scores": 3,
  "safety_constraints_applied": true
}