{
  "total_episodes": 314,
  "epoch": 1,
  "epoch_episode": 314,
  "question_number": 6,
  "topic": "oops",
  "subtopic": "Polymorphism",
  "difficulty": 2.649972418660662,
  "performance": 0.07690904487125597,
  "time_taken": 12.740225506635072,
  "actor_loss": -0.0005691057388300398,
  "value_loss": 21.858412404591586,
  "entropy_loss": -0.005385684876749959,
  "topic_means": {
    "ds": 0.0,
    "algo": 0.45275391970485596,
    "oops": 0.11875144033223999,
    "dbms": 0.16080768945187812,
    "os": 0.0,
    "cn": 0.0,
    "system_design": 0.0
  },
  "consecutive_low_scores": 3,
  "safety_constraints_applied": true
}