{
  "total_episodes": 2436,
  "epoch": 5,
  "epoch_episode": 436,
  "question_number": 2,
  "topic": "algo",
  "subtopic": "Backtracking",
  "difficulty": 4.628077787125286,
  "performance": 0.14839665126268098,
  "time_taken": 12.812589590232681,
  "actor_loss": 0.10319018782858169,
  "value_loss": 21.077396358557543,
  "entropy_loss": 0.011505552481106757,
  "topic_means": {
    "ds": 0.0,
    "algo": 0.14839665126268098,
    "oops": 0.0,
    "dbms": 0.0,
    "os": 0.0,
    "cn": 0.2772425273664959,
    "system_design": 0.0
  },
  "consecutive_low_scores": 1,
  "safety_constraints_applied": false
}