{
  "total_episodes": 90,
  "epoch": 1,
  "epoch_episode": 90,
  "question_number": 6,
  "topic": "oops",
  "subtopic": "Abstraction",
  "difficulty": 4.06960482796466,
  "performance": 0.54309976364656,
  "time_taken": 6.940999158034214,
  "actor_loss": -0.0017978196087783701,
  "value_loss": 36.050257534287574,
  "entropy_loss": -0.008041703067274853,
  "topic_means": {
    "ds": 0.1522781953628346,
    "algo": 0.0,
    "oops": 0.49273343561808486,
    "dbms": 0.0,
    "os": 0.0,
    "cn": 0.0,
    "system_design": 0.0
  },
  "consecutive_low_scores": 1,
  "safety_constraints_applied": true
}