{
  "total_episodes": 400,
  "epoch": 1,
  "epoch_episode": 400,
  "question_number": 10,
  "topic": "oops",
  "subtopic": "Polymorphism",
  "difficulty": 5.299381592091292,
  "performance": 0.09247344394733867,
  "time_taken": 11.553168170126122,
  "actor_loss": 0.0015577601025425374,
  "value_loss": 24.35463387830969,
  "entropy_loss": -0.0043778986664534045,
  "topic_means": {
    "ds": 0.41670240243384676,
    "algo": 0.4017674154429591,
    "oops": 0.09247344394733867,
    "dbms": 0.0,
    "os": 0.0,
    "cn": 0.0,
    "system_design": 0.0
  },
  "consecutive_low_scores": 0,
  "safety_constraints_applied": true
}