{
  "total_episodes": 1021,
  "epoch": 3,
  "epoch_episode": 21,
  "question_number": 8,
  "topic": "ds",
  "subtopic": "Arrays",
  "difficulty": 1.188,
  "performance": 0.0981766435099955,
  "time_taken": 16.772035827784034,
  "actor_loss": -0.007193681375742195,
  "value_loss": 27.172958109628564,
  "entropy_loss": -0.002383135232450383,
  "topic_means": {
    "ds": 0.18701390532613898,
    "algo": 0.12452163149346812,
    "oops": 0.36449159096476574,
    "dbms": 0.0,
    "os": 0.0,
    "cn": 0.0,
    "system_design": 0.15654540940936273
  },
  "consecutive_low_scores": 6,
  "safety_constraints_applied": true
}