{
  "total_episodes": 2231,
  "epoch": 5,
  "epoch_episode": 231,
  "question_number": 4,
  "topic": "algo",
  "subtopic": "Searching",
  "difficulty": 1.188,
  "performance": 0.2309848249920945,
  "time_taken": 12.250512338117794,
  "actor_loss": 0.24804756751099064,
  "value_loss": 23.785960320771466,
  "entropy_loss": 0.009808630800617096,
  "topic_means": {
    "ds": 0.0,
    "algo": 0.2309848249920945,
    "oops": 0.15257016831554274,
    "dbms": 0.0,
    "os": 0.0,
    "cn": 0.0,
    "system_design": 0.0
  },
  "consecutive_low_scores": 3,
  "safety_constraints_applied": true
}