{
  "total_episodes": 1005,
  "epoch": 3,
  "epoch_episode": 5,
  "question_number": 8,
  "topic": "ds",
  "subtopic": "Trees",
  "difficulty": 3.4591867497035755,
  "performance": 0.15440495243585503,
  "time_taken": 11.071455266181434,
  "actor_loss": -0.010454398965542448,
  "value_loss": 23.541997296447608,
  "entropy_loss": -0.0023625824791872287,
  "topic_means": {
    "ds": 0.1478904539172703,
    "algo": 0.1670842093984894,
    "oops": 0.3874766013403576,
    "dbms": 0.0,
    "os": 0.2542128664929778,
    "cn": 0.0,
    "system_design": 0.0
  },
  "consecutive_low_scores": 3,
  "safety_constraints_applied": true
}