{
  "total_episodes": 1252,
  "epoch": 3,
  "epoch_episode": 252,
  "question_number": 2,
  "topic": "ds",
  "subtopic": "Arrays",
  "difficulty": 3.5014014115754044,
  "performance": 0.2633129521418938,
  "time_taken": 18.50865743183046,
  "actor_loss": -0.004202486095858915,
  "value_loss": 26.216396383482646,
  "entropy_loss": 0.0003043436318828564,
  "topic_means": {
    "ds": 0.2633129521418938,
    "algo": 0.16713380385846804,
    "oops": 0.0,
    "dbms": 0.0,
    "os": 0.0,
    "cn": 0.0,
    "system_design": 0.0
  },
  "consecutive_low_scores": 1,
  "safety_constraints_applied": true
}