{
  "total_episodes": 1140,
  "epoch": 3,
  "epoch_episode": 140,
  "question_number": 2,
  "topic": "ds",
  "subtopic": "Arrays",
  "difficulty": 3.5135806143011536,
  "performance": 0.15348209573209887,
  "time_taken": 15.889115499714114,
  "actor_loss": -0.0008538539789861591,
  "value_loss": 23.90844386152505,
  "entropy_loss": -0.0019374139174554955,
  "topic_means": {
    "ds": 0.15348209573209887,
    "algo": 0.17119353810038457,
    "oops": 0.0,
    "dbms": 0.0,
    "os": 0.0,
    "cn": 0.0,
    "system_design": 0.0
  },
  "consecutive_low_scores": 1,
  "safety_constraints_applied": true
}