{
  "total_episodes": 765,
  "epoch": 2,
  "epoch_episode": 265,
  "question_number": 8,
  "topic": "oops",
  "subtopic": "Inheritance",
  "difficulty": 2.4189139485494917,
  "performance": 0.23933953162519425,
  "time_taken": 10.925749361878593,
  "actor_loss": -0.006414256652432686,
  "value_loss": 27.98754510171073,
  "entropy_loss": -0.0006031818017202559,
  "topic_means": {
    "ds": 0.21443056305549693,
    "algo": 0.2059538684965062,
    "oops": 0.22847317760733293,
    "dbms": 0.0,
    "os": 0.0,
    "cn": 0.0,
    "system_design": 0.0
  },
  "consecutive_low_scores": 5,
  "safety_constraints_applied": true
}