{
  "total_episodes": 2004,
  "epoch": 5,
  "epoch_episode": 4,
  "question_number": 2,
  "topic": "algo",
  "subtopic": "Searching",
  "difficulty": 4.567797261646587,
  "performance": 0.4703638692062758,
  "time_taken": 9.880469805325834,
  "actor_loss": 0.004787074345133177,
  "value_loss": 27.216705064474848,
  "entropy_loss": 0.005252202598970508,
  "topic_means": {
    "ds": 0.0,
    "algo": 0.4703638692062758,
    "oops": 0.0,
    "dbms": 0.0,
    "os": 0.18926575388219558,
    "cn": 0.0,
    "system_design": 0.0
  },
  "consecutive_low_scores": 1,
  "safety_constraints_applied": true
}