{
  "total_episodes": 1527,
  "epoch": 4,
  "epoch_episode": 27,
  "question_number": 4,
  "topic": "algo",
  "subtopic": "Dynamic Programming",
  "difficulty": 3.825680472873284,
  "performance": 0.3233501654777491,
  "time_taken": 14.338940579979695,
  "actor_loss": -0.002512260253170375,
  "value_loss": 21.46640400824592,
  "entropy_loss": 0.0006400643188085654,
  "topic_means": {
    "ds": 0.3553736031604045,
    "algo": 0.3230375858577741,
    "oops": 0.0,
    "dbms": 0.14758186347507993,
    "os": 0.0,
    "cn": 0.0,
    "system_design": 0.0
  },
  "consecutive_low_scores": 1,
  "safety_constraints_applied": true
}