{
  "total_episodes": 1677,
  "epoch": 4,
  "epoch_episode": 177,
  "question_number": 8,
  "topic": "algo",
  "subtopic": "Searching",
  "difficulty": 1.188,
  "performance": 0.12097407014025438,
  "time_taken": 16.69518680550703,
  "actor_loss": 0.0008482921636935231,
  "value_loss": 23.725749836272918,
  "entropy_loss": 0.0011366380226829132,
  "topic_means": {
    "ds": 0.12033446771170273,
    "algo": 0.13545324409960202,
    "oops": 0.23939993893069883,
    "dbms": 0.0,
    "os": 0.0,
    "cn": 0.0,
    "system_design": 0.0
  },
  "consecutive_low_scores": 6,
  "safety_constraints_applied": true
}