{
  "total_episodes": 304,
  "epoch": 1,
  "epoch_episode": 304,
  "question_number": 10,
  "topic": "algo",
  "subtopic": "Dynamic Programming",
  "difficulty": 2.716510885427448,
  "performance": 0.07091194919092511,
  "time_taken": 17.706594979945393,
  "actor_loss": -7.656481500159656e-05,
  "value_loss": 32.515269369040084,
  "entropy_loss": -0.0054955119871399295,
  "topic_means": {
    "ds": 0.2049145145580054,
    "algo": 0.110658614740027,
    "oops": 0.39973044386963463,
    "dbms": 0.0,
    "os": 0.0,
    "cn": 0.0,
    "system_design": 0.0
  },
  "consecutive_low_scores": 5,
  "safety_constraints_applied": true
}