{
  "total_episodes": 1808,
  "epoch": 4,
  "epoch_episode": 308,
  "question_number": 10,
  "topic": "oops",
  "subtopic": "Classes",
  "difficulty": 2.3932230807420907,
  "performance": 0.46372143102377034,
  "time_taken": 6.882866930408208,
  "actor_loss": -0.000783070364906864,
  "value_loss": 23.800391076136798,
  "entropy_loss": 0.0035141959521731657,
  "topic_means": {
    "ds": 0.12257763578179647,
    "algo": 0.15412396495220743,
    "oops": 0.44830681173523274,
    "dbms": 0.0,
    "os": 0.0,
    "cn": 0.0,
    "system_design": 0.0
  },
  "consecutive_low_scores": 6,
  "safety_constraints_applied": true
}