{
  "total_episodes": 996,
  "epoch": 2,
  "epoch_episode": 496,
  "question_number": 2,
  "topic": "ds",
  "subtopic": "Linked Lists",
  "difficulty": 3.441232550244902,
  "performance": 0.42541919817655227,
  "time_taken": 10.204708004656196,
  "actor_loss": 0.0061412023764569855,
  "value_loss": 24.8753371936854,
  "entropy_loss": -0.0026609141256097356,
  "topic_means": {
    "ds": 0.42541919817655227,
    "algo": 0.0,
    "oops": 0.0,
    "dbms": 0.1470775167483007,
    "os": 0.0,
    "cn": 0.0,
    "system_design": 0.0
  },
  "consecutive_low_scores": 1,
  "safety_constraints_applied": true
}