{
  "total_episodes": 1060,
  "epoch": 3,
  "epoch_episode": 60,
  "question_number": 2,
  "topic": "oops",
  "subtopic": "Design Patterns",
  "difficulty": 3.974720081746688,
  "performance": 0.5124278019016383,
  "time_taken": 7.243730492142057,
  "actor_loss": 0.019849069566600704,
  "value_loss": 26.066205438748007,
  "entropy_loss": -0.0027400255951264673,
  "topic_means": {
    "ds": 0.0,
    "algo": 0.0,
    "oops": 0.5124278019016383,
    "dbms": 0.0,
    "os": 0.0,
    "cn": 0.0,
    "system_design": 0.3249066939155627
  },
  "consecutive_low_scores": 0,
  "safety_constraints_applied": true
}