{
  "total_episodes": 1479,
  "epoch": 3,
  "epoch_episode": 479,
  "question_number": 4,
  "topic": "algo",
  "subtopic": "Dynamic Programming",
  "difficulty": 4.027605374275731,
  "performance": 0.45166759465150547,
  "time_taken": 12.009374583019733,
  "actor_loss": 0.001109915354596161,
  "value_loss": 27.840570300600355,
  "entropy_loss": 0.0010875713448462,
  "topic_means": {
    "ds": 0.22581689551138517,
    "algo": 0.4594046215149501,
    "oops": 0.334646830385951,
    "dbms": 0.0,
    "os": 0.0,
    "cn": 0.0,
    "system_design": 0.0
  },
  "consecutive_low_scores": 1,
  "safety_constraints_applied": true
}