{
  "total_episodes": 1709,
  "epoch": 4,
  "epoch_episode": 209,
  "question_number": 8,
  "topic": "ds",
  "subtopic": "Graphs",
  "difficulty": 1.188,
  "performance": 0.08994842534324514,
  "time_taken": 16.436024502521363,
  "actor_loss": -0.00020754523628957605,
  "value_loss": 26.31323829978815,
  "entropy_loss": 0.0018497232550256687,
  "topic_means": {
    "ds": 0.1064122262094338,
    "algo": 0.3512560688684601,
    "oops": 0.1300316950657702,
    "dbms": 0.0,
    "os": 0.0,
    "cn": 0.0,
    "system_design": 0.14581443014043005
  },
  "consecutive_low_scores": 6,
  "safety_constraints_applied": true
}