{
  "total_episodes": 1664,
  "epoch": 4,
  "epoch_episode": 164,
  "question_number": 10,
  "topic": "algo",
  "subtopic": "Dynamic Programming",
  "difficulty": 1.584,
  "performance": 0.11306532311269712,
  "time_taken": 18.945910197667992,
  "actor_loss": -0.007648182440102391,
  "value_loss": 29.73940897326501,
  "entropy_loss": 0.002048490433885883,
  "topic_means": {
    "ds": 0.08632947317249824,
    "algo": 0.33195396401021277,
    "oops": 0.20567458010221762,
    "dbms": 0.27373267680745583,
    "os": 0.0,
    "cn": 0.0,
    "system_design": 0.0
  },
  "consecutive_low_scores": 6,
  "safety_constraints_applied": true
}