{
  "total_episodes": 128,
  "epoch": 1,
  "epoch_episode": 128,
  "question_number": 10,
  "topic": "algo",
  "subtopic": "Backtracking",
  "difficulty": 1.188,
  "performance": 0.09446665733588251,
  "time_taken": 12.310976879512916,
  "actor_loss": -0.0015823319895732486,
  "value_loss": 21.968281968955917,
  "entropy_loss": -0.006736849880687137,
  "topic_means": {
    "ds": 0.1149334063641211,
    "algo": 0.10417399878078176,
    "oops": 0.3068779643368705,
    "dbms": 0.0,
    "os": 0.0,
    "cn": 0.0,
    "system_design": 0.0
  },
  "consecutive_low_scores": 8,
  "safety_constraints_applied": true
}