{
  "total_episodes": 528,
  "epoch": 2,
  "epoch_episode": 28,
  "question_number": 10,
  "topic": "ds",
  "subtopic": "Linked Lists",
  "difficulty": 1.584,
  "performance": 0.27398714064233554,
  "time_taken": 12.266293377739514,
  "actor_loss": 0.0012656565348988969,
  "value_loss": 22.999985172943305,
  "entropy_loss": -0.001610246890153762,
  "topic_means": {
    "ds": 0.21717214761315415,
    "algo": 0.296009990870161,
    "oops": 0.09528638959056555,
    "dbms": 0.0,
    "os": 0.0,
    "cn": 0.0,
    "system_design": 0.0
  },
  "consecutive_low_scores": 7,
  "safety_constraints_applied": true
}