{
  "total_episodes": 820,
  "epoch": 2,
  "epoch_episode": 320,
  "question_number": 2,
  "topic": "algo",
  "subtopic": "Dynamic Programming",
  "difficulty": 4.548616962835153,
  "performance": 0.15769168759855062,
  "time_taken": 11.301122138355487,
  "actor_loss": -0.0038104150255101705,
  "value_loss": 23.44366609561498,
  "entropy_loss": -0.0019437375111441048,
  "topic_means": {
    "ds": 0.18287232094505096,
    "algo": 0.15769168759855062,
    "oops": 0.0,
    "dbms": 0.0,
    "os": 0.0,
    "cn": 0.0,
    "system_design": 0.0
  },
  "consecutive_low_scores": 1,
  "safety_constraints_applied": true
}