{
  "total_episodes": 2496,
  "epoch": 5,
  "epoch_episode": 496,
  "question_number": 10,
  "topic": "ds",
  "subtopic": "Linked Lists",
  "difficulty": 1.584,
  "performance": 0.27398714064233554,
  "time_taken": 12.266293377739514,
  "actor_loss": 0.2211755901065353,
  "value_loss": 30.748087679515567,
  "entropy_loss": 0.012891726732551146,
  "topic_means": {
    "ds": 0.21717214761315415,
    "algo": 0.296009990870161,
    "oops": 0.09528638959056555,
    "dbms": 0.0,
    "os": 0.0,
    "cn": 0.0,
    "system_design": 0.0
  },
  "consecutive_low_scores": 7,
  "safety_constraints_applied": true
}