{
  "total_episodes": 1965,
  "epoch": 4,
  "epoch_episode": 465,
  "question_number": 8,
  "topic": "algo",
  "subtopic": "Dynamic Programming",
  "difficulty": 1.584,
  "performance": 0.09433698381244554,
  "time_taken": 18.654066866700724,
  "actor_loss": -0.0033136234973966975,
  "value_loss": 24.106702736166717,
  "entropy_loss": 0.004575078474603166,
  "topic_means": {
    "ds": 0.3713913870800838,
    "algo": 0.10936752708956375,
    "oops": 0.13915509964077882,
    "dbms": 0.0,
    "os": 0.0,
    "cn": 0.0,
    "system_design": 0.0
  },
  "consecutive_low_scores": 5,
  "safety_constraints_applied": true
}