{
  "total_episodes": 173,
  "epoch": 1,
  "epoch_episode": 173,
  "question_number": 8,
  "topic": "oops",
  "subtopic": "Abstraction",
  "difficulty": 2.026139931926335,
  "performance": 0.08220399439838194,
  "time_taken": 16.734457762240694,
  "actor_loss": 0.0018351967263516248,
  "value_loss": 30.431515633142673,
  "entropy_loss": -0.006223832112053974,
  "topic_means": {
    "ds": 0.13333385026398775,
    "algo": 0.4245014216074091,
    "oops": 0.08220399439838194,
    "dbms": 0.0,
    "os": 0.0,
    "cn": 0.0,
    "system_design": 0.0
  },
  "consecutive_low_scores": 5,
  "safety_constraints_applied": true
}