{
  "total_episodes": 960,
  "epoch": 2,
  "epoch_episode": 460,
  "question_number": 10,
  "topic": "ds",
  "subtopic": "Graphs",
  "difficulty": 2.50992019593862,
  "performance": 0.05467029770025181,
  "time_taken": 13.118143576456513,
  "actor_loss": 0.0003295143754262493,
  "value_loss": 33.62383266134286,
  "entropy_loss": -0.0012447187807526686,
  "topic_means": {
    "ds": 0.09949271764513497,
    "algo": 0.3460783642499247,
    "oops": 0.2998241123135235,
    "dbms": 0.0,
    "os": 0.0,
    "cn": 0.14963283841022498,
    "system_design": 0.0
  },
  "consecutive_low_scores": 7,
  "safety_constraints_applied": true
}