{
  "total_episodes": 525,
  "epoch": 2,
  "epoch_episode": 25,
  "question_number": 8,
  "topic": "algo",
  "subtopic": "Greedy",
  "difficulty": 1.188,
  "performance": 0.11652847779149389,
  "time_taken": 17.722774416420467,
  "actor_loss": 0.0009196338807673947,
  "value_loss": 31.810049333054387,
  "entropy_loss": -0.0016085762038358456,
  "topic_means": {
    "ds": 0.13428558776487912,
    "algo": 0.17721285731251832,
    "oops": 0.14071593286985434,
    "dbms": 0.0,
    "os": 0.0,
    "cn": 0.0,
    "system_design": 0.21658756772860271
  },
  "consecutive_low_scores": 7,
  "safety_constraints_applied": true
}