{
  "total_episodes": 2368,
  "epoch": 5,
  "epoch_episode": 368,
  "question_number": 10,
  "topic": "algo",
  "subtopic": "Sorting",
  "difficulty": 1.584,
  "performance": 0.2770570614147112,
  "time_taken": 15.544072187279822,
  "actor_loss": 0.10180365383471435,
  "value_loss": 21.54838499932019,
  "entropy_loss": 0.010421410434969776,
  "topic_means": {
    "ds": 0.16820291999188208,
    "algo": 0.25349835238909446,
    "oops": 0.1189598753981813,
    "dbms": 0.0,
    "os": 0.23993941309583547,
    "cn": 0.0,
    "system_design": 0.0
  },
  "consecutive_low_scores": 8,
  "safety_constraints_applied": true
}