{
  "total_episodes": 1786,
  "epoch": 4,
  "epoch_episode": 286,
  "question_number": 6,
  "topic": "oops",
  "subtopic": "Abstraction",
  "difficulty": 1.584,
  "performance": 0.28364321773482526,
  "time_taken": 11.301628660986955,
  "actor_loss": 0.0014331064583131374,
  "value_loss": 19.48953931874499,
  "entropy_loss": 0.0016908732622507527,
  "topic_means": {
    "ds": 0.0,
    "algo": 0.14117353096927351,
    "oops": 0.23797153166362048,
    "dbms": 0.0,
    "os": 0.0,
    "cn": 0.0,
    "system_design": 0.0
  },
  "consecutive_low_scores": 5,
  "safety_constraints_applied": true
}