{
  "total_episodes": 1421,
  "epoch": 3,
  "epoch_episode": 421,
  "question_number": 8,
  "topic": "oops",
  "subtopic": "Classes",
  "difficulty": 2.3937914962164895,
  "performance": 0.1373484051496125,
  "time_taken": 15.314133853529981,
  "actor_loss": -0.005360855212222863,
  "value_loss": 24.648656867259454,
  "entropy_loss": 0.0001400671624418543,
  "topic_means": {
    "ds": 0.408838378977123,
    "algo": 0.0717126007889147,
    "oops": 0.2120789634540716,
    "dbms": 0.0,
    "os": 0.0,
    "cn": 0.0,
    "system_design": 0.0
  },
  "consecutive_low_scores": 4,
  "safety_constraints_applied": true
}