{
  "total_episodes": 1210,
  "epoch": 3,
  "epoch_episode": 210,
  "question_number": 6,
  "topic": "algo",
  "subtopic": "Searching",
  "difficulty": 1.188,
  "performance": 0.12034719658752166,
  "time_taken": 14.58147355117499,
  "actor_loss": -0.005637713090470862,
  "value_loss": 20.963090805714714,
  "entropy_loss": -0.0009934376138836646,
  "topic_means": {
    "ds": 0.1376124759080886,
    "algo": 0.13638168389982974,
    "oops": 0.17666132992188155,
    "dbms": 0.0,
    "os": 0.0,
    "cn": 0.17995093938338705,
    "system_design": 0.0
  },
  "consecutive_low_scores": 5,
  "safety_constraints_applied": true
}