{
  "total_episodes": 695,
  "epoch": 2,
  "epoch_episode": 195,
  "question_number": 4,
  "topic": "ds",
  "subtopic": "Graphs",
  "difficulty": 1.584,
  "performance": 0.10010897528848114,
  "time_taken": 14.83029123940679,
  "actor_loss": 0.0005047459129475511,
  "value_loss": 23.190752064045732,
  "entropy_loss": -0.0011004124088729937,
  "topic_means": {
    "ds": 0.10610166861551495,
    "algo": 0.15356139503289365,
    "oops": 0.0,
    "dbms": 0.3292404065943245,
    "os": 0.0,
    "cn": 0.0,
    "system_design": 0.0
  },
  "consecutive_low_scores": 2,
  "safety_constraints_applied": true
}