{
  "total_episodes": 68,
  "epoch": 1,
  "epoch_episode": 68,
  "question_number": 2,
  "topic": "oops",
  "subtopic": "Classes",
  "difficulty": 3.577961561837448,
  "performance": 0.2061594881840484,
  "time_taken": 15.64043809096902,
  "actor_loss": 0.0005070698942406797,
  "value_loss": 28.920188005545846,
  "entropy_loss": -0.008810050539857053,
  "topic_means": {
    "ds": 0.0,
    "algo": 0.0,
    "oops": 0.1994066710649322,
    "dbms": 0.0,
    "os": 0.0,
    "cn": 0.0,
    "system_design": 0.0
  },
  "consecutive_low_scores": 1,
  "safety_constraints_applied": true
}