{
  "total_episodes": 868,
  "epoch": 2,
  "epoch_episode": 368,
  "question_number": 2,
  "topic": "oops",
  "subtopic": "Classes",
  "difficulty": 3.4655504594386426,
  "performance": 0.5074946473566131,
  "time_taken": 7.89446904507686,
  "actor_loss": 0.00480572549809731,
  "value_loss": 27.170373307699794,
  "entropy_loss": -0.0019368792480300248,
  "topic_means": {
    "ds": 0.0,
    "algo": 0.0,
    "oops": 0.5074946473566131,
    "dbms": 0.0,
    "os": 0.15518348647954752,
    "cn": 0.0,
    "system_design": 0.0
  },
  "consecutive_low_scores": 1,
  "safety_constraints_applied": true
}