{
  "total_episodes": 1120,
  "epoch": 3,
  "epoch_episode": 120,
  "question_number": 10,
  "topic": "ds",
  "subtopic": "Linked Lists",
  "difficulty": 1.584,
  "performance": 0.099778958881502,
  "time_taken": 14.985710975550854,
  "actor_loss": 0.00999719480124028,
  "value_loss": 22.487557809901283,
  "entropy_loss": -0.0016922338821198102,
  "topic_means": {
    "ds": 0.12146747881422953,
    "algo": 0.20000873425187848,
    "oops": 0.09501798880781238,
    "dbms": 0.0,
    "os": 0.0,
    "cn": 0.0,
    "system_design": 0.0
  },
  "consecutive_low_scores": 8,
  "safety_constraints_applied": true
}