{
  "total_episodes": 2138,
  "epoch": 5,
  "epoch_episode": 138,
  "question_number": 6,
  "topic": "oops",
  "subtopic": "Polymorphism",
  "difficulty": 1.188,
  "performance": 0.09697555495514268,
  "time_taken": 14.00578570022946,
  "actor_loss": -0.009020872896418949,
  "value_loss": 28.44689897795727,
  "entropy_loss": 0.007642740031439048,
  "topic_means": {
    "ds": 0.17662888804839677,
    "algo": 0.0,
    "oops": 0.1213393229796147,
    "dbms": 0.15723830802721675,
    "os": 0.0,
    "cn": 0.0,
    "system_design": 0.0
  },
  "consecutive_low_scores": 5,
  "safety_constraints_applied": true
}