{
  "total_episodes": 2253,
  "epoch": 5,
  "epoch_episode": 253,
  "question_number": 8,
  "topic": "ds",
  "subtopic": "Graphs",
  "difficulty": 1.188,
  "performance": 0.06926958421691304,
  "time_taken": 15.104278014441288,
  "actor_loss": 0.009203410335773932,
  "value_loss": 23.661212073034182,
  "entropy_loss": 0.009787115861063806,
  "topic_means": {
    "ds": 0.10782023655814198,
    "algo": 0.25027089068336605,
    "oops": 0.34049661272937115,
    "dbms": 0.0,
    "os": 0.0,
    "cn": 0.0,
    "system_design": 0.0
  },
  "consecutive_low_scores": 5,
  "safety_constraints_applied": true
}