{
  "total_episodes": 570,
  "epoch": 2,
  "epoch_episode": 70,
  "question_number": 6,
  "topic": "ds",
  "subtopic": "Trees",
  "difficulty": 1.188,
  "performance": 0.09189493179099327,
  "time_taken": 12.860874116402867,
  "actor_loss": 8.826784936960125e-05,
  "value_loss": 22.56354437634626,
  "entropy_loss": -0.0018075501550300077,
  "topic_means": {
    "ds": 0.1312308320382499,
    "algo": 0.1499324180589497,
    "oops": 0.23939993893069883,
    "dbms": 0.0,
    "os": 0.0,
    "cn": 0.0,
    "system_design": 0.0
  },
  "consecutive_low_scores": 4,
  "safety_constraints_applied": true
}