{
  "total_episodes": 1063,
  "epoch": 3,
  "epoch_episode": 63,
  "question_number": 4,
  "topic": "oops",
  "subtopic": "Inheritance",
  "difficulty": 1.188,
  "performance": 0.26584691421072315,
  "time_taken": 9.02262198550992,
  "actor_loss": -0.004038935248703482,
  "value_loss": 23.796358735669934,
  "entropy_loss": -0.002687194914129815,
  "topic_means": {
    "ds": 0.15462447653852465,
    "algo": 0.0,
    "oops": 0.20220478597482744,
    "dbms": 0.0,
    "os": 0.0,
    "cn": 0.1574686560578059,
    "system_design": 0.0
  },
  "consecutive_low_scores": 3,
  "safety_constraints_applied": true
}