{
  "total_episodes": 1520,
  "epoch": 4,
  "epoch_episode": 20,
  "question_number": 10,
  "topic": "algo",
  "subtopic": "Backtracking",
  "difficulty": 2.563609235795131,
  "performance": 0.0729740343756271,
  "time_taken": 10.762259350827726,
  "actor_loss": 0.0040342434238689415,
  "value_loss": 30.181809195999797,
  "entropy_loss": 0.0015057924226743562,
  "topic_means": {
    "ds": 0.29227117073726194,
    "algo": 0.11501952549178651,
    "oops": 0.3431811479195912,
    "dbms": 0.0,
    "os": 0.15066266373787285,
    "cn": 0.0,
    "system_design": 0.0
  },
  "consecutive_low_scores": 5,
  "safety_constraints_applied": true
}