{
  "total_episodes": 141,
  "epoch": 1,
  "epoch_episode": 141,
  "question_number": 8,
  "topic": "algo",
  "subtopic": "Backtracking",
  "difficulty": 3.347480911348025,
  "performance": 0.5171307054047926,
  "time_taken": 8.269559755516001,
  "actor_loss": 0.0012782363915136694,
  "value_loss": 21.343737269902988,
  "entropy_loss": -0.006366860250790108,
  "topic_means": {
    "ds": 0.2658457296745683,
    "algo": 0.4293420922912993,
    "oops": 0.15308946938198054,
    "dbms": 0.0,
    "os": 0.0,
    "cn": 0.0,
    "system_design": 0.0
  },
  "consecutive_low_scores": 3,
  "safety_constraints_applied": true
}