{
  "total_episodes": 2237,
  "epoch": 5,
  "epoch_episode": 237,
  "question_number": 8,
  "topic": "algo",
  "subtopic": "Dynamic Programming",
  "difficulty": 1.584,
  "performance": 0.09296444032556203,
  "time_taken": 18.58450126531857,
  "actor_loss": -0.023023266673468146,
  "value_loss": 22.512736092445163,
  "entropy_loss": 0.009591296976850936,
  "topic_means": {
    "ds": 0.12211499655473182,
    "algo": 0.1663683750686183,
    "oops": 0.20046660744806546,
    "dbms": 0.0,
    "os": 0.0,
    "cn": 0.0,
    "system_design": 0.0
  },
  "consecutive_low_scores": 7,
  "safety_constraints_applied": true
}