{
  "total_episodes": 1508,
  "epoch": 4,
  "epoch_episode": 8,
  "question_number": 2,
  "topic": "oops",
  "subtopic": "Classes",
  "difficulty": 3.430071102987789,
  "performance": 0.15383452271170037,
  "time_taken": 10.430480685732462,
  "actor_loss": -0.0013743830169908344,
  "value_loss": 25.45231119828336,
  "entropy_loss": 0.0006583195390902623,
  "topic_means": {
    "ds": 0.0,
    "algo": 0.0,
    "oops": 0.15383452271170037,
    "dbms": 0.143357034329263,
    "os": 0.0,
    "cn": 0.0,
    "system_design": 0.0
  },
  "consecutive_low_scores": 1,
  "safety_constraints_applied": true
}