{
  "total_episodes": 2157,
  "epoch": 5,
  "epoch_episode": 157,
  "question_number": 8,
  "topic": "oops",
  "subtopic": "Polymorphism",
  "difficulty": 1.188,
  "performance": 0.15863522376338773,
  "time_taken": 10.138206476554474,
  "actor_loss": 0.0666494153527109,
  "value_loss": 32.233262777629506,
  "entropy_loss": 0.008148736169301467,
  "topic_means": {
    "ds": 0.0,
    "algo": 0.45275391970485596,
    "oops": 0.1254875832505363,
    "dbms": 0.16080768945187812,
    "os": 0.0,
    "cn": 0.0,
    "system_design": 0.0
  },
  "consecutive_low_scores": 5,
  "safety_constraints_applied": true
}