{
  "total_episodes": 2320,
  "epoch": 5,
  "epoch_episode": 320,
  "question_number": 10,
  "topic": "ds",
  "subtopic": "Graphs",
  "difficulty": 3.531665647152819,
  "performance": 0.4235988943567517,
  "time_taken": 11.970142760631473,
  "actor_loss": 0.11167204701882694,
  "value_loss": 26.84440166138892,
  "entropy_loss": 0.010731355983914382,
  "topic_means": {
    "ds": 0.46609247834659007,
    "algo": 0.4440282203139453,
    "oops": 0.21478101703607325,
    "dbms": 0.0,
    "os": 0.0,
    "cn": 0.1559151426686806,
    "system_design": 0.0
  },
  "consecutive_low_scores": 4,
  "safety_constraints_applied": true
}