{
  "total_episodes": 2365,
  "epoch": 5,
  "epoch_episode": 365,
  "question_number": 8,
  "topic": "algo",
  "subtopic": "Sorting",
  "difficulty": 3.2943911691721333,
  "performance": 0.08592494573606446,
  "time_taken": 12.053694540049419,
  "actor_loss": 0.12374081685677044,
  "value_loss": 20.163038297951495,
  "entropy_loss": 0.010428693001280933,
  "topic_means": {
    "ds": 0.42552039532652264,
    "algo": 0.12678431108142607,
    "oops": 0.34863917784048976,
    "dbms": 0.0,
    "os": 0.0,
    "cn": 0.0,
    "system_design": 0.0
  },
  "consecutive_low_scores": 4,
  "safety_constraints_applied": true
}