{
  "total_episodes": 2116,
  "epoch": 5,
  "epoch_episode": 116,
  "question_number": 2,
  "topic": "algo",
  "subtopic": "Dynamic Programming",
  "difficulty": 4.465584389022184,
  "performance": 0.24646420199416086,
  "time_taken": 17.194626501418774,
  "actor_loss": 0.012697744206531391,
  "value_loss": 20.992524105804353,
  "entropy_loss": 0.006502045571800072,
  "topic_means": {
    "ds": 0.0,
    "algo": 0.24646420199416086,
    "oops": 0.15519479634072797,
    "dbms": 0.0,
    "os": 0.0,
    "cn": 0.0,
    "system_design": 0.0
  },
  "consecutive_low_scores": 1,
  "safety_constraints_applied": true
}