{
  "total_episodes": 1863,
  "epoch": 4,
  "epoch_episode": 363,
  "question_number": 4,
  "topic": "oops",
  "subtopic": "Polymorphism",
  "difficulty": 4.350221253471206,
  "performance": 0.5070199680148115,
  "time_taken": 8.6789877234291,
  "actor_loss": 0.007887705533954107,
  "value_loss": 26.93876412761212,
  "entropy_loss": 0.0042303397238859924,
  "topic_means": {
    "ds": 0.0,
    "algo": 0.0,
    "oops": 0.5107781758568183,
    "dbms": 0.0,
    "os": 0.0,
    "cn": 0.0,
    "system_design": 0.3249066939155627
  },
  "consecutive_low_scores": 0,
  "safety_constraints_applied": true
}