{
  "total_episodes": 874,
  "epoch": 2,
  "epoch_episode": 374,
  "question_number": 6,
  "topic": "ds",
  "subtopic": "Linked Lists",
  "difficulty": 1.584,
  "performance": 0.2941617223733028,
  "time_taken": 8.868017284262386,
  "actor_loss": -0.007064496097132768,
  "value_loss": 20.983861306365917,
  "entropy_loss": -0.001591509164037887,
  "topic_means": {
    "ds": 0.2941617223733028,
    "algo": 0.3804139786571812,
    "oops": 0.11856200195138597,
    "dbms": 0.0,
    "os": 0.0,
    "cn": 0.0,
    "system_design": 0.30195997105031125
  },
  "consecutive_low_scores": 2,
  "safety_constraints_applied": true
}