{
  "total_episodes": 919,
  "epoch": 2,
  "epoch_episode": 419,
  "question_number": 4,
  "topic": "algo",
  "subtopic": "Dynamic Programming",
  "difficulty": 1.584,
  "performance": 0.14228040833722774,
  "time_taken": 9.08240729951994,
  "actor_loss": -0.0003585667326135498,
  "value_loss": 20.39603810706637,
  "entropy_loss": -0.0011036103033855759,
  "topic_means": {
    "ds": 0.0,
    "algo": 0.1333840300305789,
    "oops": 0.0,
    "dbms": 0.0,
    "os": 0.0,
    "cn": 0.0,
    "system_design": 0.15747534491149645
  },
  "consecutive_low_scores": 3,
  "safety_constraints_applied": true
}