{
  "total_episodes": 324,
  "epoch": 1,
  "epoch_episode": 324,
  "question_number": 2,
  "topic": "oops",
  "subtopic": "Design Patterns",
  "difficulty": 3.4561874949434546,
  "performance": 0.12905353387990687,
  "time_taken": 19.077865990688284,
  "actor_loss": -8.357358337734085e-05,
  "value_loss": 22.717886633131677,
  "entropy_loss": -0.005112109197522313,
  "topic_means": {
    "ds": 0.0,
    "algo": 0.0,
    "oops": 0.14055801609719584,
    "dbms": 0.0,
    "os": 0.0,
    "cn": 0.0,
    "system_design": 0.0
  },
  "consecutive_low_scores": 1,
  "safety_constraints_applied": true
}