{
  "total_episodes": 631,
  "epoch": 2,
  "epoch_episode": 131,
  "question_number": 4,
  "topic": "oops",
  "subtopic": "Design Patterns",
  "difficulty": 2.4796268498456215,
  "performance": 0.16768001038683072,
  "time_taken": 9.382573248297975,
  "actor_loss": 0.0021292015823283802,
  "value_loss": 19.153544436559212,
  "entropy_loss": -0.0016535938527254997,
  "topic_means": {
    "ds": 0.3490242802870198,
    "algo": 0.0,
    "oops": 0.20974071670020336,
    "dbms": 0.0,
    "os": 0.15618467525337654,
    "cn": 0.0,
    "system_design": 0.0
  },
  "consecutive_low_scores": 2,
  "safety_constraints_applied": true
}