{
  "total_episodes": 2221,
  "epoch": 5,
  "epoch_episode": 221,
  "question_number": 8,
  "topic": "oops",
  "subtopic": "Classes",
  "difficulty": 1.188,
  "performance": 0.05712460935905503,
  "time_taken": 9.420399425048313,
  "actor_loss": 0.023012434403191263,
  "value_loss": 22.591861103019767,
  "entropy_loss": 0.009351595170975262,
  "topic_means": {
    "ds": 0.1069638292071538,
    "algo": 0.13605203746799724,
    "oops": 0.11696881550829823,
    "dbms": 0.0,
    "os": 0.0,
    "cn": 0.0,
    "system_design": 0.0
  },
  "consecutive_low_scores": 7,
  "safety_constraints_applied": true
}