{
  "total_episodes": 2068,
  "epoch": 5,
  "epoch_episode": 68,
  "question_number": 2,
  "topic": "algo",
  "subtopic": "Backtracking",
  "difficulty": 4.478864163406928,
  "performance": 0.12963600884098891,
  "time_taken": 10.429774205125742,
  "actor_loss": 0.01690524725831812,
  "value_loss": 23.72376122893787,
  "entropy_loss": 0.005376092143675078,
  "topic_means": {
    "ds": 0.0,
    "algo": 0.1446286983216491,
    "oops": 0.0,
    "dbms": 0.0,
    "os": 0.0,
    "cn": 0.0,
    "system_design": 0.0
  },
  "consecutive_low_scores": 1,
  "safety_constraints_applied": true
}