{
  "total_episodes": 2103,
  "epoch": 5,
  "epoch_episode": 103,
  "question_number": 4,
  "topic": "oops",
  "subtopic": "Abstraction",
  "difficulty": 1.188,
  "performance": 0.14550620328000688,
  "time_taken": 12.70444536563916,
  "actor_loss": 0.008774243178295445,
  "value_loss": 32.69426325144086,
  "entropy_loss": 0.0074537352306476125,
  "topic_means": {
    "ds": 0.24099143385174762,
    "algo": 0.13771168902725836,
    "oops": 0.14550620328000688,
    "dbms": 0.0,
    "os": 0.0,
    "cn": 0.0,
    "system_design": 0.15022310708953537
  },
  "consecutive_low_scores": 3,
  "safety_constraints_applied": true
}