{
  "total_episodes": 2445,
  "epoch": 5,
  "epoch_episode": 445,
  "question_number": 8,
  "topic": "oops",
  "subtopic": "Inheritance",
  "difficulty": 3.305696263757511,
  "performance": 0.19471015212457213,
  "time_taken": 12.353814640910853,
  "actor_loss": 0.2234170602400254,
  "value_loss": 21.79409375453854,
  "entropy_loss": 0.012013655291567735,
  "topic_means": {
    "ds": 0.10339542165372576,
    "algo": 0.45848500398987957,
    "oops": 0.3172857665532368,
    "dbms": 0.0,
    "os": 0.0,
    "cn": 0.0,
    "system_design": 0.0
  },
  "consecutive_low_scores": 2,
  "safety_constraints_applied": true
}