{
  "total_episodes": 1962,
  "epoch": 4,
  "epoch_episode": 462,
  "question_number": 6,
  "topic": "ds",
  "subtopic": "Arrays",
  "difficulty": 2.810369462244848,
  "performance": 0.4427548005978771,
  "time_taken": 7.630781406843823,
  "actor_loss": -0.01648163428389584,
  "value_loss": 20.11668971907662,
  "entropy_loss": 0.004326304502761592,
  "topic_means": {
    "ds": 0.49560703192096,
    "algo": 0.15393990085553916,
    "oops": 0.17913346071208597,
    "dbms": 0.0,
    "os": 0.0,
    "cn": 0.0,
    "system_design": 0.0
  },
  "consecutive_low_scores": 2,
  "safety_constraints_applied": true
}