{
  "total_episodes": 196,
  "epoch": 1,
  "epoch_episode": 196,
  "question_number": 2,
  "topic": "algo",
  "subtopic": "Greedy",
  "difficulty": 4.692928780768786,
  "performance": 0.16188484669396772,
  "time_taken": 14.262678203170037,
  "actor_loss": 0.0032960987864741878,
  "value_loss": 20.820884891114893,
  "entropy_loss": -0.006260474162404521,
  "topic_means": {
    "ds": 0.0,
    "algo": 0.16188484669396772,
    "oops": 0.0,
    "dbms": 0.0,
    "os": 0.23097626025626183,
    "cn": 0.0,
    "system_design": 0.0
  },
  "consecutive_low_scores": 1,
  "safety_constraints_applied": true
}