{
  "total_episodes": 778,
  "epoch": 2,
  "epoch_episode": 278,
  "question_number": 6,
  "topic": "ds",
  "subtopic": "Graphs",
  "difficulty": 2.382262003488952,
  "performance": 0.3732145259656805,
  "time_taken": 12.231610559741299,
  "actor_loss": -0.00023238008280158565,
  "value_loss": 31.43956760513489,
  "entropy_loss": -0.0006950623343790609,
  "topic_means": {
    "ds": 0.37658591351700027,
    "algo": 0.12312592651681128,
    "oops": 0.13925499484040232,
    "dbms": 0.0,
    "os": 0.0,
    "cn": 0.0,
    "system_design": 0.0
  },
  "consecutive_low_scores": 3,
  "safety_constraints_applied": true
}