{
  "total_episodes": 2282,
  "epoch": 5,
  "epoch_episode": 282,
  "question_number": 6,
  "topic": "ds",
  "subtopic": "Linked Lists",
  "difficulty": 2.380363470673265,
  "performance": 0.11667862295596167,
  "time_taken": 9.27071710435338,
  "actor_loss": 0.17814920356891967,
  "value_loss": 22.19968031733709,
  "entropy_loss": 0.010508499659803567,
  "topic_means": {
    "ds": 0.12333596591887927,
    "algo": 0.36883157835964814,
    "oops": 0.14380108609251763,
    "dbms": 0.0,
    "os": 0.0,
    "cn": 0.0,
    "system_design": 0.14426376755425724
  },
  "consecutive_low_scores": 4,
  "safety_constraints_applied": true
}