{
  "total_episodes": 781,
  "epoch": 2,
  "epoch_episode": 281,
  "question_number": 8,
  "topic": "oops",
  "subtopic": "Polymorphism",
  "difficulty": 2.3480527625006293,
  "performance": 0.1133863563142929,
  "time_taken": 10.324854971993119,
  "actor_loss": -0.001085480663081535,
  "value_loss": 23.675729144508967,
  "entropy_loss": -0.0006265701349175804,
  "topic_means": {
    "ds": 0.1217053251562621,
    "algo": 0.3047584022489646,
    "oops": 0.11505530363348525,
    "dbms": 0.0,
    "os": 0.0,
    "cn": 0.0,
    "system_design": 0.0
  },
  "consecutive_low_scores": 5,
  "safety_constraints_applied": true
}