{
  "total_episodes": 1444,
  "epoch": 3,
  "epoch_episode": 444,
  "question_number": 2,
  "topic": "algo",
  "subtopic": "Sorting",
  "difficulty": 4.49118206938461,
  "performance": 0.3660199468470159,
  "time_taken": 12.471792550417664,
  "actor_loss": 0.0002680941983163397,
  "value_loss": 25.86584972049003,
  "entropy_loss": 0.0008141997985486475,
  "topic_means": {
    "ds": 0.0,
    "algo": 0.3660199468470159,
    "oops": 0.0,
    "dbms": 0.0,
    "os": 0.16372735646153683,
    "cn": 0.0,
    "system_design": 0.0
  },
  "consecutive_low_scores": 1,
  "safety_constraints_applied": true
}