{
  "total_episodes": 1047,
  "epoch": 3,
  "epoch_episode": 47,
  "question_number": 4,
  "topic": "ds",
  "subtopic": "Arrays",
  "difficulty": 1.188,
  "performance": 0.1262493706652374,
  "time_taken": 18.43693316200932,
  "actor_loss": -0.004585127252247922,
  "value_loss": 25.83765112593674,
  "entropy_loss": -0.002661039091994147,
  "topic_means": {
    "ds": 0.12928922338199458,
    "algo": 0.0,
    "oops": 0.0,
    "dbms": 0.0,
    "os": 0.16803369739109789,
    "cn": 0.0,
    "system_design": 0.0
  },
  "consecutive_low_scores": 3,
  "safety_constraints_applied": true
}