{
  "total_episodes": 503,
  "epoch": 2,
  "epoch_episode": 3,
  "question_number": 4,
  "topic": "algo",
  "subtopic": "Sorting",
  "difficulty": 1.188,
  "performance": 0.3512560688684601,
  "time_taken": 11.036656582914011,
  "actor_loss": 0.001303579317331632,
  "value_loss": 24.277124616068868,
  "entropy_loss": -0.0018867085105479947,
  "topic_means": {
    "ds": 0.13867086492018638,
    "algo": 0.3512560688684601,
    "oops": 0.20426987948660874,
    "dbms": 0.0,
    "os": 0.0,
    "cn": 0.0,
    "system_design": 0.14581443014043005
  },
  "consecutive_low_scores": 3,
  "safety_constraints_applied": true
}