{
  "total_episodes": 900,
  "epoch": 2,
  "epoch_episode": 400,
  "question_number": 2,
  "topic": "ds",
  "subtopic": "Linked Lists",
  "difficulty": 4.136164332394777,
  "performance": 0.1439501505276873,
  "time_taken": 13.277803830451111,
  "actor_loss": -0.0014626397006944514,
  "value_loss": 21.561672926632674,
  "entropy_loss": -0.001252565636344074,
  "topic_means": {
    "ds": 0.1439501505276873,
    "algo": 0.0,
    "oops": 0.3787214441315926,
    "dbms": 0.0,
    "os": 0.0,
    "cn": 0.0,
    "system_design": 0.0
  },
  "consecutive_low_scores": 0,
  "safety_constraints_applied": true
}