{
  "total_episodes": 807,
  "epoch": 2,
  "epoch_episode": 307,
  "question_number": 4,
  "topic": "algo",
  "subtopic": "Greedy",
  "difficulty": 2.5087759035259984,
  "performance": 0.3228047002100195,
  "time_taken": 8.896354042474659,
  "actor_loss": 0.0008733621629757251,
  "value_loss": 28.18941719190915,
  "entropy_loss": -0.001462367212783804,
  "topic_means": {
    "ds": 0.31690473651242923,
    "algo": 0.3228047002100195,
    "oops": 0.0,
    "dbms": 0.0,
    "os": 0.0,
    "cn": 0.16736613837816924,
    "system_design": 0.0
  },
  "consecutive_low_scores": 2,
  "safety_constraints_applied": true
}