{
  "total_episodes": 724,
  "epoch": 2,
  "epoch_episode": 224,
  "question_number": 2,
  "topic": "oops",
  "subtopic": "Design Patterns",
  "difficulty": 3.902709974817445,
  "performance": 0.2716626993485045,
  "time_taken": 8.791259828546144,
  "actor_loss": 0.0006452372028445168,
  "value_loss": 22.276457875845136,
  "entropy_loss": -0.001275816735854558,
  "topic_means": {
    "ds": 0.0,
    "algo": 0.0,
    "oops": 0.2716626993485045,
    "dbms": 0.0,
    "os": 0.30090332493914834,
    "cn": 0.0,
    "system_design": 0.0
  },
  "consecutive_low_scores": 0,
  "safety_constraints_applied": true
}