{
  "total_episodes": 445,
  "epoch": 1,
  "epoch_episode": 445,
  "question_number": 8,
  "topic": "ds",
  "subtopic": "Graphs",
  "difficulty": 1.188,
  "performance": 0.08015777272963767,
  "time_taken": 12.763326820535182,
  "actor_loss": -0.0016028953991760035,
  "value_loss": 25.223209357392232,
  "entropy_loss": -0.0029541514099638904,
  "topic_means": {
    "ds": 0.10931593154902768,
    "algo": 0.17496247119948077,
    "oops": 0.21910334392610986,
    "dbms": 0.0,
    "os": 0.0,
    "cn": 0.1574686560578059,
    "system_design": 0.0
  },
  "consecutive_low_scores": 7,
  "safety_constraints_applied": true
}