{
  "total_episodes": 2058,
  "epoch": 5,
  "epoch_episode": 58,
  "question_number": 6,
  "topic": "oops",
  "subtopic": "Abstraction",
  "difficulty": 1.188,
  "performance": 0.2312503048323713,
  "time_taken": 14.058324872706208,
  "actor_loss": -0.007617987035615841,
  "value_loss": 30.784009539860342,
  "entropy_loss": 0.006331390104806492,
  "topic_means": {
    "ds": 0.131670898108307,
    "algo": 0.15182155208672193,
    "oops": 0.2421838044297008,
    "dbms": 0.16881160949967272,
    "os": 0.0,
    "cn": 0.0,
    "system_design": 0.0
  },
  "consecutive_low_scores": 5,
  "safety_constraints_applied": true
}