{
  "total_episodes": 976,
  "epoch": 2,
  "epoch_episode": 476,
  "question_number": 10,
  "topic": "oops",
  "subtopic": "Abstraction",
  "difficulty": 2.9641884291256564,
  "performance": 0.06783077521294514,
  "time_taken": 13.885317309965489,
  "actor_loss": 0.002789048115115788,
  "value_loss": 22.87027734685172,
  "entropy_loss": -0.001099677064123538,
  "topic_means": {
    "ds": 0.09562276863603193,
    "algo": 0.37791063093716215,
    "oops": 0.12829666942889237,
    "dbms": 0.0,
    "os": 0.0,
    "cn": 0.0,
    "system_design": 0.0
  },
  "consecutive_low_scores": 5,
  "safety_constraints_applied": true
}