{
  "total_episodes": 912,
  "epoch": 2,
  "epoch_episode": 412,
  "question_number": 10,
  "topic": "algo",
  "subtopic": "Greedy",
  "difficulty": 2.083440680528327,
  "performance": 0.39280256843503336,
  "time_taken": 7.729916530174381,
  "actor_loss": -0.008718622922061093,
  "value_loss": 23.663299879803503,
  "entropy_loss": -0.00027997624738685685,
  "topic_means": {
    "ds": 0.4964169306345461,
    "algo": 0.2321280242567229,
    "oops": 0.10259210977508536,
    "dbms": 0.0,
    "os": 0.14418505261548112,
    "cn": 0.0,
    "system_design": 0.0
  },
  "consecutive_low_scores": 5,
  "safety_constraints_applied": true
}