{
  "total_episodes": 2295,
  "epoch": 5,
  "epoch_episode": 295,
  "question_number": 4,
  "topic": "algo",
  "subtopic": "Dynamic Programming",
  "difficulty": 2.4963870716241874,
  "performance": 0.13501377475178172,
  "time_taken": 14.780080240352376,
  "actor_loss": 0.12299510205545534,
  "value_loss": 22.52639161875884,
  "entropy_loss": 0.010613429123736395,
  "topic_means": {
    "ds": 0.38131761431090394,
    "algo": 0.13501377475178172,
    "oops": 0.25672704057620077,
    "dbms": 0.0,
    "os": 0.14435999908893649,
    "cn": 0.0,
    "system_design": 0.0
  },
  "consecutive_low_scores": 2,
  "safety_constraints_applied": true
}