{
  "total_episodes": 1287,
  "epoch": 3,
  "epoch_episode": 287,
  "question_number": 4,
  "topic": "oops",
  "subtopic": "Design Patterns",
  "difficulty": 2.5026089847965722,
  "performance": 0.3113525645445554,
  "time_taken": 12.773414146714334,
  "actor_loss": 0.004990218234317169,
  "value_loss": 20.372764094564598,
  "entropy_loss": -0.0005855881801268201,
  "topic_means": {
    "ds": 0.0,
    "algo": 0.17594097772407005,
    "oops": 0.3756512021213685,
    "dbms": 0.0,
    "os": 0.0,
    "cn": 0.0,
    "system_design": 0.0
  },
  "consecutive_low_scores": 2,
  "safety_constraints_applied": true
}