{
  "total_episodes": 1949,
  "epoch": 4,
  "epoch_episode": 449,
  "question_number": 8,
  "topic": "oops",
  "subtopic": "Classes",
  "difficulty": 1.188,
  "performance": 0.10589105965694748,
  "time_taken": 8.504781833925186,
  "actor_loss": -0.008415625347497489,
  "value_loss": 24.88510604351103,
  "entropy_loss": 0.00459946277881343,
  "topic_means": {
    "ds": 0.3797820758216088,
    "algo": 0.09920656020965006,
    "oops": 0.13409259144766852,
    "dbms": 0.0,
    "os": 0.0,
    "cn": 0.0,
    "system_design": 0.0
  },
  "consecutive_low_scores": 5,
  "safety_constraints_applied": true
}