{
  "total_episodes": 1994,
  "epoch": 4,
  "epoch_episode": 494,
  "question_number": 6,
  "topic": "algo",
  "subtopic": "Backtracking",
  "difficulty": 1.188,
  "performance": 0.1602735405076408,
  "time_taken": 10.378192641329028,
  "actor_loss": 0.005119587088122588,
  "value_loss": 24.66201592560642,
  "entropy_loss": 0.004687514080360026,
  "topic_means": {
    "ds": 0.19685544393661877,
    "algo": 0.1602735405076408,
    "oops": 0.10324254721510293,
    "dbms": 0.0,
    "os": 0.0,
    "cn": 0.0,
    "system_design": 0.0
  },
  "consecutive_low_scores": 5,
  "safety_constraints_applied": true
}