{
  "total_episodes": 1511,
  "epoch": 4,
  "epoch_episode": 11,
  "question_number": 4,
  "topic": "algo",
  "subtopic": "Sorting",
  "difficulty": 3.868751229047155,
  "performance": 0.18547117879460662,
  "time_taken": 10.434941067436519,
  "actor_loss": 0.0004930734143644751,
  "value_loss": 24.587627012266758,
  "entropy_loss": 0.0017151957371892017,
  "topic_means": {
    "ds": 0.32570211134732285,
    "algo": 0.18547117879460662,
    "oops": 0.0,
    "dbms": 0.0,
    "os": 0.2173470063525091,
    "cn": 0.0,
    "system_design": 0.0
  },
  "consecutive_low_scores": 1,
  "safety_constraints_applied": true
}