{
  "total_episodes": 135,
  "epoch": 1,
  "epoch_episode": 135,
  "question_number": 4,
  "topic": "algo",
  "subtopic": "Sorting",
  "difficulty": 3.078090462445351,
  "performance": 0.4649810837259024,
  "time_taken": 9.654426301354194,
  "actor_loss": 0.0005688727349138078,
  "value_loss": 25.149722994202648,
  "entropy_loss": -0.006244577974805169,
  "topic_means": {
    "ds": 0.14245182053067804,
    "algo": 0.423982087909398,
    "oops": 0.13833851532392943,
    "dbms": 0.0,
    "os": 0.0,
    "cn": 0.0,
    "system_design": 0.0
  },
  "consecutive_low_scores": 2,
  "safety_constraints_applied": true
}