{
  "total_episodes": 295,
  "epoch": 1,
  "epoch_episode": 295,
  "question_number": 4,
  "topic": "algo",
  "subtopic": "Backtracking",
  "difficulty": 2.499240268331836,
  "performance": 0.34651060399864464,
  "time_taken": 10.573442201258786,
  "actor_loss": 0.000654637640585276,
  "value_loss": 22.704339297936734,
  "entropy_loss": -0.005670312321958783,
  "topic_means": {
    "ds": 0.37466191592284204,
    "algo": 0.34651060399864464,
    "oops": 0.25247877466452584,
    "dbms": 0.0,
    "os": 0.0,
    "cn": 0.0,
    "system_design": 0.1595869887032928
  },
  "consecutive_low_scores": 2,
  "safety_constraints_applied": true
}