{
  "total_episodes": 2164,
  "epoch": 5,
  "epoch_episode": 164,
  "question_number": 2,
  "topic": "ds",
  "subtopic": "Heaps",
  "difficulty": 3.6752814914360954,
  "performance": 0.14939928148698012,
  "time_taken": 15.283256754287587,
  "actor_loss": 0.07708821062137008,
  "value_loss": 27.572383702891234,
  "entropy_loss": 0.008164631871245265,
  "topic_means": {
    "ds": 0.14939928148698012,
    "algo": 0.0,
    "oops": 0.0,
    "dbms": 0.0,
    "os": 0.0,
    "cn": 0.22509383047869844,
    "system_design": 0.0
  },
  "consecutive_low_scores": 1,
  "safety_constraints_applied": true
}