{
  "total_episodes": 7,
  "epoch": 1,
  "epoch_episode": 7,
  "question_number": 4,
  "topic": "ds",
  "subtopic": "Linked Lists",
  "difficulty": 3.11061616328532,
  "performance": 0.5297588951166863,
  "time_taken": 7.471060704939801,
  "actor_loss": 0.0004217369138483657,
  "value_loss": 67.70438646761812,
  "entropy_loss": -0.012296247959944304,
  "topic_means": {
    "ds": 0.4472231901962471,
    "algo": 0.19445548308210392,
    "oops": 0.0,
    "dbms": 0.15391182449863378,
    "os": 0.0,
    "cn": 0.0,
    "system_design": 0.0
  },
  "consecutive_low_scores": 2,
  "safety_constraints_applied": true
}