{
  "total_episodes": 1488,
  "epoch": 3,
  "epoch_episode": 488,
  "question_number": 10,
  "topic": "ds",
  "subtopic": "Heaps",
  "difficulty": 2.805167737645937,
  "performance": 0.20773492204848165,
  "time_taken": 12.184357933628993,
  "actor_loss": 0.00094983718468344,
  "value_loss": 24.08962523778431,
  "entropy_loss": 0.000857918764718084,
  "topic_means": {
    "ds": 0.28671205406298605,
    "algo": 0.1915163612778854,
    "oops": 0.21665558771763951,
    "dbms": 0.0,
    "os": 0.0,
    "cn": 0.0,
    "system_design": 0.0
  },
  "consecutive_low_scores": 7,
  "safety_constraints_applied": true
}