{
  "total_episodes": 2343,
  "epoch": 5,
  "epoch_episode": 343,
  "question_number": 4,
  "topic": "oops",
  "subtopic": "Abstraction",
  "difficulty": 1.188,
  "performance": 0.09973080915217758,
  "time_taken": 16.63703392736324,
  "actor_loss": 0.04174497093616272,
  "value_loss": 22.26387965231451,
  "entropy_loss": 0.00968182721095956,
  "topic_means": {
    "ds": 0.27882907201248847,
    "algo": 0.2950397027116232,
    "oops": 0.11985416169511424,
    "dbms": 0.0,
    "os": 0.0,
    "cn": 0.0,
    "system_design": 0.0
  },
  "consecutive_low_scores": 3,
  "safety_constraints_applied": true
}