{
  "total_episodes": 2189,
  "epoch": 5,
  "epoch_episode": 189,
  "question_number": 8,
  "topic": "oops",
  "subtopic": "Design Patterns",
  "difficulty": 3.171897954510739,
  "performance": 0.3009874613265218,
  "time_taken": 14.808011772654924,
  "actor_loss": 0.0475849548170071,
  "value_loss": 26.08198382350401,
  "entropy_loss": 0.00883915988132623,
  "topic_means": {
    "ds": 0.36086203486856977,
    "algo": 0.11562014710269791,
    "oops": 0.2538891434025103,
    "dbms": 0.0,
    "os": 0.0,
    "cn": 0.0,
    "system_design": 0.0
  },
  "consecutive_low_scores": 6,
  "safety_constraints_applied": true
}