{
  "total_episodes": 330,
  "epoch": 1,
  "epoch_episode": 330,
  "question_number": 6,
  "topic": "oops",
  "subtopic": "Polymorphism",
  "difficulty": 1.584,
  "performance": 0.09256105362466863,
  "time_taken": 16.955516077708985,
  "actor_loss": 2.2153756516214185e-05,
  "value_loss": 24.617061612388216,
  "entropy_loss": -0.005127305119038034,
  "topic_means": {
    "ds": 0.0,
    "algo": 0.47769666986187687,
    "oops": 0.121273239848769,
    "dbms": 0.0,
    "os": 0.0,
    "cn": 0.0,
    "system_design": 0.0
  },
  "consecutive_low_scores": 4,
  "safety_constraints_applied": true
}