{
  "total_episodes": 791,
  "epoch": 2,
  "epoch_episode": 291,
  "question_number": 4,
  "topic": "oops",
  "subtopic": "Abstraction",
  "difficulty": 1.188,
  "performance": 0.13135181586252145,
  "time_taken": 9.547284596352617,
  "actor_loss": -0.00275082720439618,
  "value_loss": 23.002209495955718,
  "entropy_loss": -0.001707022651304458,
  "topic_means": {
    "ds": 0.15606943076374905,
    "algo": 0.0,
    "oops": 0.13861329880428477,
    "dbms": 0.0,
    "os": 0.0,
    "cn": 0.0,
    "system_design": 0.0
  },
  "consecutive_low_scores": 3,
  "safety_constraints_applied": true
}