{
  "total_episodes": 1076,
  "epoch": 3,
  "epoch_episode": 76,
  "question_number": 2,
  "topic": "ds",
  "subtopic": "Heaps",
  "difficulty": 3.4983223592156985,
  "performance": 0.5650388467700475,
  "time_taken": 7.806702901874853,
  "actor_loss": -0.0014901237911279126,
  "value_loss": 26.560763625782112,
  "entropy_loss": -0.002749493024500259,
  "topic_means": {
    "ds": 0.5650388467700475,
    "algo": 0.16610745307189953,
    "oops": 0.0,
    "dbms": 0.0,
    "os": 0.0,
    "cn": 0.0,
    "system_design": 0.0
  },
  "consecutive_low_scores": 1,
  "safety_constraints_applied": true
}