{
  "total_episodes": 362,
  "epoch": 1,
  "epoch_episode": 362,
  "question_number": 6,
  "topic": "ds",
  "subtopic": "Heaps",
  "difficulty": 1.188,
  "performance": 0.09978872766905961,
  "time_taken": 18.79586045488464,
  "actor_loss": 0.00025170580230452004,
  "value_loss": 24.86893040945764,
  "entropy_loss": -0.0053725738576029785,
  "topic_means": {
    "ds": 0.12662875655771852,
    "algo": 0.0,
    "oops": 0.30580926101692496,
    "dbms": 0.0,
    "os": 0.24173271578323607,
    "cn": 0.0,
    "system_design": 0.0
  },
  "consecutive_low_scores": 4,
  "safety_constraints_applied": true
}