{
  "total_episodes": 2493,
  "epoch": 5,
  "epoch_episode": 493,
  "question_number": 8,
  "topic": "oops",
  "subtopic": "Design Patterns",
  "difficulty": 3.1313500573736532,
  "performance": 0.19019153321374846,
  "time_taken": 8.476554297025706,
  "actor_loss": 0.14796172854782005,
  "value_loss": 28.527143549637195,
  "entropy_loss": 0.012745138480671266,
  "topic_means": {
    "ds": 0.10248667964509717,
    "algo": 0.4495039965370239,
    "oops": 0.18612407581454382,
    "dbms": 0.16820243705089732,
    "os": 0.0,
    "cn": 0.0,
    "system_design": 0.0
  },
  "consecutive_low_scores": 5,
  "safety_constraints_applied": true
}