{
  "total_episodes": 602,
  "epoch": 2,
  "epoch_episode": 102,
  "question_number": 6,
  "topic": "ds",
  "subtopic": "Heaps",
  "difficulty": 3.012684645858649,
  "performance": 0.07666297873087241,
  "time_taken": 20.622605370485537,
  "actor_loss": 0.00047392786472909146,
  "value_loss": 22.559574024899177,
  "entropy_loss": -0.0016070456368265345,
  "topic_means": {
    "ds": 0.10966060076645519,
    "algo": 0.3161689470677439,
    "oops": 0.0,
    "dbms": 0.0,
    "os": 0.0,
    "cn": 0.0,
    "system_design": 0.15759589309425387
  },
  "consecutive_low_scores": 3,
  "safety_constraints_applied": true
}