{
  "total_episodes": 484,
  "epoch": 1,
  "epoch_episode": 484,
  "question_number": 2,
  "topic": "algo",
  "subtopic": "Searching",
  "difficulty": 4.471303860104783,
  "performance": 0.33652199802387167,
  "time_taken": 10.42603001033647,
  "actor_loss": -0.0005636873094427067,
  "value_loss": 20.405380532662246,
  "entropy_loss": -0.0021992095729180877,
  "topic_means": {
    "ds": 0.0,
    "algo": 0.33652199802387167,
    "oops": 0.0,
    "dbms": 0.0,
    "os": 0.15710128670159437,
    "cn": 0.0,
    "system_design": 0.0
  },
  "consecutive_low_scores": 1,
  "safety_constraints_applied": true
}