{
  "total_episodes": 672,
  "epoch": 2,
  "epoch_episode": 172,
  "question_number": 10,
  "topic": "oops",
  "subtopic": "Polymorphism",
  "difficulty": 1.584,
  "performance": 0.09417597277709802,
  "time_taken": 10.913730190244124,
  "actor_loss": 0.007807784133434669,
  "value_loss": 25.029132035143245,
  "entropy_loss": -0.0015481014738022805,
  "topic_means": {
    "ds": 0.104211491704426,
    "algo": 0.13819315149024733,
    "oops": 0.13769745825801558,
    "dbms": 0.0,
    "os": 0.0,
    "cn": 0.0,
    "system_design": 0.0
  },
  "consecutive_low_scores": 9,
  "safety_constraints_applied": true
}