{
  "total_episodes": 2100,
  "epoch": 5,
  "epoch_episode": 100,
  "question_number": 2,
  "topic": "ds",
  "subtopic": "Arrays",
  "difficulty": 3.439566554819265,
  "performance": 0.5847832599699904,
  "time_taken": 6.121020174588114,
  "actor_loss": 0.014623030055857638,
  "value_loss": 23.630339985837338,
  "entropy_loss": 0.005844260476221034,
  "topic_means": {
    "ds": 0.5847832599699904,
    "algo": 0.0,
    "oops": 0.0,
    "dbms": 0.14652218493975494,
    "os": 0.0,
    "cn": 0.0,
    "system_design": 0.0
  },
  "consecutive_low_scores": 1,
  "safety_constraints_applied": true
}