{
  "total_episodes": 1335,
  "epoch": 3,
  "epoch_episode": 335,
  "question_number": 4,
  "topic": "ds",
  "subtopic": "Arrays",
  "difficulty": 1.188,
  "performance": 0.1408605478460689,
  "time_taken": 10.220030008754796,
  "actor_loss": 0.0018902038738633324,
  "value_loss": 20.773611449948575,
  "entropy_loss": -0.0008930167620782878,
  "topic_means": {
    "ds": 0.1479685185716175,
    "algo": 0.0,
    "oops": 0.25907536952824234,
    "dbms": 0.0,
    "os": 0.0,
    "cn": 0.0,
    "system_design": 0.0
  },
  "consecutive_low_scores": 3,
  "safety_constraints_applied": true
}