{
  "total_episodes": 1220,
  "epoch": 3,
  "epoch_episode": 220,
  "question_number": 2,
  "topic": "algo",
  "subtopic": "Greedy",
  "difficulty": 4.450240482931443,
  "performance": 0.12833026893964972,
  "time_taken": 11.042511109009464,
  "actor_loss": 0.004825007091385158,
  "value_loss": 28.15455436306729,
  "entropy_loss": -0.0007222250142339965,
  "topic_means": {
    "ds": 0.0,
    "algo": 0.12833026893964972,
    "oops": 0.0,
    "dbms": 0.0,
    "os": 0.15008016097714788,
    "cn": 0.0,
    "system_design": 0.0
  },
  "consecutive_low_scores": 1,
  "safety_constraints_applied": true
}