{
  "total_episodes": 2397,
  "epoch": 5,
  "epoch_episode": 397,
  "question_number": 8,
  "topic": "algo",
  "subtopic": "Dynamic Programming",
  "difficulty": 1.584,
  "performance": 0.15284129274496977,
  "time_taken": 11.323504396562669,
  "actor_loss": 0.11098459070298175,
  "value_loss": 22.372673721141034,
  "entropy_loss": 0.011178259251585623,
  "topic_means": {
    "ds": 0.13499976118996154,
    "algo": 0.13253124817042353,
    "oops": 0.38701704021195876,
    "dbms": 0.0,
    "os": 0.0,
    "cn": 0.0,
    "system_design": 0.0
  },
  "consecutive_low_scores": 6,
  "safety_constraints_applied": true
}