{
  "total_episodes": 1789,
  "epoch": 4,
  "epoch_episode": 289,
  "question_number": 8,
  "topic": "oops",
  "subtopic": "Design Patterns",
  "difficulty": 1.584,
  "performance": 0.1473238227222824,
  "time_taken": 6.488066211750197,
  "actor_loss": -0.0009769283916741798,
  "value_loss": 19.168663371455576,
  "entropy_loss": 0.0020169840101349687,
  "topic_means": {
    "ds": 0.0,
    "algo": 0.13407118796646245,
    "oops": 0.12434769023862546,
    "dbms": 0.0,
    "os": 0.0,
    "cn": 0.14884515278036883,
    "system_design": 0.0
  },
  "consecutive_low_scores": 7,
  "safety_constraints_applied": true
}