{
  "total_episodes": 2016,
  "epoch": 5,
  "epoch_episode": 16,
  "question_number": 10,
  "topic": "oops",
  "subtopic": "Classes",
  "difficulty": 3.4481819340279265,
  "performance": 0.16494183137234414,
  "time_taken": 15.102853409131464,
  "actor_loss": 0.014805474166178254,
  "value_loss": 25.53068929338216,
  "entropy_loss": 0.005069558735651429,
  "topic_means": {
    "ds": 0.5156450446726137,
    "algo": 0.14962411536659947,
    "oops": 0.16494183137234414,
    "dbms": 0.0,
    "os": 0.0,
    "cn": 0.15175463178310045,
    "system_design": 0.0
  },
  "consecutive_low_scores": 5,
  "safety_constraints_applied": true
}