{
  "total_episodes": 346,
  "epoch": 1,
  "epoch_episode": 346,
  "question_number": 6,
  "topic": "ds",
  "subtopic": "Arrays",
  "difficulty": 2.724263619444485,
  "performance": 0.07082965784231979,
  "time_taken": 14.243651102266625,
  "actor_loss": -0.0008309832806360166,
  "value_loss": 23.397093345041903,
  "entropy_loss": -0.005088864303689509,
  "topic_means": {
    "ds": 0.12273062920403503,
    "algo": 0.4911838258047034,
    "oops": 0.0,
    "dbms": 0.0,
    "os": 0.0,
    "cn": 0.0,
    "system_design": 0.0
  },
  "consecutive_low_scores": 2,
  "safety_constraints_applied": true
}