{
  "total_episodes": 922,
  "epoch": 2,
  "epoch_episode": 422,
  "question_number": 6,
  "topic": "oops",
  "subtopic": "Design Patterns",
  "difficulty": 1.584,
  "performance": 0.1229046182448096,
  "time_taken": 14.691170448646448,
  "actor_loss": 0.0017036420046038134,
  "value_loss": 26.717499874281998,
  "entropy_loss": -0.0012406764705290368,
  "topic_means": {
    "ds": 0.0,
    "algo": 0.14331046977711062,
    "oops": 0.1256996284459788,
    "dbms": 0.0,
    "os": 0.0,
    "cn": 0.14174094688257105,
    "system_design": 0.0
  },
  "consecutive_low_scores": 5,
  "safety_constraints_applied": true
}