{
  "total_episodes": 1639,
  "epoch": 4,
  "epoch_episode": 139,
  "question_number": 4,
  "topic": "oops",
  "subtopic": "Abstraction",
  "difficulty": 1.188,
  "performance": 0.14541204828574775,
  "time_taken": 12.793474664566727,
  "actor_loss": 0.0040191718582523765,
  "value_loss": 23.50199099911086,
  "entropy_loss": 0.00028416185905203416,
  "topic_means": {
    "ds": 0.19121704558932517,
    "algo": 0.0,
    "oops": 0.148137000737111,
    "dbms": 0.0,
    "os": 0.0,
    "cn": 0.0,
    "system_design": 0.0
  },
  "consecutive_low_scores": 3,
  "safety_constraints_applied": true
}