{
  "total_episodes": 1367,
  "epoch": 3,
  "epoch_episode": 367,
  "question_number": 4,
  "topic": "algo",
  "subtopic": "Searching",
  "difficulty": 1.188,
  "performance": 0.41764140673699546,
  "time_taken": 6.6422193147275115,
  "actor_loss": -0.0023780350970810395,
  "value_loss": 25.20832031989623,
  "entropy_loss": -0.0006660058045442287,
  "topic_means": {
    "ds": 0.18755272745753193,
    "algo": 0.41764140673699546,
    "oops": 0.18174284803945467,
    "dbms": 0.0,
    "os": 0.15950614212743652,
    "cn": 0.0,
    "system_design": 0.0
  },
  "consecutive_low_scores": 3,
  "safety_constraints_applied": true
}