{
  "total_episodes": 1111,
  "epoch": 3,
  "epoch_episode": 111,
  "question_number": 4,
  "topic": "oops",
  "subtopic": "Inheritance",
  "difficulty": 1.584,
  "performance": 0.12027280005173323,
  "time_taken": 10.852118215992764,
  "actor_loss": -0.010708903876398362,
  "value_loss": 29.53144882290396,
  "entropy_loss": -0.001405833529584315,
  "topic_means": {
    "ds": 0.0,
    "algo": 0.15965396186312347,
    "oops": 0.12474145385244614,
    "dbms": 0.0,
    "os": 0.0,
    "cn": 0.16034911172432323,
    "system_design": 0.0
  },
  "consecutive_low_scores": 3,
  "safety_constraints_applied": true
}