{
  "total_episodes": 864,
  "epoch": 2,
  "epoch_episode": 364,
  "question_number": 10,
  "topic": "oops",
  "subtopic": "Abstraction",
  "difficulty": 1.188,
  "performance": 0.2414211201299256,
  "time_taken": 12.270293988014418,
  "actor_loss": 0.01196444690553885,
  "value_loss": 25.546760086914865,
  "entropy_loss": -0.001957082390038305,
  "topic_means": {
    "ds": 0.1401735654421814,
    "algo": 0.11590180332647007,
    "oops": 0.2473731144356202,
    "dbms": 0.0,
    "os": 0.0,
    "cn": 0.1450203085365181,
    "system_design": 0.0
  },
  "consecutive_low_scores": 8,
  "safety_constraints_applied": true
}