{
  "total_episodes": 2490,
  "epoch": 5,
  "epoch_episode": 490,
  "question_number": 6,
  "topic": "algo",
  "subtopic": "Dynamic Programming",
  "difficulty": 1.584,
  "performance": 0.4868391305967643,
  "time_taken": 9.998588593378965,
  "actor_loss": 0.12517850009918685,
  "value_loss": 20.758379272229707,
  "entropy_loss": 0.012313859415768857,
  "topic_means": {
    "ds": 0.22081112476467518,
    "algo": 0.4460488427025717,
    "oops": 0.0,
    "dbms": 0.0,
    "os": 0.13797412883291438,
    "cn": 0.0,
    "system_design": 0.0
  },
  "consecutive_low_scores": 4,
  "safety_constraints_applied": true
}