{
  "total_episodes": 1133,
  "epoch": 3,
  "epoch_episode": 133,
  "question_number": 8,
  "topic": "algo",
  "subtopic": "Greedy",
  "difficulty": 1.188,
  "performance": 0.07867496929761943,
  "time_taken": 10.373293957092972,
  "actor_loss": -0.0033740683187227774,
  "value_loss": 21.961909190904205,
  "entropy_loss": -0.0021944162392217776,
  "topic_means": {
    "ds": 0.10567059971136503,
    "algo": 0.10705852703557081,
    "oops": 0.4541243636910004,
    "dbms": 0.0,
    "os": 0.0,
    "cn": 0.16214700047265415,
    "system_design": 0.0
  },
  "consecutive_low_scores": 6,
  "safety_constraints_applied": true
}