{
  "total_episodes": 2144,
  "epoch": 5,
  "epoch_episode": 144,
  "question_number": 10,
  "topic": "oops",
  "subtopic": "Design Patterns",
  "difficulty": 1.584,
  "performance": 0.08172883866021992,
  "time_taken": 11.051470177713163,
  "actor_loss": 0.028277724898980977,
  "value_loss": 23.296381224039315,
  "entropy_loss": 0.007325466513827592,
  "topic_means": {
    "ds": 0.12808839561875288,
    "algo": 0.34126605110340513,
    "oops": 0.08938154611110774,
    "dbms": 0.0,
    "os": 0.0,
    "cn": 0.0,
    "system_design": 0.14251819000633648
  },
  "consecutive_low_scores": 8,
  "safety_constraints_applied": true
}