{
  "total_episodes": 1533,
  "epoch": 4,
  "epoch_episode": 33,
  "question_number": 8,
  "topic": "oops",
  "subtopic": "Design Patterns",
  "difficulty": 1.188,
  "performance": 0.5775988905115524,
  "time_taken": 7.49880942852094,
  "actor_loss": -0.001490144362701918,
  "value_loss": 26.429756334598654,
  "entropy_loss": 0.0018086027202611674,
  "topic_means": {
    "ds": 0.12924510342391263,
    "algo": 0.2843865984244872,
    "oops": 0.4551202715122701,
    "dbms": 0.0,
    "os": 0.0,
    "cn": 0.0,
    "system_design": 0.0
  },
  "consecutive_low_scores": 5,
  "safety_constraints_applied": true
}