{
  "total_episodes": 122,
  "epoch": 1,
  "epoch_episode": 122,
  "question_number": 6,
  "topic": "oops",
  "subtopic": "Design Patterns",
  "difficulty": 1.188,
  "performance": 0.10443829890731217,
  "time_taken": 8.311764746611612,
  "actor_loss": 0.0024835649921448313,
  "value_loss": 33.42084944760079,
  "entropy_loss": -0.00714496997801542,
  "topic_means": {
    "ds": 0.13136640118649848,
    "algo": 0.0,
    "oops": 0.11896061404904083,
    "dbms": 0.0,
    "os": 0.0,
    "cn": 0.3566327236958654,
    "system_design": 0.0
  },
  "consecutive_low_scores": 4,
  "safety_constraints_applied": true
}