{
  "total_episodes": 890,
  "epoch": 2,
  "epoch_episode": 390,
  "question_number": 6,
  "topic": "ds",
  "subtopic": "Graphs",
  "difficulty": 1.584,
  "performance": 0.11981377564759423,
  "time_taken": 10.696628070532215,
  "actor_loss": 0.00021923071318816768,
  "value_loss": 32.44633300827645,
  "entropy_loss": -0.0006957527818991021,
  "topic_means": {
    "ds": 0.1276454497123509,
    "algo": 0.1386760614814879,
    "oops": 0.0,
    "dbms": 0.0,
    "os": 0.0,
    "cn": 0.0,
    "system_design": 0.0
  },
  "consecutive_low_scores": 5,
  "safety_constraints_applied": true
}