{
  "total_episodes": 352,
  "epoch": 1,
  "epoch_episode": 352,
  "question_number": 10,
  "topic": "algo",
  "subtopic": "Dynamic Programming",
  "difficulty": 3.3325210835791625,
  "performance": 0.1024741716348041,
  "time_taken": 15.66360191363597,
  "actor_loss": -0.0006064238999183204,
  "value_loss": 29.882274056728107,
  "entropy_loss": -0.005118885127041554,
  "topic_means": {
    "ds": 0.3479910700561433,
    "algo": 0.12257797770024004,
    "oops": 0.32554471292098425,
    "dbms": 0.0,
    "os": 0.0,
    "cn": 0.0,
    "system_design": 0.0
  },
  "consecutive_low_scores": 4,
  "safety_constraints_applied": true
}