{
  "total_episodes": 2448,
  "epoch": 5,
  "epoch_episode": 448,
  "question_number": 10,
  "topic": "algo",
  "subtopic": "Sorting",
  "difficulty": 1.188,
  "performance": 0.05589975906732336,
  "time_taken": 14.622989138590064,
  "actor_loss": 0.08913419446587909,
  "value_loss": 26.624565750191515,
  "entropy_loss": 0.011848398381215677,
  "topic_means": {
    "ds": 0.4531331853643606,
    "algo": 0.10861747910281414,
    "oops": 0.09972169751632035,
    "dbms": 0.0,
    "os": 0.18849819415417624,
    "cn": 0.0,
    "system_design": 0.0
  },
  "consecutive_low_scores": 6,
  "safety_constraints_applied": true
}