{
  "total_episodes": 1636,
  "epoch": 4,
  "epoch_episode": 136,
  "question_number": 2,
  "topic": "oops",
  "subtopic": "Classes",
  "difficulty": 3.4270822007670034,
  "performance": 0.3058978941588506,
  "time_taken": 12.357584941103593,
  "actor_loss": 0.00600586923231719,
  "value_loss": 24.635456451864723,
  "entropy_loss": 0.0005310426886127441,
  "topic_means": {
    "ds": 0.0,
    "algo": 0.0,
    "oops": 0.3058978941588506,
    "dbms": 0.0,
    "os": 0.14236073358900123,
    "cn": 0.0,
    "system_design": 0.0
  },
  "consecutive_low_scores": 1,
  "safety_constraints_applied": true
}