{
  "total_episodes": 624,
  "epoch": 2,
  "epoch_episode": 124,
  "question_number": 10,
  "topic": "algo",
  "subtopic": "Sorting",
  "difficulty": 1.584,
  "performance": 0.1908348478613961,
  "time_taken": 11.271611846605994,
  "actor_loss": 0.001935709074349297,
  "value_loss": 22.765171472592126,
  "entropy_loss": -0.0014916677738467834,
  "topic_means": {
    "ds": 0.060150299976447774,
    "algo": 0.19543057269219138,
    "oops": 0.29187593383114907,
    "dbms": 0.0,
    "os": 0.38334338619545927,
    "cn": 0.0,
    "system_design": 0.0
  },
  "consecutive_low_scores": 6,
  "safety_constraints_applied": true
}