{
  "total_episodes": 480,
  "epoch": 1,
  "epoch_episode": 480,
  "question_number": 10,
  "topic": "ds",
  "subtopic": "Graphs",
  "difficulty": 3.1423019578410063,
  "performance": 0.16176494472377667,
  "time_taken": 11.181739303220505,
  "actor_loss": -0.00119006813724331,
  "value_loss": 26.806202658501842,
  "entropy_loss": -0.001925750665505732,
  "topic_means": {
    "ds": 0.1448601822060065,
    "algo": 0.13800681476518475,
    "oops": 0.45113564308904364,
    "dbms": 0.0,
    "os": 0.0,
    "cn": 0.0,
    "system_design": 0.2236399324307963
  },
  "consecutive_low_scores": 6,
  "safety_constraints_applied": true
}