{
  "total_episodes": 1818,
  "epoch": 4,
  "epoch_episode": 318,
  "question_number": 6,
  "topic": "algo",
  "subtopic": "Sorting",
  "difficulty": 1.584,
  "performance": 0.13245041800754326,
  "time_taken": 10.43749302396383,
  "actor_loss": 0.0013237732077129708,
  "value_loss": 22.947607825418395,
  "entropy_loss": 0.0022547389066756305,
  "topic_means": {
    "ds": 0.0,
    "algo": 0.13930524704587288,
    "oops": 0.11621113174275717,
    "dbms": 0.0,
    "os": 0.326778820120557,
    "cn": 0.0,
    "system_design": 0.0
  },
  "consecutive_low_scores": 4,
  "safety_constraints_applied": true
}