{
  "total_episodes": 512,
  "epoch": 2,
  "epoch_episode": 12,
  "question_number": 10,
  "topic": "ds",
  "subtopic": "Arrays",
  "difficulty": 1.188,
  "performance": 0.12500828472584274,
  "time_taken": 14.755615229604398,
  "actor_loss": -0.0008018474537822163,
  "value_loss": 24.915127035114825,
  "entropy_loss": -0.0016684037129999143,
  "topic_means": {
    "ds": 0.18462372768853566,
    "algo": 0.0,
    "oops": 0.10519416276413962,
    "dbms": 0.0,
    "os": 0.0,
    "cn": 0.0,
    "system_design": 0.0
  },
  "consecutive_low_scores": 9,
  "safety_constraints_applied": true
}