{
  "total_episodes": 813,
  "epoch": 2,
  "epoch_episode": 313,
  "question_number": 8,
  "topic": "oops",
  "subtopic": "Classes",
  "difficulty": 2.413389534593842,
  "performance": 0.04439643985868402,
  "time_taken": 9.349882943881747,
  "actor_loss": -0.0004959306901511185,
  "value_loss": 23.735702013698333,
  "entropy_loss": -0.0019478653386090187,
  "topic_means": {
    "ds": 0.07200820087468496,
    "algo": 0.2805119566503694,
    "oops": 0.12473271341126613,
    "dbms": 0.0,
    "os": 0.0,
    "cn": 0.0,
    "system_design": 0.0
  },
  "consecutive_low_scores": 6,
  "safety_constraints_applied": true
}