{
  "total_episodes": 2384,
  "epoch": 5,
  "epoch_episode": 384,
  "question_number": 10,
  "topic": "oops",
  "subtopic": "Design Patterns",
  "difficulty": 2.4967102324396957,
  "performance": 0.2239911573585181,
  "time_taken": 13.295649569205853,
  "actor_loss": 0.13586578580481332,
  "value_loss": 25.996921865319727,
  "entropy_loss": 0.01132740258454227,
  "topic_means": {
    "ds": 0.14627357804927257,
    "algo": 0.35608487116054305,
    "oops": 0.27705220411493015,
    "dbms": 0.0,
    "os": 0.0,
    "cn": 0.0,
    "system_design": 0.0
  },
  "consecutive_low_scores": 6,
  "safety_constraints_applied": true
}