{
  "total_episodes": 698,
  "epoch": 2,
  "epoch_episode": 198,
  "question_number": 6,
  "topic": "algo",
  "subtopic": "Backtracking",
  "difficulty": 1.584,
  "performance": 0.09088878946268385,
  "time_taken": 11.003363356880982,
  "actor_loss": -2.4003971805678163e-05,
  "value_loss": 25.670613104306334,
  "entropy_loss": -0.001523850022071177,
  "topic_means": {
    "ds": 0.0,
    "algo": 0.10815690060222366,
    "oops": 0.12987513855201163,
    "dbms": 0.15399803109557045,
    "os": 0.0,
    "cn": 0.0,
    "system_design": 0.0
  },
  "consecutive_low_scores": 5,
  "safety_constraints_applied": true
}