{
  "total_episodes": 2151,
  "epoch": 5,
  "epoch_episode": 151,
  "question_number": 4,
  "topic": "algo",
  "subtopic": "Sorting",
  "difficulty": 1.188,
  "performance": 0.19984571302533727,
  "time_taken": 13.583169339864474,
  "actor_loss": -0.02429549019575831,
  "value_loss": 23.98122741186597,
  "entropy_loss": 0.007759166684033548,
  "topic_means": {
    "ds": 0.0,
    "algo": 0.16775306327995834,
    "oops": 0.1308462963501424,
    "dbms": 0.0,
    "os": 0.0,
    "cn": 0.0,
    "system_design": 0.0
  },
  "consecutive_low_scores": 3,
  "safety_constraints_applied": true
}