{
  "total_episodes": 1255,
  "epoch": 3,
  "epoch_episode": 255,
  "question_number": 4,
  "topic": "algo",
  "subtopic": "Backtracking",
  "difficulty": 3.1842559057800917,
  "performance": 0.2080237790505456,
  "time_taken": 16.73589635983531,
  "actor_loss": 0.0016620497665075444,
  "value_loss": 23.403870807037215,
  "entropy_loss": 0.00022178077357126041,
  "topic_means": {
    "ds": 0.2404851399820379,
    "algo": 0.2758418296796677,
    "oops": 0.0,
    "dbms": 0.0,
    "os": 0.0,
    "cn": 0.0,
    "system_design": 0.0
  },
  "consecutive_low_scores": 2,
  "safety_constraints_applied": true
}