{
  "total_episodes": 1824,
  "epoch": 4,
  "epoch_episode": 324,
  "question_number": 10,
  "topic": "ds",
  "subtopic": "Heaps",
  "difficulty": 3.2054752466852077,
  "performance": 0.17366247989933845,
  "time_taken": 10.845465241724689,
  "actor_loss": 0.0008729659443900327,
  "value_loss": 30.230068852157977,
  "entropy_loss": 0.00402806118283376,
  "topic_means": {
    "ds": 0.19770097505946876,
    "algo": 0.33922980049102625,
    "oops": 0.3102898766767511,
    "dbms": 0.33739484278321513,
    "os": 0.0,
    "cn": 0.0,
    "system_design": 0.0
  },
  "consecutive_low_scores": 5,
  "safety_constraints_applied": true
}