{
  "total_episodes": 535,
  "epoch": 2,
  "epoch_episode": 35,
  "question_number": 4,
  "topic": "algo",
  "subtopic": "Backtracking",
  "difficulty": 2.620831987077736,
  "performance": 0.1258881206915149,
  "time_taken": 13.042212995132033,
  "actor_loss": 0.00021539646362358152,
  "value_loss": 22.238316610310903,
  "entropy_loss": -0.001781945948620483,
  "topic_means": {
    "ds": 0.5867459921454627,
    "algo": 0.1258881206915149,
    "oops": 0.21712089431985226,
    "dbms": 0.0,
    "os": 0.0,
    "cn": 0.0,
    "system_design": 0.16709066971307313
  },
  "consecutive_low_scores": 2,
  "safety_constraints_applied": true
}