{
  "total_episodes": 964,
  "epoch": 2,
  "epoch_episode": 464,
  "question_number": 2,
  "topic": "ds",
  "subtopic": "Linked Lists",
  "difficulty": 3.595247796727486,
  "performance": 0.13258103297815715,
  "time_taken": 15.327967794473983,
  "actor_loss": -0.0021660601581236297,
  "value_loss": 21.885335984611007,
  "entropy_loss": -0.0017052873963840074,
  "topic_means": {
    "ds": 0.13258103297815715,
    "algo": 0.0,
    "oops": 0.0,
    "dbms": 0.0,
    "os": 0.0,
    "cn": 0.19841593224249524,
    "system_design": 0.0
  },
  "consecutive_low_scores": 1,
  "safety_constraints_applied": true
}