{
  "total_episodes": 986,
  "epoch": 2,
  "epoch_episode": 486,
  "question_number": 6,
  "topic": "ds",
  "subtopic": "Graphs",
  "difficulty": 2.6066004964266085,
  "performance": 0.08492058643041497,
  "time_taken": 13.801071397812006,
  "actor_loss": -0.0010213691152703784,
  "value_loss": 24.009608858988763,
  "entropy_loss": -0.0011070595015980403,
  "topic_means": {
    "ds": 0.11006427562080835,
    "algo": 0.356941732000481,
    "oops": 0.23551122755450543,
    "dbms": 0.0,
    "os": 0.1463165279716679,
    "cn": 0.0,
    "system_design": 0.0
  },
  "consecutive_low_scores": 3,
  "safety_constraints_applied": true
}