{
  "total_episodes": 1882,
  "epoch": 4,
  "epoch_episode": 382,
  "question_number": 6,
  "topic": "ds",
  "subtopic": "Heaps",
  "difficulty": 1.188,
  "performance": 0.2071259886093401,
  "time_taken": 11.432176201937025,
  "actor_loss": -0.006503312164235156,
  "value_loss": 25.146845367974475,
  "entropy_loss": 0.00428479973678451,
  "topic_means": {
    "ds": 0.2071259886093401,
    "algo": 0.16323910444573234,
    "oops": 0.15257016831554274,
    "dbms": 0.0,
    "os": 0.0,
    "cn": 0.0,
    "system_design": 0.0
  },
  "consecutive_low_scores": 5,
  "safety_constraints_applied": true
}