{
  "total_episodes": 436,
  "epoch": 1,
  "epoch_episode": 436,
  "question_number": 2,
  "topic": "ds",
  "subtopic": "Heaps",
  "difficulty": 3.968961847284099,
  "performance": 0.41864464238558846,
  "time_taken": 15.683322209352877,
  "actor_loss": 0.0011330290549096606,
  "value_loss": 29.754961520154502,
  "entropy_loss": -0.0030977273058137864,
  "topic_means": {
    "ds": 0.41864464238558846,
    "algo": 0.0,
    "oops": 0.0,
    "dbms": 0.0,
    "os": 0.0,
    "cn": 0.322987282428033,
    "system_design": 0.0
  },
  "consecutive_low_scores": 0,
  "safety_constraints_applied": true
}