{
  "total_episodes": 1559,
  "epoch": 4,
  "epoch_episode": 59,
  "question_number": 4,
  "topic": "oops",
  "subtopic": "Inheritance",
  "difficulty": 2.53996489919153,
  "performance": 0.35079230337491496,
  "time_taken": 13.552911944082402,
  "actor_loss": 0.00155699670882214,
  "value_loss": 23.091296383640586,
  "entropy_loss": 0.0012145840869295925,
  "topic_means": {
    "ds": 0.1522872852478669,
    "algo": 0.0,
    "oops": 0.4052418722996115,
    "dbms": 0.2364529389695369,
    "os": 0.0,
    "cn": 0.0,
    "system_design": 0.0
  },
  "consecutive_low_scores": 2,
  "safety_constraints_applied": true
}