{
  "total_episodes": 1671,
  "epoch": 4,
  "epoch_episode": 171,
  "question_number": 4,
  "topic": "oops",
  "subtopic": "Polymorphism",
  "difficulty": 1.188,
  "performance": 0.15587350653343196,
  "time_taken": 9.746999172933947,
  "actor_loss": -0.001504737996258865,
  "value_loss": 30.425942750147932,
  "entropy_loss": 0.002148633191583333,
  "topic_means": {
    "ds": 0.0,
    "algo": 0.0,
    "oops": 0.16442033854743118,
    "dbms": 0.0,
    "os": 0.0,
    "cn": 0.17879011005171053,
    "system_design": 0.0
  },
  "consecutive_low_scores": 3,
  "safety_constraints_applied": true
}