{
  "total_episodes": 861,
  "epoch": 2,
  "epoch_episode": 361,
  "question_number": 8,
  "topic": "algo",
  "subtopic": "Dynamic Programming",
  "difficulty": 2.421447075060038,
  "performance": 0.07662424889091736,
  "time_taken": 15.962116387858416,
  "actor_loss": 0.0023811307569981143,
  "value_loss": 28.433657335188634,
  "entropy_loss": -0.0022816955247587185,
  "topic_means": {
    "ds": 0.13178660653511626,
    "algo": 0.20754984132896862,
    "oops": 0.4750757117242062,
    "dbms": 0.0,
    "os": 0.0,
    "cn": 0.1859200412159919,
    "system_design": 0.0
  },
  "consecutive_low_scores": 4,
  "safety_constraints_applied": true
}