{
  "total_episodes": 1117,
  "epoch": 3,
  "epoch_episode": 117,
  "question_number": 8,
  "topic": "ds",
  "subtopic": "Heaps",
  "difficulty": 1.584,
  "performance": 0.421968313453041,
  "time_taken": 10.411566683329731,
  "actor_loss": 0.007353091232380755,
  "value_loss": 21.970275868527857,
  "entropy_loss": -0.002424835099765602,
  "topic_means": {
    "ds": 0.4360592681234206,
    "algo": 0.19768202589874914,
    "oops": 0.19984312956611774,
    "dbms": 0.0,
    "os": 0.0,
    "cn": 0.0,
    "system_design": 0.0
  },
  "consecutive_low_scores": 5,
  "safety_constraints_applied": true
}