{
  "total_episodes": 1741,
  "epoch": 4,
  "epoch_episode": 241,
  "question_number": 8,
  "topic": "algo",
  "subtopic": "Sorting",
  "difficulty": 2.5758526081875006,
  "performance": 0.08512402848710128,
  "time_taken": 11.436408298583714,
  "actor_loss": -0.009932035161712264,
  "value_loss": 27.465564723858062,
  "entropy_loss": 0.0016653939648448822,
  "topic_means": {
    "ds": 0.13931883649910842,
    "algo": 0.10631613976613137,
    "oops": 0.39961394769880276,
    "dbms": 0.0,
    "os": 0.0,
    "cn": 0.282036251341365,
    "system_design": 0.0
  },
  "consecutive_low_scores": 5,
  "safety_constraints_applied": true
}