{
  "total_episodes": 71,
  "epoch": 1,
  "epoch_episode": 71,
  "question_number": 4,
  "topic": "algo",
  "subtopic": "Dynamic Programming",
  "difficulty": 1.584,
  "performance": 0.11336775175201948,
  "time_taken": 19.58795850117698,
  "actor_loss": 0.0006819682809863961,
  "value_loss": 23.000270775024667,
  "entropy_loss": -0.00895113971919572,
  "topic_means": {
    "ds": 0.12245766295108552,
    "algo": 0.1359992799740711,
    "oops": 0.0,
    "dbms": 0.0,
    "os": 0.0,
    "cn": 0.3542424228610749,
    "system_design": 0.0
  },
  "consecutive_low_scores": 2,
  "safety_constraints_applied": true
}