{
  "total_episodes": 215,
  "epoch": 1,
  "epoch_episode": 215,
  "question_number": 4,
  "topic": "algo",
  "subtopic": "Backtracking",
  "difficulty": 2.5188562281055025,
  "performance": 0.42326652866688874,
  "time_taken": 8.684002733392239,
  "actor_loss": -0.0025386343269648125,
  "value_loss": 24.476241059375486,
  "entropy_loss": -0.0059362793157595115,
  "topic_means": {
    "ds": 0.1329691982365498,
    "algo": 0.36891538696440707,
    "oops": 0.0,
    "dbms": 0.0,
    "os": 0.0,
    "cn": 0.0,
    "system_design": 0.0
  },
  "consecutive_low_scores": 2,
  "safety_constraints_applied": true
}