{
  "total_episodes": 666,
  "epoch": 2,
  "epoch_episode": 166,
  "question_number": 6,
  "topic": "algo",
  "subtopic": "Backtracking",
  "difficulty": 1.584,
  "performance": 0.1638956564693002,
  "time_taken": 14.862162935933616,
  "actor_loss": -0.0001604555792100214,
  "value_loss": 27.19561409940834,
  "entropy_loss": -0.0011436040908028027,
  "topic_means": {
    "ds": 0.11732315882180124,
    "algo": 0.22575477822601617,
    "oops": 0.21682582425990898,
    "dbms": 0.0,
    "os": 0.0,
    "cn": 0.0,
    "system_design": 0.0
  },
  "consecutive_low_scores": 5,
  "safety_constraints_applied": true
}