{
  "total_episodes": 858,
  "epoch": 2,
  "epoch_episode": 358,
  "question_number": 6,
  "topic": "algo",
  "subtopic": "Sorting",
  "difficulty": 1.188,
  "performance": 0.10396294272211441,
  "time_taken": 11.006370277923414,
  "actor_loss": 0.0016237754657271336,
  "value_loss": 28.31771720049182,
  "entropy_loss": -0.0023304296770559913,
  "topic_means": {
    "ds": 0.10189141626037954,
    "algo": 0.13605203746799724,
    "oops": 0.14689091858291983,
    "dbms": 0.0,
    "os": 0.0,
    "cn": 0.0,
    "system_design": 0.0
  },
  "consecutive_low_scores": 5,
  "safety_constraints_applied": true
}