{
  "total_episodes": 439,
  "epoch": 1,
  "epoch_episode": 439,
  "question_number": 4,
  "topic": "oops",
  "subtopic": "Classes",
  "difficulty": 1.584,
  "performance": 0.38701704021195876,
  "time_taken": 13.855356871619463,
  "actor_loss": -0.0016592694169635634,
  "value_loss": 23.39142503013508,
  "entropy_loss": -0.003082515347296208,
  "topic_means": {
    "ds": 0.0,
    "algo": 0.1447128405352042,
    "oops": 0.38701704021195876,
    "dbms": 0.0,
    "os": 0.0,
    "cn": 0.0,
    "system_design": 0.0
  },
  "consecutive_low_scores": 3,
  "safety_constraints_applied": true
}