{
  "total_episodes": 1213,
  "epoch": 3,
  "epoch_episode": 213,
  "question_number": 8,
  "topic": "ds",
  "subtopic": "Graphs",
  "difficulty": 1.188,
  "performance": 0.06926958421691304,
  "time_taken": 15.104278014441288,
  "actor_loss": -0.0012373816354783324,
  "value_loss": 23.323631359719847,
  "entropy_loss": -0.0004809510180030812,
  "topic_means": {
    "ds": 0.10782023655814198,
    "algo": 0.25027089068336605,
    "oops": 0.34049661272937115,
    "dbms": 0.0,
    "os": 0.0,
    "cn": 0.0,
    "system_design": 0.0
  },
  "consecutive_low_scores": 5,
  "safety_constraints_applied": true
}