{
  "total_episodes": 1956,
  "epoch": 4,
  "epoch_episode": 456,
  "question_number": 2,
  "topic": "algo",
  "subtopic": "Searching",
  "difficulty": 4.509925279401186,
  "performance": 0.15740462767836427,
  "time_taken": 12.051732086904694,
  "actor_loss": -0.0017931685553416788,
  "value_loss": 21.497671223003046,
  "entropy_loss": 0.004496906213589256,
  "topic_means": {
    "ds": 0.1699750931337284,
    "algo": 0.15740462767836427,
    "oops": 0.0,
    "dbms": 0.0,
    "os": 0.0,
    "cn": 0.0,
    "system_design": 0.0
  },
  "consecutive_low_scores": 1,
  "safety_constraints_applied": true
}