{
  "total_episodes": 1437,
  "epoch": 3,
  "epoch_episode": 437,
  "question_number": 8,
  "topic": "oops",
  "subtopic": "Inheritance",
  "difficulty": 3.106401148024387,
  "performance": 0.07023050945967466,
  "time_taken": 15.502798594120208,
  "actor_loss": -0.0007519378385779842,
  "value_loss": 27.451829031586794,
  "entropy_loss": 0.0007422862382741216,
  "topic_means": {
    "ds": 0.32105027639452755,
    "algo": 0.22057217305563037,
    "oops": 0.17117238160758153,
    "dbms": 0.0,
    "os": 0.0,
    "cn": 0.0,
    "system_design": 0.0
  },
  "consecutive_low_scores": 4,
  "safety_constraints_applied": true
}