{
  "total_episodes": 1184,
  "epoch": 3,
  "epoch_episode": 184,
  "question_number": 10,
  "topic": "ds",
  "subtopic": "Arrays",
  "difficulty": 1.584,
  "performance": 0.5157820945229861,
  "time_taken": 10.826888998659127,
  "actor_loss": 0.007472099866473963,
  "value_loss": 28.299379747810423,
  "entropy_loss": -0.0005170026722373839,
  "topic_means": {
    "ds": 0.4700761583051601,
    "algo": 0.15314150237569482,
    "oops": 0.40531528615801365,
    "dbms": 0.15391182449863378,
    "os": 0.0,
    "cn": 0.0,
    "system_design": 0.0
  },
  "consecutive_low_scores": 6,
  "safety_constraints_applied": true
}