{
  "total_episodes": 855,
  "epoch": 2,
  "epoch_episode": 355,
  "question_number": 4,
  "topic": "oops",
  "subtopic": "Inheritance",
  "difficulty": 1.584,
  "performance": 0.11337343912849995,
  "time_taken": 13.51911842133899,
  "actor_loss": -0.002994106210875501,
  "value_loss": 29.58457692226126,
  "entropy_loss": -0.001235312651554651,
  "topic_means": {
    "ds": 0.0,
    "algo": 0.18510053487372322,
    "oops": 0.13191748943118328,
    "dbms": 0.0,
    "os": 0.1514471345709253,
    "cn": 0.0,
    "system_design": 0.0
  },
  "consecutive_low_scores": 3,
  "safety_constraints_applied": true
}