{
  "total_episodes": 909,
  "epoch": 2,
  "epoch_episode": 409,
  "question_number": 8,
  "topic": "oops",
  "subtopic": "Inheritance",
  "difficulty": 1.188,
  "performance": 0.07526878247316054,
  "time_taken": 16.228556639503797,
  "actor_loss": -0.011223208763754341,
  "value_loss": 22.854410969016435,
  "entropy_loss": -0.0007797558098953125,
  "topic_means": {
    "ds": 0.26680877564867994,
    "algo": 0.12563475463572954,
    "oops": 0.2093649833085139,
    "dbms": 0.0,
    "os": 0.0,
    "cn": 0.0,
    "system_design": 0.0
  },
  "consecutive_low_scores": 6,
  "safety_constraints_applied": true
}