{
  "total_episodes": 2205,
  "epoch": 5,
  "epoch_episode": 205,
  "question_number": 8,
  "topic": "algo",
  "subtopic": "Dynamic Programming",
  "difficulty": 2.6728268577116623,
  "performance": 0.32085569561597116,
  "time_taken": 11.52700584123538,
  "actor_loss": 0.11946896392795754,
  "value_loss": 35.811252238842044,
  "entropy_loss": 0.009784684439531335,
  "topic_means": {
    "ds": 0.3840480002742642,
    "algo": 0.2779076276434104,
    "oops": 0.24676950455278196,
    "dbms": 0.0,
    "os": 0.0,
    "cn": 0.0,
    "system_design": 0.14581387775194704
  },
  "consecutive_low_scores": 3,
  "safety_constraints_applied": true
}