{
  "total_episodes": 608,
  "epoch": 2,
  "epoch_episode": 108,
  "question_number": 10,
  "topic": "oops",
  "subtopic": "Design Patterns",
  "difficulty": 1.188,
  "performance": 0.08486686866531801,
  "time_taken": 16.179859612032445,
  "actor_loss": 0.0018576640200871947,
  "value_loss": 27.075261381438384,
  "entropy_loss": -0.001701630583572381,
  "topic_means": {
    "ds": 0.21448066854989475,
    "algo": 0.1602735405076408,
    "oops": 0.09738665877966898,
    "dbms": 0.0,
    "os": 0.0,
    "cn": 0.0,
    "system_design": 0.0
  },
  "consecutive_low_scores": 9,
  "safety_constraints_applied": true
}