{
  "total_episodes": 880,
  "epoch": 2,
  "epoch_episode": 380,
  "question_number": 10,
  "topic": "ds",
  "subtopic": "Heaps",
  "difficulty": 2.455940029662306,
  "performance": 0.09838776338233045,
  "time_taken": 8.957637804854874,
  "actor_loss": -0.00035619232728035036,
  "value_loss": 24.191803994885827,
  "entropy_loss": -0.0014583997544470918,
  "topic_means": {
    "ds": 0.12328079490400044,
    "algo": 0.2603297439621412,
    "oops": 0.3215761632942705,
    "dbms": 0.2364529389695369,
    "os": 0.0,
    "cn": 0.0,
    "system_design": 0.0
  },
  "consecutive_low_scores": 5,
  "safety_constraints_applied": true
}