{
  "total_episodes": 628,
  "epoch": 2,
  "epoch_episode": 128,
  "question_number": 2,
  "topic": "algo",
  "subtopic": "Dynamic Programming",
  "difficulty": 4.43848195123622,
  "performance": 0.14504192019863243,
  "time_taken": 14.66132086307482,
  "actor_loss": -0.0006234090640117818,
  "value_loss": 24.61335598501943,
  "entropy_loss": -0.0018968723567198997,
  "topic_means": {
    "ds": 0.0,
    "algo": 0.14504192019863243,
    "oops": 0.0,
    "dbms": 0.0,
    "os": 0.0,
    "cn": 0.14616065041207332,
    "system_design": 0.0
  },
  "consecutive_low_scores": 1,
  "safety_constraints_applied": true
}