{
  "total_episodes": 845,
  "epoch": 2,
  "epoch_episode": 345,
  "question_number": 8,
  "topic": "ds",
  "subtopic": "Trees",
  "difficulty": 1.188,
  "performance": 0.10650774064395571,
  "time_taken": 15.457847544040538,
  "actor_loss": 0.0013371562278900605,
  "value_loss": 30.478705690628466,
  "entropy_loss": -0.0017582964336244386,
  "topic_means": {
    "ds": 0.10650774064395571,
    "algo": 0.19794153217397747,
    "oops": 0.11421288095891986,
    "dbms": 0.15798814486916785,
    "os": 0.0,
    "cn": 0.0,
    "system_design": 0.0
  },
  "consecutive_low_scores": 7,
  "safety_constraints_applied": true
}