{
  "total_episodes": 589,
  "epoch": 2,
  "epoch_episode": 89,
  "question_number": 8,
  "topic": "oops",
  "subtopic": "Design Patterns",
  "difficulty": 1.188,
  "performance": 0.05411184379663725,
  "time_taken": 15.783168995575508,
  "actor_loss": -0.0007826278737543193,
  "value_loss": 22.78435244464732,
  "entropy_loss": -0.0021659117181919542,
  "topic_means": {
    "ds": 0.2699854164138762,
    "algo": 0.14388412946821755,
    "oops": 0.18257236070668137,
    "dbms": 0.0,
    "os": 0.0,
    "cn": 0.0,
    "system_design": 0.0
  },
  "consecutive_low_scores": 7,
  "safety_constraints_applied": true
}