{
  "total_episodes": 682,
  "epoch": 2,
  "epoch_episode": 182,
  "question_number": 6,
  "topic": "algo",
  "subtopic": "Dynamic Programming",
  "difficulty": 1.188,
  "performance": 0.08290746360501043,
  "time_taken": 14.17158670827519,
  "actor_loss": -0.0021769608446752286,
  "value_loss": 26.48480143896462,
  "entropy_loss": -0.0012663814875881574,
  "topic_means": {
    "ds": 0.19146669937045213,
    "algo": 0.11402653227397685,
    "oops": 0.18562127745020263,
    "dbms": 0.15417746509755845,
    "os": 0.0,
    "cn": 0.0,
    "system_design": 0.0
  },
  "consecutive_low_scores": 5,
  "safety_constraints_applied": true
}