{
  "total_episodes": 1188,
  "epoch": 3,
  "epoch_episode": 188,
  "question_number": 2,
  "topic": "algo",
  "subtopic": "Dynamic Programming",
  "difficulty": 4.483639414239606,
  "performance": 0.31640971194005274,
  "time_taken": 10.693890181138935,
  "actor_loss": -0.00011555832967781072,
  "value_loss": 24.96383262227268,
  "entropy_loss": -0.0008612100302735414,
  "topic_means": {
    "ds": 0.16121313807986873,
    "algo": 0.31640971194005274,
    "oops": 0.0,
    "dbms": 0.0,
    "os": 0.0,
    "cn": 0.0,
    "system_design": 0.0
  },
  "consecutive_low_scores": 1,
  "safety_constraints_applied": true
}