{
  "total_episodes": 1610,
  "epoch": 4,
  "epoch_episode": 110,
  "question_number": 6,
  "topic": "algo",
  "subtopic": "Dynamic Programming",
  "difficulty": 1.188,
  "performance": 0.20967990553777072,
  "time_taken": 14.632718275273028,
  "actor_loss": -0.0007294384497166164,
  "value_loss": 28.012867373002262,
  "entropy_loss": 0.00128808956801659,
  "topic_means": {
    "ds": 0.14754342800656742,
    "algo": 0.2207502903400142,
    "oops": 0.0,
    "dbms": 0.1580211591866132,
    "os": 0.0,
    "cn": 0.0,
    "system_design": 0.0
  },
  "consecutive_low_scores": 5,
  "safety_constraints_applied": true
}