{
  "total_episodes": 1815,
  "epoch": 4,
  "epoch_episode": 315,
  "question_number": 4,
  "topic": "algo",
  "subtopic": "Greedy",
  "difficulty": 1.188,
  "performance": 0.11697608410297136,
  "time_taken": 10.69018171270184,
  "actor_loss": 0.0034882515527306355,
  "value_loss": 22.19381082030964,
  "entropy_loss": 0.002843811763047083,
  "topic_means": {
    "ds": 0.13086602300523392,
    "algo": 0.11697608410297136,
    "oops": 0.11736216989633924,
    "dbms": 0.0,
    "os": 0.25464500078823427,
    "cn": 0.0,
    "system_design": 0.0
  },
  "consecutive_low_scores": 3,
  "safety_constraints_applied": true
}