{
  "total_episodes": 596,
  "epoch": 2,
  "epoch_episode": 96,
  "question_number": 2,
  "topic": "algo",
  "subtopic": "Greedy",
  "difficulty": 4.673435752742338,
  "performance": 0.1544037913028452,
  "time_taken": 14.856597352466505,
  "actor_loss": 0.0003607843927994125,
  "value_loss": 26.845336013906245,
  "entropy_loss": -0.0018591949736590514,
  "topic_means": {
    "ds": 0.0,
    "algo": 0.1544037913028452,
    "oops": 0.224478584247446,
    "dbms": 0.0,
    "os": 0.0,
    "cn": 0.0,
    "system_design": 0.0
  },
  "consecutive_low_scores": 1,
  "safety_constraints_applied": true
}