{
  "total_episodes": 576,
  "epoch": 2,
  "epoch_episode": 76,
  "question_number": 10,
  "topic": "algo",
  "subtopic": "Backtracking",
  "difficulty": 2.449338393105721,
  "performance": 0.3357227732064473,
  "time_taken": 13.509467233606456,
  "actor_loss": 0.004224814310339974,
  "value_loss": 31.879335680089508,
  "entropy_loss": -0.0012806775442276443,
  "topic_means": {
    "ds": 0.408162851626789,
    "algo": 0.29585966452915924,
    "oops": 0.0886326323528474,
    "dbms": 0.0,
    "os": 0.0,
    "cn": 0.0,
    "system_design": 0.0
  },
  "consecutive_low_scores": 4,
  "safety_constraints_applied": true
}