{
  "total_episodes": 237,
  "epoch": 1,
  "epoch_episode": 237,
  "question_number": 8,
  "topic": "oops",
  "subtopic": "Classes",
  "difficulty": 1.584,
  "performance": 0.10231385283031723,
  "time_taken": 16.615771995923822,
  "actor_loss": 0.0028937459712506013,
  "value_loss": 27.341413478042977,
  "entropy_loss": -0.0066132257784753,
  "topic_means": {
    "ds": 0.12808839561875288,
    "algo": 0.34126605110340513,
    "oops": 0.09701592589443685,
    "dbms": 0.0,
    "os": 0.0,
    "cn": 0.0,
    "system_design": 0.14251819000633648
  },
  "consecutive_low_scores": 6,
  "safety_constraints_applied": true
}