{
  "total_episodes": 2112,
  "epoch": 5,
  "epoch_episode": 112,
  "question_number": 10,
  "topic": "algo",
  "subtopic": "Searching",
  "difficulty": 2.282610839421335,
  "performance": 0.053414891858564156,
  "time_taken": 16.715517149456083,
  "actor_loss": -0.0068169604188968004,
  "value_loss": 22.44055807167798,
  "entropy_loss": 0.006581517545720961,
  "topic_means": {
    "ds": 0.19844532628139416,
    "algo": 0.08784721604742682,
    "oops": 0.3600060859181018,
    "dbms": 0.0,
    "os": 0.0,
    "cn": 0.0,
    "system_design": 0.18784210931308037
  },
  "consecutive_low_scores": 6,
  "safety_constraints_applied": true
}