{
  "total_episodes": 557,
  "epoch": 2,
  "epoch_episode": 57,
  "question_number": 8,
  "topic": "oops",
  "subtopic": "Design Patterns",
  "difficulty": 1.188,
  "performance": 0.06764438661557723,
  "time_taken": 19.015151393141963,
  "actor_loss": 0.0020501610958061803,
  "value_loss": 24.123038576461965,
  "entropy_loss": -0.0017741647016105036,
  "topic_means": {
    "ds": 0.2826748471299488,
    "algo": 0.41018489061692004,
    "oops": 0.1466188614065248,
    "dbms": 0.0,
    "os": 0.0,
    "cn": 0.0,
    "system_design": 0.1439943312814061
  },
  "consecutive_low_scores": 5,
  "safety_constraints_applied": true
}