{
  "total_episodes": 23,
  "epoch": 1,
  "epoch_episode": 23,
  "question_number": 4,
  "topic": "ds",
  "subtopic": "Graphs",
  "difficulty": 1.188,
  "performance": 0.40341973440547724,
  "time_taken": 9.803889656654473,
  "actor_loss": 0.00043407668724155905,
  "value_loss": 26.30913995466838,
  "entropy_loss": -0.011109939271603794,
  "topic_means": {
    "ds": 0.40341973440547724,
    "algo": 0.15527131933076496,
    "oops": 0.20444704724025325,
    "dbms": 0.0,
    "os": 0.0,
    "cn": 0.0,
    "system_design": 0.0
  },
  "consecutive_low_scores": 3,
  "safety_constraints_applied": true
}