{
  "total_episodes": 61,
  "epoch": 1,
  "epoch_episode": 61,
  "question_number": 8,
  "topic": "algo",
  "subtopic": "Backtracking",
  "difficulty": 2.5580881442390204,
  "performance": 0.17234323251740774,
  "time_taken": 13.052661749915545,
  "actor_loss": 0.002582159830717747,
  "value_loss": 27.58727108842852,
  "entropy_loss": -0.00920939875554408,
  "topic_means": {
    "ds": 0.15856119216386658,
    "algo": 0.2696388494768088,
    "oops": 0.13901276643677804,
    "dbms": 0.0,
    "os": 0.0,
    "cn": 0.0,
    "system_design": 0.0
  },
  "consecutive_low_scores": 5,
  "safety_constraints_applied": true
}