{
  "total_episodes": 896,
  "epoch": 2,
  "epoch_episode": 396,
  "question_number": 10,
  "topic": "oops",
  "subtopic": "Design Patterns",
  "difficulty": 1.584,
  "performance": 0.24251875355840963,
  "time_taken": 9.641474287860607,
  "actor_loss": 0.011752399741255977,
  "value_loss": 26.841944558786288,
  "entropy_loss": -0.0012572778599364422,
  "topic_means": {
    "ds": 0.12285950074034364,
    "algo": 0.11046205882813749,
    "oops": 0.21155597289037018,
    "dbms": 0.0,
    "os": 0.0,
    "cn": 0.0,
    "system_design": 0.0
  },
  "consecutive_low_scores": 7,
  "safety_constraints_applied": true
}