{
  "total_episodes": 516,
  "epoch": 2,
  "epoch_episode": 16,
  "question_number": 2,
  "topic": "oops",
  "subtopic": "Inheritance",
  "difficulty": 3.4889592680864947,
  "performance": 0.157193913935701,
  "time_taken": 12.475381434041259,
  "actor_loss": 0.001080345179292328,
  "value_loss": 23.284748757932775,
  "entropy_loss": -0.0015208262418946819,
  "topic_means": {
    "ds": 0.0,
    "algo": 0.0,
    "oops": 0.157193913935701,
    "dbms": 0.0,
    "os": 0.16298642269549818,
    "cn": 0.0,
    "system_design": 0.0
  },
  "consecutive_low_scores": 1,
  "safety_constraints_applied": true
}