{
  "total_episodes": 704,
  "epoch": 2,
  "epoch_episode": 204,
  "question_number": 10,
  "topic": "oops",
  "subtopic": "Polymorphism",
  "difficulty": 2.7131539510662885,
  "performance": 0.3247690719155484,
  "time_taken": 10.660807523172688,
  "actor_loss": 0.004414277033826816,
  "value_loss": 25.052627100864317,
  "entropy_loss": -0.0010975424528319767,
  "topic_means": {
    "ds": 0.48266859512353427,
    "algo": 0.42047374427159345,
    "oops": 0.26893063043609816,
    "dbms": 0.0,
    "os": 0.15761710463116774,
    "cn": 0.12100712935130326,
    "system_design": 0.0
  },
  "consecutive_low_scores": 4,
  "safety_constraints_applied": true
}