{
  "total_episodes": 2196,
  "epoch": 5,
  "epoch_episode": 196,
  "question_number": 2,
  "topic": "oops",
  "subtopic": "Abstraction",
  "difficulty": 3.4607346757944817,
  "performance": 0.1885502286106798,
  "time_taken": 11.454129389728973,
  "actor_loss": 0.07426064148823372,
  "value_loss": 28.980012811323103,
  "entropy_loss": 0.00944420844463459,
  "topic_means": {
    "ds": 0.0,
    "algo": 0.0,
    "oops": 0.1710642269377535,
    "dbms": 0.0,
    "os": 0.0,
    "cn": 0.0,
    "system_design": 0.0
  },
  "consecutive_low_scores": 1,
  "safety_constraints_applied": true
}