{
  "total_episodes": 148,
  "epoch": 1,
  "epoch_episode": 148,
  "question_number": 2,
  "topic": "ds",
  "subtopic": "Arrays",
  "difficulty": 3.4917158738597474,
  "performance": 0.12843836696144562,
  "time_taken": 16.225961086093125,
  "actor_loss": 0.0008688608782341691,
  "value_loss": 32.0729366884353,
  "entropy_loss": -0.006108146295238889,
  "topic_means": {
    "ds": 0.12843836696144562,
    "algo": 0.0,
    "oops": 0.0,
    "dbms": 0.16390529128658243,
    "os": 0.0,
    "cn": 0.0,
    "system_design": 0.0
  },
  "consecutive_low_scores": 1,
  "safety_constraints_applied": true
}