{
  "total_episodes": 948,
  "epoch": 2,
  "epoch_episode": 448,
  "question_number": 2,
  "topic": "ds",
  "subtopic": "Trees",
  "difficulty": 3.4553506081619934,
  "performance": 0.1512614718147857,
  "time_taken": 17.706222885039065,
  "actor_loss": 0.005678285073396164,
  "value_loss": 25.623952488133888,
  "entropy_loss": -0.001578024043894529,
  "topic_means": {
    "ds": 0.15152250393439176,
    "algo": 0.0,
    "oops": 0.0,
    "dbms": 0.0,
    "os": 0.0,
    "cn": 0.0,
    "system_design": 0.0
  },
  "consecutive_low_scores": 1,
  "safety_constraints_applied": true
}