{
  "total_episodes": 605,
  "epoch": 2,
  "epoch_episode": 105,
  "question_number": 8,
  "topic": "algo",
  "subtopic": "Searching",
  "difficulty": 2.8378889665230753,
  "performance": 0.4450159025880295,
  "time_taken": 10.17112528546561,
  "actor_loss": 0.0022387547586206146,
  "value_loss": 21.742149500289344,
  "entropy_loss": -0.0017126015367025145,
  "topic_means": {
    "ds": 0.3900687659179077,
    "algo": 0.3662519461950309,
    "oops": 0.4771654834042154,
    "dbms": 0.0,
    "os": 0.0,
    "cn": 0.0,
    "system_design": 0.0
  },
  "consecutive_low_scores": 2,
  "safety_constraints_applied": true
}