{
  "total_episodes": 1156,
  "epoch": 3,
  "epoch_episode": 156,
  "question_number": 2,
  "topic": "oops",
  "subtopic": "Design Patterns",
  "difficulty": 3.895060111121926,
  "performance": 0.32634343197005355,
  "time_taken": 9.378491183591565,
  "actor_loss": 0.006606281029989726,
  "value_loss": 21.469686128261625,
  "entropy_loss": -0.0021545959388978462,
  "topic_means": {
    "ds": 0.0,
    "algo": 0.29835337037397536,
    "oops": 0.32634343197005355,
    "dbms": 0.0,
    "os": 0.0,
    "cn": 0.0,
    "system_design": 0.0
  },
  "consecutive_low_scores": 1,
  "safety_constraints_applied": true
}