{
  "total_episodes": 2096,
  "epoch": 5,
  "epoch_episode": 96,
  "question_number": 10,
  "topic": "ds",
  "subtopic": "Heaps",
  "difficulty": 1.584,
  "performance": 0.3236660052278376,
  "time_taken": 8.617962922311625,
  "actor_loss": -0.002795171315392193,
  "value_loss": 23.56785344969423,
  "entropy_loss": 0.005719624461472064,
  "topic_means": {
    "ds": 0.18953657183458125,
    "algo": 0.14061672600755576,
    "oops": 0.193977171694682,
    "dbms": 0.0,
    "os": 0.0,
    "cn": 0.4888322629370088,
    "system_design": 0.0
  },
  "consecutive_low_scores": 7,
  "safety_constraints_applied": true
}