{
  "total_episodes": 893,
  "epoch": 2,
  "epoch_episode": 393,
  "question_number": 8,
  "topic": "ds",
  "subtopic": "Graphs",
  "difficulty": 1.584,
  "performance": 0.2097684170284711,
  "time_taken": 12.92943240421719,
  "actor_loss": 0.0017810432929009673,
  "value_loss": 23.79984373930912,
  "entropy_loss": -0.0014564717999750447,
  "topic_means": {
    "ds": 0.1684123814851311,
    "algo": 0.13967412246097138,
    "oops": 0.25326771744047377,
    "dbms": 0.0,
    "os": 0.0,
    "cn": 0.0,
    "system_design": 0.0
  },
  "consecutive_low_scores": 6,
  "safety_constraints_applied": true
}