{
  "total_episodes": 1130,
  "epoch": 3,
  "epoch_episode": 130,
  "question_number": 6,
  "topic": "algo",
  "subtopic": "Greedy",
  "difficulty": 3.451314905881901,
  "performance": 0.2816870888095723,
  "time_taken": 10.233367716965255,
  "actor_loss": 0.00019537356759305493,
  "value_loss": 26.717294140608306,
  "entropy_loss": -0.0012547095414237465,
  "topic_means": {
    "ds": 0.2653294691973273,
    "algo": 0.2948260964969383,
    "oops": 0.48084797867142604,
    "dbms": 0.0,
    "os": 0.0,
    "cn": 0.0,
    "system_design": 0.0
  },
  "consecutive_low_scores": 2,
  "safety_constraints_applied": true
}