{
  "total_episodes": 823,
  "epoch": 2,
  "epoch_episode": 323,
  "question_number": 4,
  "topic": "oops",
  "subtopic": "Polymorphism",
  "difficulty": 1.584,
  "performance": 0.34270816606622745,
  "time_taken": 8.415406038898485,
  "actor_loss": 0.0036744837049997267,
  "value_loss": 23.40222738734514,
  "entropy_loss": -0.0015722598387958408,
  "topic_means": {
    "ds": 0.0,
    "algo": 0.23942511044334036,
    "oops": 0.2575627168039631,
    "dbms": 0.0,
    "os": 0.0,
    "cn": 0.0,
    "system_design": 0.0
  },
  "consecutive_low_scores": 3,
  "safety_constraints_applied": true
}