{
  "total_episodes": 474,
  "epoch": 1,
  "epoch_episode": 474,
  "question_number": 6,
  "topic": "algo",
  "subtopic": "Backtracking",
  "difficulty": 2.549863393629576,
  "performance": 0.41781865286266245,
  "time_taken": 11.636150894326224,
  "actor_loss": 0.0008770978723838616,
  "value_loss": 26.18939630313647,
  "entropy_loss": -0.0020212609141431457,
  "topic_means": {
    "ds": 0.3361791477957678,
    "algo": 0.41781865286266245,
    "oops": 0.14198905936903056,
    "dbms": 0.0,
    "os": 0.0,
    "cn": 0.0,
    "system_design": 0.0
  },
  "consecutive_low_scores": 2,
  "safety_constraints_applied": true
}