{
  "total_episodes": 1098,
  "epoch": 3,
  "epoch_episode": 98,
  "question_number": 6,
  "topic": "ds",
  "subtopic": "Heaps",
  "difficulty": 2.7788367915636845,
  "performance": 0.1743683648547582,
  "time_taken": 19.270793243258286,
  "actor_loss": -0.005247741808215646,
  "value_loss": 22.55266631316594,
  "entropy_loss": -0.002513820172600374,
  "topic_means": {
    "ds": 0.2813086194189325,
    "algo": 0.1724142354906281,
    "oops": 0.6312070144509109,
    "dbms": 0.0,
    "os": 0.0,
    "cn": 0.0,
    "system_design": 0.0
  },
  "consecutive_low_scores": 3,
  "safety_constraints_applied": true
}