{
  "total_episodes": 132,
  "epoch": 1,
  "epoch_episode": 132,
  "question_number": 2,
  "topic": "oops",
  "subtopic": "Design Patterns",
  "difficulty": 3.710298205262807,
  "performance": 0.13170544449937838,
  "time_taken": 13.947241844522202,
  "actor_loss": 0.0003502958402585361,
  "value_loss": 25.320099893166084,
  "entropy_loss": -0.006547207405693825,
  "topic_means": {
    "ds": 0.0,
    "algo": 0.23676606842093564,
    "oops": 0.13170544449937838,
    "dbms": 0.0,
    "os": 0.0,
    "cn": 0.0,
    "system_design": 0.0
  },
  "consecutive_low_scores": 1,
  "safety_constraints_applied": true
}