{
  "total_episodes": 1034,
  "epoch": 3,
  "epoch_episode": 34,
  "question_number": 6,
  "topic": "oops",
  "subtopic": "Classes",
  "difficulty": 2.4754639887313066,
  "performance": 0.0968638647942677,
  "time_taken": 12.247548989972037,
  "actor_loss": 0.006800072514703742,
  "value_loss": 25.38304347717401,
  "entropy_loss": -0.003949299280457637,
  "topic_means": {
    "ds": 0.0,
    "algo": 0.3933998721109979,
    "oops": 0.15277679128110935,
    "dbms": 0.14372320598316674,
    "os": 0.0,
    "cn": 0.0,
    "system_design": 0.0
  },
  "consecutive_low_scores": 3,
  "safety_constraints_applied": true
}