{
  "total_episodes": 730,
  "epoch": 2,
  "epoch_episode": 230,
  "question_number": 6,
  "topic": "algo",
  "subtopic": "Greedy",
  "difficulty": 2.8305827730280413,
  "performance": 0.08867927993009579,
  "time_taken": 12.819469128416003,
  "actor_loss": 0.0006896338062349686,
  "value_loss": 22.68467567239859,
  "entropy_loss": -0.0004638643013466025,
  "topic_means": {
    "ds": 0.3999842347339851,
    "algo": 0.08867927993009579,
    "oops": 0.4872373519142578,
    "dbms": 0.1433148018523988,
    "os": 0.0,
    "cn": 0.0,
    "system_design": 0.0
  },
  "consecutive_low_scores": 2,
  "safety_constraints_applied": true
}