{
  "total_episodes": 1600,
  "epoch": 4,
  "epoch_episode": 100,
  "question_number": 10,
  "topic": "ds",
  "subtopic": "Heaps",
  "difficulty": 1.584,
  "performance": 0.16130961582400816,
  "time_taken": 15.131217318625094,
  "actor_loss": 0.0062821410451869035,
  "value_loss": 29.113753835933686,
  "entropy_loss": 0.0012076475053312942,
  "topic_means": {
    "ds": 0.20657623374917655,
    "algo": 0.1439876134844008,
    "oops": 0.12842457697454424,
    "dbms": 0.0,
    "os": 0.0,
    "cn": 0.0,
    "system_design": 0.0
  },
  "consecutive_low_scores": 8,
  "safety_constraints_applied": true
}