{
  "total_episodes": 797,
  "epoch": 2,
  "epoch_episode": 297,
  "question_number": 8,
  "topic": "ds",
  "subtopic": "Arrays",
  "difficulty": 1.188,
  "performance": 0.35544123356762447,
  "time_taken": 9.760346536685786,
  "actor_loss": 0.0032785206445342546,
  "value_loss": 23.732871476271264,
  "entropy_loss": -0.00181249244809428,
  "topic_means": {
    "ds": 0.27479283048826997,
    "algo": 0.24495228441431727,
    "oops": 0.10976447118406059,
    "dbms": 0.0,
    "os": 0.0,
    "cn": 0.0,
    "system_design": 0.0
  },
  "consecutive_low_scores": 6,
  "safety_constraints_applied": true
}