{
  "total_episodes": 740,
  "epoch": 2,
  "epoch_episode": 240,
  "question_number": 2,
  "topic": "oops",
  "subtopic": "Polymorphism",
  "difficulty": 3.506257371918218,
  "performance": 0.1274393474187628,
  "time_taken": 18.40426344442537,
  "actor_loss": -0.0002258445868868527,
  "value_loss": 21.819114923101672,
  "entropy_loss": -0.0013075563900355408,
  "topic_means": {
    "ds": 0.0,
    "algo": 0.0,
    "oops": 0.1274393474187628,
    "dbms": 0.16875245730607272,
    "os": 0.0,
    "cn": 0.0,
    "system_design": 0.0
  },
  "consecutive_low_scores": 1,
  "safety_constraints_applied": true
}