{
  "total_episodes": 1568,
  "epoch": 4,
  "epoch_episode": 68,
  "question_number": 10,
  "topic": "oops",
  "subtopic": "Abstraction",
  "difficulty": 2.572252787842516,
  "performance": 0.09225044790482012,
  "time_taken": 10.332605818569542,
  "actor_loss": 0.002192070811828968,
  "value_loss": 25.154798369419826,
  "entropy_loss": 0.0018658723098892642,
  "topic_means": {
    "ds": 0.1479685185716175,
    "algo": 0.38939143963058437,
    "oops": 0.15896863711533615,
    "dbms": 0.0,
    "os": 0.0,
    "cn": 0.0,
    "system_design": 0.0
  },
  "consecutive_low_scores": 6,
  "safety_constraints_applied": true
}