{
  "total_episodes": 1290,
  "epoch": 3,
  "epoch_episode": 290,
  "question_number": 6,
  "topic": "ds",
  "subtopic": "Heaps",
  "difficulty": 1.584,
  "performance": 0.297286107094007,
  "time_taken": 9.556905200949547,
  "actor_loss": -0.003350604728727219,
  "value_loss": 19.285372650026016,
  "entropy_loss": -0.0013031546695117893,
  "topic_means": {
    "ds": 0.27651184133812995,
    "algo": 0.12131855165121978,
    "oops": 0.0,
    "dbms": 0.0,
    "os": 0.0,
    "cn": 0.15877838424201235,
    "system_design": 0.0
  },
  "consecutive_low_scores": 5,
  "safety_constraints_applied": true
}