{
  "total_episodes": 343,
  "epoch": 1,
  "epoch_episode": 343,
  "question_number": 4,
  "topic": "algo",
  "subtopic": "Greedy",
  "difficulty": 3.821822491080889,
  "performance": 0.12221909913139174,
  "time_taken": 10.528200634339692,
  "actor_loss": -0.004906479978052172,
  "value_loss": 23.28199312908757,
  "entropy_loss": -0.00515578016065126,
  "topic_means": {
    "ds": 0.37356386333303726,
    "algo": 0.12221909913139174,
    "oops": 0.3058978941588506,
    "dbms": 0.0,
    "os": 0.14236073358900123,
    "cn": 0.0,
    "system_design": 0.0
  },
  "consecutive_low_scores": 1,
  "safety_constraints_applied": true
}