{
  "total_episodes": 2484,
  "epoch": 5,
  "epoch_episode": 484,
  "question_number": 2,
  "topic": "algo",
  "subtopic": "Greedy",
  "difficulty": 4.469835207925497,
  "performance": 0.12825211748223447,
  "time_taken": 14.726220855285927,
  "actor_loss": 0.09324188608604689,
  "value_loss": 25.2197429923871,
  "entropy_loss": 0.012248270820411692,
  "topic_means": {
    "ds": 0.0,
    "algo": 0.12825211748223447,
    "oops": 0.0,
    "dbms": 0.0,
    "os": 0.15661173597516553,
    "cn": 0.0,
    "system_design": 0.0
  },
  "consecutive_low_scores": 1,
  "safety_constraints_applied": true
}