{
  "total_episodes": 2301,
  "epoch": 5,
  "epoch_episode": 301,
  "question_number": 8,
  "topic": "oops",
  "subtopic": "Polymorphism",
  "difficulty": 1.188,
  "performance": 0.0447203931878882,
  "time_taken": 12.437736095056517,
  "actor_loss": 0.12540698748011878,
  "value_loss": 23.013827348604032,
  "entropy_loss": 0.009998149127163871,
  "topic_means": {
    "ds": 0.11751134674910324,
    "algo": 0.11697608410297136,
    "oops": 0.09145288566624332,
    "dbms": 0.0,
    "os": 0.25464500078823427,
    "cn": 0.0,
    "system_design": 0.0
  },
  "consecutive_low_scores": 7,
  "safety_constraints_applied": true
}