{
  "total_episodes": 1463,
  "epoch": 3,
  "epoch_episode": 463,
  "question_number": 4,
  "topic": "algo",
  "subtopic": "Greedy",
  "difficulty": 2.5087759035259984,
  "performance": 0.3228047002100195,
  "time_taken": 8.896354042474659,
  "actor_loss": -0.004981625143793483,
  "value_loss": 24.227564985602363,
  "entropy_loss": 0.00036186357512083824,
  "topic_means": {
    "ds": 0.31690473651242923,
    "algo": 0.3228047002100195,
    "oops": 0.0,
    "dbms": 0.0,
    "os": 0.0,
    "cn": 0.16736613837816924,
    "system_design": 0.0
  },
  "consecutive_low_scores": 2,
  "safety_constraints_applied": true
}