{
  "total_episodes": 509,
  "epoch": 2,
  "epoch_episode": 9,
  "question_number": 8,
  "topic": "ds",
  "subtopic": "Trees",
  "difficulty": 1.188,
  "performance": 0.3503495916642161,
  "time_taken": 11.213787539957718,
  "actor_loss": 0.0016286898501058494,
  "value_loss": 28.089415714300475,
  "entropy_loss": -0.0018068850588887446,
  "topic_means": {
    "ds": 0.3503495916642161,
    "algo": 0.12947375080558726,
    "oops": 0.11681992161247219,
    "dbms": 0.0,
    "os": 0.15971962250154687,
    "cn": 0.0,
    "system_design": 0.0
  },
  "consecutive_low_scores": 7,
  "safety_constraints_applied": true
}