{
  "total_episodes": 2442,
  "epoch": 5,
  "epoch_episode": 442,
  "question_number": 6,
  "topic": "oops",
  "subtopic": "Abstraction",
  "difficulty": 1.188,
  "performance": 0.20263274342311602,
  "time_taken": 7.940032485899949,
  "actor_loss": 0.09998839508359067,
  "value_loss": 20.828366632056312,
  "entropy_loss": 0.011691678242732236,
  "topic_means": {
    "ds": 0.14841595700951943,
    "algo": 0.15944425674084553,
    "oops": 0.1943028683502058,
    "dbms": 0.0,
    "os": 0.0,
    "cn": 0.0,
    "system_design": 0.0
  },
  "consecutive_low_scores": 5,
  "safety_constraints_applied": true
}