{
  "total_episodes": 20,
  "epoch": 1,
  "epoch_episode": 20,
  "question_number": 2,
  "topic": "oops",
  "subtopic": "Classes",
  "difficulty": 3.739772423683352,
  "performance": 0.25558838914094756,
  "time_taken": 10.118567228484585,
  "actor_loss": -0.00017927980398826544,
  "value_loss": 30.458049884843312,
  "entropy_loss": -0.011162511168061854,
  "topic_means": {
    "ds": 0.0,
    "algo": 0.0,
    "oops": 0.25558838914094756,
    "dbms": 0.0,
    "os": 0.24659080789445068,
    "cn": 0.0,
    "system_design": 0.0
  },
  "consecutive_low_scores": 1,
  "safety_constraints_applied": true
}