{
  "total_episodes": 541,
  "epoch": 2,
  "epoch_episode": 41,
  "question_number": 8,
  "topic": "algo",
  "subtopic": "Sorting",
  "difficulty": 1.584,
  "performance": 0.054197797285952226,
  "time_taken": 9.857193469963583,
  "actor_loss": -0.004950771995283877,
  "value_loss": 23.002114159425247,
  "entropy_loss": -0.0018173044460828385,
  "topic_means": {
    "ds": 0.5342448364911951,
    "algo": 0.11330826432920599,
    "oops": 0.285388618877907,
    "dbms": 0.0,
    "os": 0.0,
    "cn": 0.0,
    "system_design": 0.0
  },
  "consecutive_low_scores": 5,
  "safety_constraints_applied": true
}