{
  "total_episodes": 2298,
  "epoch": 5,
  "epoch_episode": 298,
  "question_number": 6,
  "topic": "ds",
  "subtopic": "Graphs",
  "difficulty": 2.64598269341255,
  "performance": 0.17736333175529073,
  "time_taken": 13.369915232436023,
  "actor_loss": 0.10448438942604685,
  "value_loss": 26.437325259810127,
  "entropy_loss": 0.010787952283264965,
  "topic_means": {
    "ds": 0.1948397197462047,
    "algo": 0.3448842113001691,
    "oops": 0.0,
    "dbms": 0.0,
    "os": 0.0,
    "cn": 0.0,
    "system_design": 0.0
  },
  "consecutive_low_scores": 3,
  "safety_constraints_applied": true
}