{
  "total_episodes": 2173,
  "epoch": 5,
  "epoch_episode": 173,
  "question_number": 8,
  "topic": "oops",
  "subtopic": "Inheritance",
  "difficulty": 1.188,
  "performance": 0.3125614148608452,
  "time_taken": 13.475908967931908,
  "actor_loss": -0.03305310602421935,
  "value_loss": 31.00802364135194,
  "entropy_loss": 0.008826472492612425,
  "topic_means": {
    "ds": 0.14767493302200546,
    "algo": 0.0,
    "oops": 0.34252337918556525,
    "dbms": 0.0,
    "os": 0.0,
    "cn": 0.0,
    "system_design": 0.0
  },
  "consecutive_low_scores": 5,
  "safety_constraints_applied": true
}