{
  "total_episodes": 218,
  "epoch": 1,
  "epoch_episode": 218,
  "question_number": 6,
  "topic": "oops",
  "subtopic": "Abstraction",
  "difficulty": 1.188,
  "performance": 0.2312503048323713,
  "time_taken": 14.058324872706208,
  "actor_loss": 0.003370065207480197,
  "value_loss": 31.73826875827042,
  "entropy_loss": -0.005881333088027007,
  "topic_means": {
    "ds": 0.131670898108307,
    "algo": 0.15182155208672193,
    "oops": 0.2421838044297008,
    "dbms": 0.16881160949967272,
    "os": 0.0,
    "cn": 0.0,
    "system_design": 0.0
  },
  "consecutive_low_scores": 5,
  "safety_constraints_applied": true
}