{
  "total_episodes": 144,
  "epoch": 1,
  "epoch_episode": 144,
  "question_number": 10,
  "topic": "algo",
  "subtopic": "Greedy",
  "difficulty": 1.188,
  "performance": 0.23832205750662,
  "time_taken": 13.999186119787868,
  "actor_loss": 0.0020785183226732533,
  "value_loss": 22.98560162487562,
  "entropy_loss": -0.0062490344409552355,
  "topic_means": {
    "ds": 0.10331769811419494,
    "algo": 0.18658254316343226,
    "oops": 0.32834427018775364,
    "dbms": 0.0,
    "os": 0.0,
    "cn": 0.14392572736431572,
    "system_design": 0.0
  },
  "consecutive_low_scores": 8,
  "safety_constraints_applied": true
}