{
  "total_episodes": 356,
  "epoch": 1,
  "epoch_episode": 356,
  "question_number": 2,
  "topic": "ds",
  "subtopic": "Trees",
  "difficulty": 1.1,
  "performance": 0.13394133662096386,
  "time_taken": 17.559783581493292,
  "actor_loss": 0.0033375084533946832,
  "value_loss": 22.386994443621866,
  "entropy_loss": -0.005281270807571733,
  "topic_means": {
    "ds": 0.13394133662096386,
    "algo": 0.0,
    "oops": 0.15910138760908116,
    "dbms": 0.0,
    "os": 0.0,
    "cn": 0.0,
    "system_design": 0.0
  },
  "consecutive_low_scores": 1,
  "safety_constraints_applied": false
}