{
  "total_episodes": 413,
  "epoch": 1,
  "epoch_episode": 413,
  "question_number": 8,
  "topic": "algo",
  "subtopic": "Dynamic Programming",
  "difficulty": 2.4459869401254806,
  "performance": 0.11185599946967681,
  "time_taken": 15.530961714791125,
  "actor_loss": -0.00046340039160292087,
  "value_loss": 21.76921605084208,
  "entropy_loss": -0.0044180560090715075,
  "topic_means": {
    "ds": 0.3138611825601677,
    "algo": 0.2540093906623037,
    "oops": 0.12065323756210464,
    "dbms": 0.0,
    "os": 0.16298642269549818,
    "cn": 0.0,
    "system_design": 0.0
  },
  "consecutive_low_scores": 5,
  "safety_constraints_applied": true
}