{
  "total_episodes": 768,
  "epoch": 2,
  "epoch_episode": 268,
  "question_number": 10,
  "topic": "oops",
  "subtopic": "Polymorphism",
  "difficulty": 2.4611788091237563,
  "performance": 0.3710984345337592,
  "time_taken": 14.933407084625916,
  "actor_loss": 3.6475815911737525e-05,
  "value_loss": 21.38553913376132,
  "entropy_loss": -0.0006891955695312306,
  "topic_means": {
    "ds": 0.12169375367057231,
    "algo": 0.2843865984244872,
    "oops": 0.4271129925194331,
    "dbms": 0.0,
    "os": 0.0,
    "cn": 0.0,
    "system_design": 0.0
  },
  "consecutive_low_scores": 6,
  "safety_constraints_applied": true
}