{
  "total_episodes": 1952,
  "epoch": 4,
  "epoch_episode": 452,
  "question_number": 10,
  "topic": "ds",
  "subtopic": "Heaps",
  "difficulty": 1.584,
  "performance": 0.20566271074475528,
  "time_taken": 10.59191106436973,
  "actor_loss": 0.0009071649979083024,
  "value_loss": 26.90391116625698,
  "entropy_loss": 0.005113705777291331,
  "topic_means": {
    "ds": 0.1632563249402827,
    "algo": 0.2768557751843253,
    "oops": 0.19275817708605236,
    "dbms": 0.0,
    "os": 0.0,
    "cn": 0.0,
    "system_design": 0.0
  },
  "consecutive_low_scores": 6,
  "safety_constraints_applied": true
}