{
  "total_episodes": 1565,
  "epoch": 4,
  "epoch_episode": 65,
  "question_number": 8,
  "topic": "oops",
  "subtopic": "Classes",
  "difficulty": 1.188,
  "performance": 0.13689582416323798,
  "time_taken": 13.631017637152915,
  "actor_loss": 0.003430495369770502,
  "value_loss": 25.378118538298185,
  "entropy_loss": 0.001961931464748088,
  "topic_means": {
    "ds": 0.14841595700951943,
    "algo": 0.15944425674084553,
    "oops": 0.1823914182314601,
    "dbms": 0.0,
    "os": 0.0,
    "cn": 0.0,
    "system_design": 0.0
  },
  "consecutive_low_scores": 7,
  "safety_constraints_applied": true
}