{
  "total_episodes": 119,
  "epoch": 1,
  "epoch_episode": 119,
  "question_number": 4,
  "topic": "oops",
  "subtopic": "Classes",
  "difficulty": 1.188,
  "performance": 0.1455123640324129,
  "time_taken": 10.629305523167512,
  "actor_loss": -0.0013260848731579406,
  "value_loss": 21.565131195354258,
  "entropy_loss": -0.007343750040284378,
  "topic_means": {
    "ds": 0.0,
    "algo": 0.0,
    "oops": 0.15302942296247785,
    "dbms": 0.0,
    "os": 0.0,
    "cn": 0.0,
    "system_design": 0.0
  },
  "consecutive_low_scores": 3,
  "safety_constraints_applied": true
}