{
  "total_episodes": 279,
  "epoch": 1,
  "epoch_episode": 279,
  "question_number": 4,
  "topic": "algo",
  "subtopic": "Sorting",
  "difficulty": 2.368017873142736,
  "performance": 0.12898661014444346,
  "time_taken": 13.038726688184779,
  "actor_loss": 0.0019839668825513647,
  "value_loss": 24.81541361877741,
  "entropy_loss": -0.005555561153734312,
  "topic_means": {
    "ds": 0.13387442094279994,
    "algo": 0.13663718213591297,
    "oops": 0.3097436933279022,
    "dbms": 0.0,
    "os": 0.0,
    "cn": 0.0,
    "system_design": 0.0
  },
  "consecutive_low_scores": 2,
  "safety_constraints_applied": true
}