{
  "total_episodes": 2432,
  "epoch": 5,
  "epoch_episode": 432,
  "question_number": 10,
  "topic": "oops",
  "subtopic": "Abstraction",
  "difficulty": 1.584,
  "performance": 0.1935897027756175,
  "time_taken": 13.744119417819308,
  "actor_loss": 0.25796028077979016,
  "value_loss": 30.573832673303077,
  "entropy_loss": 0.012573648863048143,
  "topic_means": {
    "ds": 0.2359129137649715,
    "algo": 0.2538669882255579,
    "oops": 0.21199339697358735,
    "dbms": 0.2702309030530328,
    "os": 0.0,
    "cn": 0.0,
    "system_design": 0.0
  },
  "consecutive_low_scores": 7,
  "safety_constraints_applied": true
}