{
  "total_episodes": 2215,
  "epoch": 5,
  "epoch_episode": 215,
  "question_number": 4,
  "topic": "ds",
  "subtopic": "Linked Lists",
  "difficulty": 2.461410656069469,
  "performance": 0.12342847527788459,
  "time_taken": 9.599144802136529,
  "actor_loss": 0.10393705143095541,
  "value_loss": 22.342196134894607,
  "entropy_loss": 0.009721934870337434,
  "topic_means": {
    "ds": 0.12342847527788459,
    "algo": 0.0,
    "oops": 0.2722294448852288,
    "dbms": 0.0,
    "os": 0.0,
    "cn": 0.0,
    "system_design": 0.18495119518328282
  },
  "consecutive_low_scores": 2,
  "safety_constraints_applied": true
}