{
  "total_episodes": 52,
  "epoch": 1,
  "epoch_episode": 52,
  "question_number": 2,
  "topic": "oops",
  "subtopic": "Classes",
  "difficulty": 3.499714577756307,
  "performance": 0.38116818682001186,
  "time_taken": 15.148084087081777,
  "actor_loss": -0.0002531818377659114,
  "value_loss": 21.837417576572413,
  "entropy_loss": -0.009754162303333563,
  "topic_means": {
    "ds": 0.0,
    "algo": 0.0,
    "oops": 0.38116818682001186,
    "dbms": 0.0,
    "os": 0.0,
    "cn": 0.1665715259187689,
    "system_design": 0.0
  },
  "consecutive_low_scores": 1,
  "safety_constraints_applied": true
}