{
  "total_episodes": 1680,
  "epoch": 4,
  "epoch_episode": 180,
  "question_number": 10,
  "topic": "algo",
  "subtopic": "Backtracking",
  "difficulty": 1.188,
  "performance": 0.05407263505476009,
  "time_taken": 15.254638619815456,
  "actor_loss": -0.006452052363302549,
  "value_loss": 24.45818995082633,
  "entropy_loss": 0.0011427063497592667,
  "topic_means": {
    "ds": 0.37943528630770706,
    "algo": 0.1021797915373705,
    "oops": 0.11639528940912153,
    "dbms": 0.0,
    "os": 0.0,
    "cn": 0.0,
    "system_design": 0.0
  },
  "consecutive_low_scores": 7,
  "safety_constraints_applied": true
}