{
  "total_episodes": 663,
  "epoch": 2,
  "epoch_episode": 163,
  "question_number": 4,
  "topic": "ds",
  "subtopic": "Heaps",
  "difficulty": 1.584,
  "performance": 0.21166745346928267,
  "time_taken": 13.268942964106108,
  "actor_loss": 0.003784451132898826,
  "value_loss": 25.464718544396774,
  "entropy_loss": -0.000977710878610306,
  "topic_means": {
    "ds": 0.21166745346928267,
    "algo": 0.1285604070911408,
    "oops": 0.14010231557219738,
    "dbms": 0.0,
    "os": 0.0,
    "cn": 0.0,
    "system_design": 0.0
  },
  "consecutive_low_scores": 3,
  "safety_constraints_applied": true
}