{
  "total_episodes": 452,
  "epoch": 1,
  "epoch_episode": 452,
  "question_number": 2,
  "topic": "ds",
  "subtopic": "Heaps",
  "difficulty": 3.4863691546316202,
  "performance": 0.4693574135684097,
  "time_taken": 8.018643453129934,
  "actor_loss": -0.0002691118165904248,
  "value_loss": 29.37024382091825,
  "entropy_loss": -0.0024075669901012673,
  "topic_means": {
    "ds": 0.4693574135684097,
    "algo": 0.0,
    "oops": 0.0,
    "dbms": 0.0,
    "os": 0.0,
    "cn": 0.0,
    "system_design": 0.1621230515438734
  },
  "consecutive_low_scores": 1,
  "safety_constraints_applied": true
}