{
  "total_episodes": 1162,
  "epoch": 3,
  "epoch_episode": 162,
  "question_number": 6,
  "topic": "ds",
  "subtopic": "Arrays",
  "difficulty": 1.188,
  "performance": 0.19085158562971494,
  "time_taken": 15.56970228341385,
  "actor_loss": -0.0043775498841853114,
  "value_loss": 29.525204185400803,
  "entropy_loss": -0.0008597741861469206,
  "topic_means": {
    "ds": 0.3081353919031336,
    "algo": 0.12063869324609504,
    "oops": 0.09075938686497242,
    "dbms": 0.1470775167483007,
    "os": 0.0,
    "cn": 0.0,
    "system_design": 0.0
  },
  "consecutive_low_scores": 4,
  "safety_constraints_applied": true
}