{
  "total_episodes": 1469,
  "epoch": 3,
  "epoch_episode": 469,
  "question_number": 8,
  "topic": "oops",
  "subtopic": "Abstraction",
  "difficulty": 1.188,
  "performance": 0.11759756079249856,
  "time_taken": 16.969468219824773,
  "actor_loss": -0.0025037680554660527,
  "value_loss": 22.688596743983393,
  "entropy_loss": -0.0004864737170552485,
  "topic_means": {
    "ds": 0.2512101867258236,
    "algo": 0.14320974608976295,
    "oops": 0.11150842878922104,
    "dbms": 0.0,
    "os": 0.0,
    "cn": 0.0,
    "system_design": 0.0
  },
  "consecutive_low_scores": 6,
  "safety_constraints_applied": true
}