{
  "total_episodes": 378,
  "epoch": 1,
  "epoch_episode": 378,
  "question_number": 6,
  "topic": "ds",
  "subtopic": "Graphs",
  "difficulty": 3.1936981311381394,
  "performance": 0.31883141450587205,
  "time_taken": 15.937793231181331,
  "actor_loss": 0.0007742159573515129,
  "value_loss": 21.948064540017953,
  "entropy_loss": -0.0047504176034610214,
  "topic_means": {
    "ds": 0.358029181991786,
    "algo": 0.13714018907198658,
    "oops": 0.3194016082982605,
    "dbms": 0.0,
    "os": 0.1515296181470167,
    "cn": 0.0,
    "system_design": 0.0
  },
  "consecutive_low_scores": 3,
  "safety_constraints_applied": true
}