{
  "total_episodes": 2429,
  "epoch": 5,
  "epoch_episode": 429,
  "question_number": 8,
  "topic": "algo",
  "subtopic": "Sorting",
  "difficulty": 1.584,
  "performance": 0.04733264769052767,
  "time_taken": 15.064220413676782,
  "actor_loss": 0.006321381149535904,
  "value_loss": 19.839937624585026,
  "entropy_loss": 0.01173492463098982,
  "topic_means": {
    "ds": 0.12285950074034364,
    "algo": 0.11046205882813749,
    "oops": 0.24541195339187907,
    "dbms": 0.0,
    "os": 0.0,
    "cn": 0.0,
    "system_design": 0.0
  },
  "consecutive_low_scores": 5,
  "safety_constraints_applied": true
}