{
  "total_episodes": 1236,
  "epoch": 3,
  "epoch_episode": 236,
  "question_number": 2,
  "topic": "ds",
  "subtopic": "Arrays",
  "difficulty": 3.439566554819265,
  "performance": 0.5847832599699904,
  "time_taken": 6.121020174588114,
  "actor_loss": -0.003634237309311445,
  "value_loss": 20.507088368479778,
  "entropy_loss": 2.0969361550214655e-05,
  "topic_means": {
    "ds": 0.5847832599699904,
    "algo": 0.0,
    "oops": 0.0,
    "dbms": 0.14652218493975494,
    "os": 0.0,
    "cn": 0.0,
    "system_design": 0.0
  },
  "consecutive_low_scores": 1,
  "safety_constraints_applied": true
}