{
  "total_episodes": 1015,
  "epoch": 3,
  "epoch_episode": 15,
  "question_number": 4,
  "topic": "ds",
  "subtopic": "Linked Lists",
  "difficulty": 1.584,
  "performance": 0.11976293235523944,
  "time_taken": 11.780259234066905,
  "actor_loss": -0.005357042475914423,
  "value_loss": 23.581461860224724,
  "entropy_loss": -0.0031212776763793405,
  "topic_means": {
    "ds": 0.11883637981187316,
    "algo": 0.1423579228440936,
    "oops": 0.0,
    "dbms": 0.0,
    "os": 0.0,
    "cn": 0.15520285379029014,
    "system_design": 0.0
  },
  "consecutive_low_scores": 3,
  "safety_constraints_applied": true
}