{
  "total_episodes": 1274,
  "epoch": 3,
  "epoch_episode": 274,
  "question_number": 6,
  "topic": "algo",
  "subtopic": "Searching",
  "difficulty": 2.672280875268534,
  "performance": 0.260424238758425,
  "time_taken": 11.21800968823919,
  "actor_loss": 0.0002663155852951661,
  "value_loss": 21.00600095375233,
  "entropy_loss": -0.0009186820997455748,
  "topic_means": {
    "ds": 0.12693099068823724,
    "algo": 0.2866354410802552,
    "oops": 0.4494283325911957,
    "dbms": 0.14284323947774183,
    "os": 0.0,
    "cn": 0.0,
    "system_design": 0.0
  },
  "consecutive_low_scores": 3,
  "safety_constraints_applied": true
}