{
  "total_episodes": 1428,
  "epoch": 3,
  "epoch_episode": 428,
  "question_number": 2,
  "topic": "oops",
  "subtopic": "Polymorphism",
  "difficulty": 3.433158744193462,
  "performance": 0.515880253197008,
  "time_taken": 9.595122596144298,
  "actor_loss": 0.0020931436346070947,
  "value_loss": 29.163126733631394,
  "entropy_loss": 0.0006800906156848946,
  "topic_means": {
    "ds": 0.0,
    "algo": 0.0,
    "oops": 0.515880253197008,
    "dbms": 0.0,
    "os": 0.1443862480644874,
    "cn": 0.0,
    "system_design": 0.0
  },
  "consecutive_low_scores": 1,
  "safety_constraints_applied": true
}