{
  "total_episodes": 1472,
  "epoch": 3,
  "epoch_episode": 472,
  "question_number": 10,
  "topic": "algo",
  "subtopic": "Searching",
  "difficulty": 1.188,
  "performance": 0.24595088738141985,
  "time_taken": 8.693922762917696,
  "actor_loss": 0.00016764742814413363,
  "value_loss": 23.153414109678724,
  "entropy_loss": -0.0007404140777300739,
  "topic_means": {
    "ds": 0.19386237817140056,
    "algo": 0.15261323429832957,
    "oops": 0.19841295587256774,
    "dbms": 0.0,
    "os": 0.0,
    "cn": 0.14488061038212183,
    "system_design": 0.0
  },
  "consecutive_low_scores": 8,
  "safety_constraints_applied": true
}