{
  "total_episodes": 1364,
  "epoch": 3,
  "epoch_episode": 364,
  "question_number": 2,
  "topic": "oops",
  "subtopic": "Inheritance",
  "difficulty": 3.7739981626675134,
  "performance": 0.13662632044886175,
  "time_taken": 10.463171189331694,
  "actor_loss": -0.000498394587405316,
  "value_loss": 29.130168094114605,
  "entropy_loss": -0.00081269481202554,
  "topic_means": {
    "ds": 0.0,
    "algo": 0.0,
    "oops": 0.13662632044886175,
    "dbms": 0.25799938755583784,
    "os": 0.0,
    "cn": 0.0,
    "system_design": 0.0
  },
  "consecutive_low_scores": 1,
  "safety_constraints_applied": true
}