{
  "total_episodes": 1149,
  "epoch": 3,
  "epoch_episode": 149,
  "question_number": 8,
  "topic": "oops",
  "subtopic": "Inheritance",
  "difficulty": 2.781821383593335,
  "performance": 0.3912548999664406,
  "time_taken": 10.052006048863873,
  "actor_loss": -0.0020037396322732815,
  "value_loss": 25.20888078616401,
  "entropy_loss": -0.0018237034911532928,
  "topic_means": {
    "ds": 0.4860699891489272,
    "algo": 0.43230481198064985,
    "oops": 0.320825963477675,
    "dbms": 0.0,
    "os": 0.15808663949368112,
    "cn": 0.0,
    "system_design": 0.0
  },
  "consecutive_low_scores": 2,
  "safety_constraints_applied": true
}