{
  "total_episodes": 1440,
  "epoch": 3,
  "epoch_episode": 440,
  "question_number": 10,
  "topic": "algo",
  "subtopic": "Sorting",
  "difficulty": 1.188,
  "performance": 0.10565779979284433,
  "time_taken": 14.468090820005912,
  "actor_loss": 0.0018266462842122804,
  "value_loss": 23.520004649063473,
  "entropy_loss": -9.62277470521002e-06,
  "topic_means": {
    "ds": 0.08543443911255977,
    "algo": 0.10793974126893342,
    "oops": 0.5320772726220863,
    "dbms": 0.1591217032825235,
    "os": 0.0,
    "cn": 0.0,
    "system_design": 0.0
  },
  "consecutive_low_scores": 7,
  "safety_constraints_applied": true
}