{
  "total_episodes": 1453,
  "epoch": 3,
  "epoch_episode": 453,
  "question_number": 8,
  "topic": "ds",
  "subtopic": "Heaps",
  "difficulty": 2.3762502768959046,
  "performance": 0.1111860340037832,
  "time_taken": 16.13316823912455,
  "actor_loss": 0.0006816532222779344,
  "value_loss": 22.609130232322315,
  "entropy_loss": 8.051890093899972e-05,
  "topic_means": {
    "ds": 0.12295582994608109,
    "algo": 0.1558494415872661,
    "oops": 0.36308310865091015,
    "dbms": 0.0,
    "os": 0.26442820533187955,
    "cn": 0.0,
    "system_design": 0.0
  },
  "consecutive_low_scores": 6,
  "safety_constraints_applied": true
}