{
  "total_episodes": 298,
  "epoch": 1,
  "epoch_episode": 298,
  "question_number": 6,
  "topic": "oops",
  "subtopic": "Abstraction",
  "difficulty": 3.1934996960018482,
  "performance": 0.3887990198706597,
  "time_taken": 6.375575730846506,
  "actor_loss": 0.0007932296349448306,
  "value_loss": 24.968277746622114,
  "entropy_loss": -0.005556471084151439,
  "topic_means": {
    "ds": 0.2892847966022118,
    "algo": 0.2540425915409444,
    "oops": 0.3887990198706597,
    "dbms": 0.2702309030530328,
    "os": 0.0,
    "cn": 0.0,
    "system_design": 0.0
  },
  "consecutive_low_scores": 4,
  "safety_constraints_applied": true
}