{
  "total_episodes": 359,
  "epoch": 1,
  "epoch_episode": 359,
  "question_number": 4,
  "topic": "oops",
  "subtopic": "Classes",
  "difficulty": 1.188,
  "performance": 0.3117930486503173,
  "time_taken": 7.814237363690846,
  "actor_loss": 0.0006985313336283778,
  "value_loss": 21.561868288819028,
  "entropy_loss": -0.004821752791238713,
  "topic_means": {
    "ds": 0.15105177775406006,
    "algo": 0.0,
    "oops": 0.3117930486503173,
    "dbms": 0.0,
    "os": 0.0,
    "cn": 0.0,
    "system_design": 0.0
  },
  "consecutive_low_scores": 3,
  "safety_constraints_applied": true
}