{
  "total_episodes": 477,
  "epoch": 1,
  "epoch_episode": 477,
  "question_number": 8,
  "topic": "oops",
  "subtopic": "Polymorphism",
  "difficulty": 1.188,
  "performance": 0.05394253360065626,
  "time_taken": 11.532694485154082,
  "actor_loss": 0.0013331607155302287,
  "value_loss": 28.11478532719703,
  "entropy_loss": -0.00226877706497738,
  "topic_means": {
    "ds": 0.13369438823789337,
    "algo": 0.11119855899729503,
    "oops": 0.05394253360065626,
    "dbms": 0.0,
    "os": 0.0,
    "cn": 0.2959187060492039,
    "system_design": 0.0
  },
  "consecutive_low_scores": 7,
  "safety_constraints_applied": true
}