{
  "total_episodes": 1056,
  "epoch": 3,
  "epoch_episode": 56,
  "question_number": 10,
  "topic": "oops",
  "subtopic": "Classes",
  "difficulty": 1.188,
  "performance": 0.15294778828253955,
  "time_taken": 10.631336050710722,
  "actor_loss": 0.008869038153966157,
  "value_loss": 25.532175054889542,
  "entropy_loss": -0.002705849679970438,
  "topic_means": {
    "ds": 0.10673260634170066,
    "algo": 0.10706393099932908,
    "oops": 0.1489760293419596,
    "dbms": 0.0,
    "os": 0.0,
    "cn": 0.0,
    "system_design": 0.0
  },
  "consecutive_low_scores": 9,
  "safety_constraints_applied": true
}