{
  "total_episodes": 711,
  "epoch": 2,
  "epoch_episode": 211,
  "question_number": 4,
  "topic": "oops",
  "subtopic": "Inheritance",
  "difficulty": 2.595180040144481,
  "performance": 0.5501581101252703,
  "time_taken": 10.537173982436935,
  "actor_loss": -0.0023180458879522065,
  "value_loss": 25.309581080350235,
  "entropy_loss": -0.0006044062624876552,
  "topic_means": {
    "ds": 0.24094973014378887,
    "algo": 0.3455706198860455,
    "oops": 0.5501581101252703,
    "dbms": 0.0,
    "os": 0.0,
    "cn": 0.0,
    "system_design": 0.0
  },
  "consecutive_low_scores": 2,
  "safety_constraints_applied": true
}