{
  "total_episodes": 1226,
  "epoch": 3,
  "epoch_episode": 226,
  "question_number": 6,
  "topic": "oops",
  "subtopic": "Polymorphism",
  "difficulty": 2.6690201357333407,
  "performance": 0.4642450374327265,
  "time_taken": 7.641021872400619,
  "actor_loss": -0.002666473832604137,
  "value_loss": 25.35316234687541,
  "entropy_loss": -0.0011279705459203023,
  "topic_means": {
    "ds": 0.26003927203085064,
    "algo": 0.14678252192059563,
    "oops": 0.5070417562899142,
    "dbms": 0.0,
    "os": 0.0,
    "cn": 0.0,
    "system_design": 0.0
  },
  "consecutive_low_scores": 2,
  "safety_constraints_applied": true
}