{
  "total_episodes": 1674,
  "epoch": 4,
  "epoch_episode": 174,
  "question_number": 6,
  "topic": "algo",
  "subtopic": "Backtracking",
  "difficulty": 1.188,
  "performance": 0.09754207115725448,
  "time_taken": 12.426812613866057,
  "actor_loss": -0.0016007881934571532,
  "value_loss": 26.530119721122112,
  "entropy_loss": 0.0015629841406828375,
  "topic_means": {
    "ds": 0.10307126045350383,
    "algo": 0.11651971294822128,
    "oops": 0.4541243636910004,
    "dbms": 0.0,
    "os": 0.0,
    "cn": 0.16214700047265415,
    "system_design": 0.0
  },
  "consecutive_low_scores": 4,
  "safety_constraints_applied": true
}