{
  "total_episodes": 1152,
  "epoch": 3,
  "epoch_episode": 152,
  "question_number": 10,
  "topic": "algo",
  "subtopic": "Searching",
  "difficulty": 1.584,
  "performance": 0.10440025709066397,
  "time_taken": 16.853236056493582,
  "actor_loss": 0.008252442721370214,
  "value_loss": 22.55073877814224,
  "entropy_loss": -0.0021660696550858073,
  "topic_means": {
    "ds": 0.10804716972029138,
    "algo": 0.16529791674533004,
    "oops": 0.107237478656243,
    "dbms": 0.0,
    "os": 0.0,
    "cn": 0.0,
    "system_design": 0.0
  },
  "consecutive_low_scores": 9,
  "safety_constraints_applied": true
}