{
  "total_episodes": 2125,
  "epoch": 5,
  "epoch_episode": 125,
  "question_number": 8,
  "topic": "ds",
  "subtopic": "Graphs",
  "difficulty": 1.188,
  "performance": 0.08015777272963767,
  "time_taken": 12.763326820535182,
  "actor_loss": -0.011889070701406474,
  "value_loss": 24.8940354239645,
  "entropy_loss": 0.0073402124999021835,
  "topic_means": {
    "ds": 0.10931593154902768,
    "algo": 0.17496247119948077,
    "oops": 0.21910334392610986,
    "dbms": 0.0,
    "os": 0.0,
    "cn": 0.1574686560578059,
    "system_design": 0.0
  },
  "consecutive_low_scores": 7,
  "safety_constraints_applied": true
}