{
  "total_episodes": 276,
  "epoch": 1,
  "epoch_episode": 276,
  "question_number": 2,
  "topic": "oops",
  "subtopic": "Polymorphism",
  "difficulty": 3.4845511187480223,
  "performance": 0.2525882244786065,
  "time_taken": 17.666250863032833,
  "actor_loss": -5.675183282469534e-05,
  "value_loss": 28.515914603557462,
  "entropy_loss": -0.005218359457715831,
  "topic_means": {
    "ds": 0.16151703958267408,
    "algo": 0.0,
    "oops": 0.2525882244786065,
    "dbms": 0.0,
    "os": 0.0,
    "cn": 0.0,
    "system_design": 0.0
  },
  "consecutive_low_scores": 1,
  "safety_constraints_applied": true
}