{
  "total_episodes": 1658,
  "epoch": 4,
  "epoch_episode": 158,
  "question_number": 6,
  "topic": "algo",
  "subtopic": "Greedy",
  "difficulty": 1.188,
  "performance": 0.13497403079037174,
  "time_taken": 12.383983850019641,
  "actor_loss": -0.0021026140477561953,
  "value_loss": 26.42110187838414,
  "entropy_loss": 0.001259951562073491,
  "topic_means": {
    "ds": 0.101044611274588,
    "algo": 0.13497403079037174,
    "oops": 0.3385261692553696,
    "dbms": 0.0,
    "os": 0.15350162924586364,
    "cn": 0.0,
    "system_design": 0.0
  },
  "consecutive_low_scores": 3,
  "safety_constraints_applied": true
}