{
  "total_episodes": 2119,
  "epoch": 5,
  "epoch_episode": 119,
  "question_number": 4,
  "topic": "algo",
  "subtopic": "Searching",
  "difficulty": 1.188,
  "performance": 0.35186803797318544,
  "time_taken": 15.880928638981128,
  "actor_loss": 0.008665170062892106,
  "value_loss": 33.26444873483969,
  "entropy_loss": 0.0076823926415024585,
  "topic_means": {
    "ds": 0.13520796481120173,
    "algo": 0.35186803797318544,
    "oops": 0.23551122755450543,
    "dbms": 0.0,
    "os": 0.1463165279716679,
    "cn": 0.0,
    "system_design": 0.0
  },
  "consecutive_low_scores": 3,
  "safety_constraints_applied": true
}