{
  "total_episodes": 250,
  "epoch": 1,
  "epoch_episode": 250,
  "question_number": 6,
  "topic": "oops",
  "subtopic": "Inheritance",
  "difficulty": 2.5607348447176146,
  "performance": 0.4136489489947868,
  "time_taken": 13.63019438842649,
  "actor_loss": -0.003953322932030234,
  "value_loss": 23.99523462730995,
  "entropy_loss": -0.006215520775931519,
  "topic_means": {
    "ds": 0.23230160037285574,
    "algo": 0.2500407129230897,
    "oops": 0.4108430677687419,
    "dbms": 0.0,
    "os": 0.0,
    "cn": 0.0,
    "system_design": 0.3968567560360467
  },
  "consecutive_low_scores": 3,
  "safety_constraints_applied": true
}