{
  "total_episodes": 2471,
  "epoch": 5,
  "epoch_episode": 471,
  "question_number": 4,
  "topic": "algo",
  "subtopic": "Searching",
  "difficulty": 1.188,
  "performance": 0.22789517010882399,
  "time_taken": 9.30459630765284,
  "actor_loss": 0.10273041271338157,
  "value_loss": 25.724297750000584,
  "entropy_loss": 0.012259781440844964,
  "topic_means": {
    "ds": 0.0,
    "algo": 0.22789517010882399,
    "oops": 0.1358791796624263,
    "dbms": 0.15798814486916785,
    "os": 0.0,
    "cn": 0.0,
    "system_design": 0.0
  },
  "consecutive_low_scores": 3,
  "safety_constraints_applied": true
}