{
  "total_episodes": 2202,
  "epoch": 5,
  "epoch_episode": 202,
  "question_number": 6,
  "topic": "oops",
  "subtopic": "Abstraction",
  "difficulty": 1.584,
  "performance": 0.10275844263754162,
  "time_taken": 13.634943332931263,
  "actor_loss": 0.0729945709824443,
  "value_loss": 20.22692074914225,
  "entropy_loss": 0.009199667799918487,
  "topic_means": {
    "ds": 0.1311205931069311,
    "algo": 0.4213717079753278,
    "oops": 0.11982337857234666,
    "dbms": 0.1572817789240076,
    "os": 0.0,
    "cn": 0.0,
    "system_design": 0.0
  },
  "consecutive_low_scores": 4,
  "safety_constraints_applied": true
}