{
  "total_episodes": 29,
  "epoch": 1,
  "epoch_episode": 29,
  "question_number": 8,
  "topic": "ds",
  "subtopic": "Linked Lists",
  "difficulty": 3.1344509917040124,
  "performance": 0.2089113882050554,
  "time_taken": 10.842588558426755,
  "actor_loss": -0.0002096491288532374,
  "value_loss": 22.814430934929177,
  "entropy_loss": -0.010583882204929135,
  "topic_means": {
    "ds": 0.3415658110361268,
    "algo": 0.2235525223617839,
    "oops": 0.0,
    "dbms": 0.0,
    "os": 0.0,
    "cn": 0.14616065041207332,
    "system_design": 0.0
  },
  "consecutive_low_scores": 4,
  "safety_constraints_applied": true
}