{
  "total_episodes": 775,
  "epoch": 2,
  "epoch_episode": 275,
  "question_number": 4,
  "topic": "algo",
  "subtopic": "Greedy",
  "difficulty": 1.188,
  "performance": 0.1368591633648098,
  "time_taken": 16.500533304790206,
  "actor_loss": 0.0017152817476473604,
  "value_loss": 22.432372097097677,
  "entropy_loss": -0.0012874514495057946,
  "topic_means": {
    "ds": 0.14334118701341403,
    "algo": 0.1558494415872661,
    "oops": 0.0,
    "dbms": 0.0,
    "os": 0.26442820533187955,
    "cn": 0.0,
    "system_design": 0.0
  },
  "consecutive_low_scores": 3,
  "safety_constraints_applied": true
}