{
  "total_episodes": 2468,
  "epoch": 5,
  "epoch_episode": 468,
  "question_number": 2,
  "topic": "ds",
  "subtopic": "Heaps",
  "difficulty": 3.4983223592156985,
  "performance": 0.5650388467700475,
  "time_taken": 7.806702901874853,
  "actor_loss": 0.0548898374219413,
  "value_loss": 21.56063698075687,
  "entropy_loss": 0.011330723086759517,
  "topic_means": {
    "ds": 0.5650388467700475,
    "algo": 0.16610745307189953,
    "oops": 0.0,
    "dbms": 0.0,
    "os": 0.0,
    "cn": 0.0,
    "system_design": 0.0
  },
  "consecutive_low_scores": 1,
  "safety_constraints_applied": true
}