{
  "total_episodes": 384,
  "epoch": 1,
  "epoch_episode": 384,
  "question_number": 10,
  "topic": "oops",
  "subtopic": "Polymorphism",
  "difficulty": 2.4611788091237563,
  "performance": 0.3710984345337592,
  "time_taken": 14.933407084625916,
  "actor_loss": 0.0003335163921931311,
  "value_loss": 22.357313500831108,
  "entropy_loss": -0.004458804200811123,
  "topic_means": {
    "ds": 0.12169375367057231,
    "algo": 0.2843865984244872,
    "oops": 0.4271129925194331,
    "dbms": 0.0,
    "os": 0.0,
    "cn": 0.0,
    "system_design": 0.0
  },
  "consecutive_low_scores": 6,
  "safety_constraints_applied": true
}