{
  "total_episodes": 743,
  "epoch": 2,
  "epoch_episode": 243,
  "question_number": 4,
  "topic": "ds",
  "subtopic": "Arrays",
  "difficulty": 3.0606331238445073,
  "performance": 0.1201442057071893,
  "time_taken": 17.006007076061564,
  "actor_loss": -0.003139011513803304,
  "value_loss": 22.646260511389958,
  "entropy_loss": -0.0010624282904092234,
  "topic_means": {
    "ds": 0.13192191794882172,
    "algo": 0.33652199802387167,
    "oops": 0.0,
    "dbms": 0.0,
    "os": 0.15710128670159437,
    "cn": 0.0,
    "system_design": 0.0
  },
  "consecutive_low_scores": 2,
  "safety_constraints_applied": true
}