{
  "total_episodes": 1136,
  "epoch": 3,
  "epoch_episode": 136,
  "question_number": 10,
  "topic": "oops",
  "subtopic": "Abstraction",
  "difficulty": 2.329256711363348,
  "performance": 0.35432039958488515,
  "time_taken": 8.638054480782083,
  "actor_loss": -0.01569135448836522,
  "value_loss": 28.36800481065177,
  "entropy_loss": -0.0014658711441584197,
  "topic_means": {
    "ds": 0.1605723788680119,
    "algo": 0.1542463277565364,
    "oops": 0.2993702772313304,
    "dbms": 0.0,
    "os": 0.0,
    "cn": 0.0,
    "system_design": 0.0
  },
  "consecutive_low_scores": 7,
  "safety_constraints_applied": true
}