{
  "total_episodes": 2183,
  "epoch": 5,
  "epoch_episode": 183,
  "question_number": 4,
  "topic": "ds",
  "subtopic": "Graphs",
  "difficulty": 1.188,
  "performance": 0.17941857409155698,
  "time_taken": 15.476676710014308,
  "actor_loss": 0.04420805263409548,
  "value_loss": 22.033570383811128,
  "entropy_loss": 0.00851709760591884,
  "topic_means": {
    "ds": 0.17941857409155698,
    "algo": 0.0,
    "oops": 0.13394824270570047,
    "dbms": 0.0,
    "os": 0.0,
    "cn": 0.16640132464488488,
    "system_design": 0.0
  },
  "consecutive_low_scores": 3,
  "safety_constraints_applied": true
}