{
  "total_episodes": 1578,
  "epoch": 4,
  "epoch_episode": 78,
  "question_number": 6,
  "topic": "oops",
  "subtopic": "Inheritance",
  "difficulty": 1.188,
  "performance": 0.07088028355190701,
  "time_taken": 15.289853245304702,
  "actor_loss": 0.0013244273010781398,
  "value_loss": 23.4137291022603,
  "entropy_loss": 0.0013404820346467649,
  "topic_means": {
    "ds": 0.0,
    "algo": 0.23826490581186321,
    "oops": 0.11421288095891986,
    "dbms": 0.15798814486916785,
    "os": 0.0,
    "cn": 0.0,
    "system_design": 0.0
  },
  "consecutive_low_scores": 5,
  "safety_constraints_applied": true
}