{
  "total_episodes": 1920,
  "epoch": 4,
  "epoch_episode": 420,
  "question_number": 10,
  "topic": "ds",
  "subtopic": "Trees",
  "difficulty": 3.1030730745990076,
  "performance": 0.20083238200620557,
  "time_taken": 16.51481170295946,
  "actor_loss": -0.004337032312555044,
  "value_loss": 29.47812841747704,
  "entropy_loss": 0.004095537590400747,
  "topic_means": {
    "ds": 0.21810996949068537,
    "algo": 0.2862285953923538,
    "oops": 0.223857600913669,
    "dbms": 0.0,
    "os": 0.16650428109287446,
    "cn": 0.0,
    "system_design": 0.0
  },
  "consecutive_low_scores": 5,
  "safety_constraints_applied": true
}