{
  "total_episodes": 1024,
  "epoch": 3,
  "epoch_episode": 24,
  "question_number": 10,
  "topic": "oops",
  "subtopic": "Classes",
  "difficulty": 1.584,
  "performance": 0.23499325071517335,
  "time_taken": 11.317821281482992,
  "actor_loss": -0.008053707282433058,
  "value_loss": 27.786555610435222,
  "entropy_loss": -0.002699671870352491,
  "topic_means": {
    "ds": 0.10290203315073111,
    "algo": 0.3161689470677439,
    "oops": 0.22087371013758683,
    "dbms": 0.0,
    "os": 0.0,
    "cn": 0.0,
    "system_design": 0.15759589309425387
  },
  "consecutive_low_scores": 7,
  "safety_constraints_applied": true
}