{
  "total_episodes": 1616,
  "epoch": 4,
  "epoch_episode": 116,
  "question_number": 10,
  "topic": "algo",
  "subtopic": "Backtracking",
  "difficulty": 1.188,
  "performance": 0.07124232411695086,
  "time_taken": 14.188535669028132,
  "actor_loss": 0.0038166139858890626,
  "value_loss": 24.512627118774148,
  "entropy_loss": 0.0009855159116285057,
  "topic_means": {
    "ds": 0.12803545820657203,
    "algo": 0.09473385618079909,
    "oops": 0.2421838044297008,
    "dbms": 0.16881160949967272,
    "os": 0.0,
    "cn": 0.0,
    "system_design": 0.0
  },
  "consecutive_low_scores": 9,
  "safety_constraints_applied": true
}