{
  "total_episodes": 1594,
  "epoch": 4,
  "epoch_episode": 94,
  "question_number": 6,
  "topic": "algo",
  "subtopic": "Sorting",
  "difficulty": 3.1499209143902434,
  "performance": 0.46052886385281866,
  "time_taken": 8.477795230310313,
  "actor_loss": 0.0006650693650691077,
  "value_loss": 24.514012578725207,
  "entropy_loss": 0.0018674555377579348,
  "topic_means": {
    "ds": 0.16313855280635625,
    "algo": 0.4479566890118041,
    "oops": 0.0,
    "dbms": 0.0,
    "os": 0.0,
    "cn": 0.0,
    "system_design": 0.26779960205386716
  },
  "consecutive_low_scores": 3,
  "safety_constraints_applied": true
}