{
  "total_episodes": 544,
  "epoch": 2,
  "epoch_episode": 44,
  "question_number": 10,
  "topic": "algo",
  "subtopic": "Greedy",
  "difficulty": 3.2849015898359952,
  "performance": 0.19803525929485935,
  "time_taken": 15.702233708792432,
  "actor_loss": -0.003448142544889997,
  "value_loss": 25.190580154153437,
  "entropy_loss": -0.0014838148709583688,
  "topic_means": {
    "ds": 0.2653294691973273,
    "algo": 0.2756696964658651,
    "oops": 0.4432334848127693,
    "dbms": 0.0,
    "os": 0.0,
    "cn": 0.0,
    "system_design": 0.0
  },
  "consecutive_low_scores": 4,
  "safety_constraints_applied": true
}