{
  "total_episodes": 1309,
  "epoch": 3,
  "epoch_episode": 309,
  "question_number": 8,
  "topic": "algo",
  "subtopic": "Backtracking",
  "difficulty": 1.584,
  "performance": 0.21394556816404203,
  "time_taken": 8.730326700034945,
  "actor_loss": -0.010050062797113412,
  "value_loss": 20.37580429551344,
  "entropy_loss": -0.001915189295539516,
  "topic_means": {
    "ds": 0.08900952899098767,
    "algo": 0.25987264519128034,
    "oops": 0.0,
    "dbms": 0.0,
    "os": 0.0,
    "cn": 0.0,
    "system_design": 0.1432126465134056
  },
  "consecutive_low_scores": 6,
  "safety_constraints_applied": true
}