{
  "total_episodes": 1396,
  "epoch": 3,
  "epoch_episode": 396,
  "question_number": 2,
  "topic": "oops",
  "subtopic": "Abstraction",
  "difficulty": 3.605466623915671,
  "performance": 0.3343280734455237,
  "time_taken": 8.72518581900153,
  "actor_loss": 0.0003172710533646941,
  "value_loss": 23.53208391463582,
  "entropy_loss": -0.000548913674060626,
  "topic_means": {
    "ds": 0.2018222079718903,
    "algo": 0.0,
    "oops": 0.3343280734455237,
    "dbms": 0.0,
    "os": 0.0,
    "cn": 0.0,
    "system_design": 0.0
  },
  "consecutive_low_scores": 1,
  "safety_constraints_applied": true
}