{
  "total_episodes": 650,
  "epoch": 2,
  "epoch_episode": 150,
  "question_number": 6,
  "topic": "oops",
  "subtopic": "Abstraction",
  "difficulty": 1.584,
  "performance": 0.2933616073306813,
  "time_taken": 9.786902923949024,
  "actor_loss": 0.0007976840601515309,
  "value_loss": 24.28141480936543,
  "entropy_loss": -0.0014534055197865665,
  "topic_means": {
    "ds": 0.16121313807986873,
    "algo": 0.4285085022553715,
    "oops": 0.1975614994409737,
    "dbms": 0.0,
    "os": 0.0,
    "cn": 0.0,
    "system_design": 0.0
  },
  "consecutive_low_scores": 3,
  "safety_constraints_applied": true
}