{
  "total_episodes": 2109,
  "epoch": 5,
  "epoch_episode": 109,
  "question_number": 8,
  "topic": "algo",
  "subtopic": "Backtracking",
  "difficulty": 1.584,
  "performance": 0.17690053561587235,
  "time_taken": 16.683666038509912,
  "actor_loss": -0.0012410925623114449,
  "value_loss": 18.889799585841256,
  "entropy_loss": 0.005966407219584082,
  "topic_means": {
    "ds": 0.10432955258113348,
    "algo": 0.18694829425863072,
    "oops": 0.1332793123378443,
    "dbms": 0.16098122220336136,
    "os": 0.0,
    "cn": 0.0,
    "system_design": 0.0
  },
  "consecutive_low_scores": 7,
  "safety_constraints_applied": true
}