{
  "total_episodes": 564,
  "epoch": 2,
  "epoch_episode": 64,
  "question_number": 2,
  "topic": "ds",
  "subtopic": "Graphs",
  "difficulty": 3.954728408880386,
  "performance": 0.2616722015387218,
  "time_taken": 13.742678424608544,
  "actor_loss": -0.0035006287621446143,
  "value_loss": 24.959130547358246,
  "entropy_loss": -0.0016405653172284012,
  "topic_means": {
    "ds": 0.2616722015387218,
    "algo": 0.0,
    "oops": 0.0,
    "dbms": 0.3182428029601285,
    "os": 0.0,
    "cn": 0.0,
    "system_design": 0.0
  },
  "consecutive_low_scores": 0,
  "safety_constraints_applied": true
}