{
  "total_episodes": 944,
  "epoch": 2,
  "epoch_episode": 444,
  "question_number": 10,
  "topic": "ds",
  "subtopic": "Linked Lists",
  "difficulty": 1.584,
  "performance": 0.05680263660627427,
  "time_taken": 12.981441337478769,
  "actor_loss": -0.0017826884900020504,
  "value_loss": 26.23142965146217,
  "entropy_loss": -0.0014288360745255669,
  "topic_means": {
    "ds": 0.23804199085736305,
    "algo": 0.09310601805946486,
    "oops": 0.10370751966555077,
    "dbms": 0.0,
    "os": 0.3205545525648681,
    "cn": 0.0,
    "system_design": 0.0
  },
  "consecutive_low_scores": 7,
  "safety_constraints_applied": true
}