{
  "total_episodes": 676,
  "epoch": 2,
  "epoch_episode": 176,
  "question_number": 2,
  "topic": "algo",
  "subtopic": "Sorting",
  "difficulty": 4.980336460361671,
  "performance": 0.1461600760842025,
  "time_taken": 11.381947759183067,
  "actor_loss": 0.0008986114030931459,
  "value_loss": 22.41605114346725,
  "entropy_loss": -0.0016687183017244657,
  "topic_means": {
    "ds": 0.0,
    "algo": 0.1461600760842025,
    "oops": 0.0,
    "dbms": 0.0,
    "os": 0.326778820120557,
    "cn": 0.0,
    "system_design": 0.0
  },
  "consecutive_low_scores": 0,
  "safety_constraints_applied": true
}