{
  "total_episodes": 1543,
  "epoch": 4,
  "epoch_episode": 43,
  "question_number": 4,
  "topic": "algo",
  "subtopic": "Backtracking",
  "difficulty": 1.188,
  "performance": 0.28568942413107334,
  "time_taken": 8.124649629087415,
  "actor_loss": 0.0013977444035033748,
  "value_loss": 31.077936903757255,
  "entropy_loss": 0.001732508269265884,
  "topic_means": {
    "ds": 0.1429372659596338,
    "algo": 0.2168585275672169,
    "oops": 0.0,
    "dbms": 0.0,
    "os": 0.0,
    "cn": 0.0,
    "system_design": 0.20422276740714296
  },
  "consecutive_low_scores": 3,
  "safety_constraints_applied": true
}