{
  "total_episodes": 916,
  "epoch": 2,
  "epoch_episode": 416,
  "question_number": 2,
  "topic": "ds",
  "subtopic": "Graphs",
  "difficulty": 3.4539323867079847,
  "performance": 0.15527807517666953,
  "time_taken": 15.501784696968986,
  "actor_loss": -0.0011408323785478819,
  "value_loss": 25.192352084450043,
  "entropy_loss": -0.0007820795253877284,
  "topic_means": {
    "ds": 0.15527807517666953,
    "algo": 0.15131079556932825,
    "oops": 0.0,
    "dbms": 0.0,
    "os": 0.0,
    "cn": 0.0,
    "system_design": 0.0
  },
  "consecutive_low_scores": 1,
  "safety_constraints_applied": true
}