{
  "total_episodes": 1885,
  "epoch": 4,
  "epoch_episode": 385,
  "question_number": 8,
  "topic": "ds",
  "subtopic": "Heaps",
  "difficulty": 1.584,
  "performance": 0.07842629208285046,
  "time_taken": 17.27967087777466,
  "actor_loss": -0.001297429426386249,
  "value_loss": 22.395352407167444,
  "entropy_loss": 0.003858923988798585,
  "topic_means": {
    "ds": 0.11328044188288434,
    "algo": 0.3053875913681562,
    "oops": 0.09352728472642423,
    "dbms": 0.0,
    "os": 0.15710128670159437,
    "cn": 0.0,
    "system_design": 0.0
  },
  "consecutive_low_scores": 6,
  "safety_constraints_applied": true
}