{
  "total_episodes": 804,
  "epoch": 2,
  "epoch_episode": 304,
  "question_number": 2,
  "topic": "algo",
  "subtopic": "Searching",
  "difficulty": 4.437550905374386,
  "performance": 0.13060083219340052,
  "time_taken": 15.54844189576655,
  "actor_loss": 0.01263190709063002,
  "value_loss": 26.8463864856755,
  "entropy_loss": -0.0015215327566210554,
  "topic_means": {
    "ds": 0.0,
    "algo": 0.13060083219340052,
    "oops": 0.0,
    "dbms": 0.0,
    "os": 0.0,
    "cn": 0.0,
    "system_design": 0.14585030179146213
  },
  "consecutive_low_scores": 1,
  "safety_constraints_applied": true
}