{
  "total_episodes": 464,
  "epoch": 1,
  "epoch_episode": 464,
  "question_number": 10,
  "topic": "oops",
  "subtopic": "Abstraction",
  "difficulty": 1.188,
  "performance": 0.10038599454533872,
  "time_taken": 9.773179719788361,
  "actor_loss": -0.007371244306317031,
  "value_loss": 24.11915960104649,
  "entropy_loss": -0.002274564798787352,
  "topic_means": {
    "ds": 0.07633803769780514,
    "algo": 0.3933998721109979,
    "oops": 0.13141260116876938,
    "dbms": 0.14372320598316674,
    "os": 0.0,
    "cn": 0.0,
    "system_design": 0.0
  },
  "consecutive_low_scores": 7,
  "safety_constraints_applied": true
}