{
  "total_episodes": 1079,
  "epoch": 3,
  "epoch_episode": 79,
  "question_number": 4,
  "topic": "oops",
  "subtopic": "Abstraction",
  "difficulty": 3.159090028446021,
  "performance": 0.13697268869908263,
  "time_taken": 13.84427432654998,
  "actor_loss": -0.009917220651326856,
  "value_loss": 21.771995360695936,
  "entropy_loss": -0.002673193858115816,
  "topic_means": {
    "ds": 0.0,
    "algo": 0.4703638692062758,
    "oops": 0.13192155435532119,
    "dbms": 0.0,
    "os": 0.18926575388219558,
    "cn": 0.0,
    "system_design": 0.0
  },
  "consecutive_low_scores": 2,
  "safety_constraints_applied": true
}