{
  "total_episodes": 1386,
  "epoch": 3,
  "epoch_episode": 386,
  "question_number": 6,
  "topic": "ds",
  "subtopic": "Arrays",
  "difficulty": 1.188,
  "performance": 0.31610989325753536,
  "time_taken": 7.851667648595094,
  "actor_loss": 0.00015094203662648718,
  "value_loss": 23.294722197479686,
  "entropy_loss": -0.0008151714126120597,
  "topic_means": {
    "ds": 0.31610989325753536,
    "algo": 0.10693629971816371,
    "oops": 0.3436894907885087,
    "dbms": 0.0,
    "os": 0.0,
    "cn": 0.0,
    "system_design": 0.0
  },
  "consecutive_low_scores": 2,
  "safety_constraints_applied": true
}