{
  "total_episodes": 1399,
  "epoch": 3,
  "epoch_episode": 399,
  "question_number": 4,
  "topic": "ds",
  "subtopic": "Heaps",
  "difficulty": 3.889611491884645,
  "performance": 0.38626818196958024,
  "time_taken": 12.503862113078695,
  "actor_loss": -0.006307927919541496,
  "value_loss": 24.289720286117348,
  "entropy_loss": -0.0006783558378345236,
  "topic_means": {
    "ds": 0.4024564121775843,
    "algo": 0.14797956707102367,
    "oops": 0.0,
    "dbms": 0.0,
    "os": 0.0,
    "cn": 0.322987282428033,
    "system_design": 0.0
  },
  "consecutive_low_scores": 1,
  "safety_constraints_applied": true
}