{
  "total_episodes": 416,
  "epoch": 1,
  "epoch_episode": 416,
  "question_number": 10,
  "topic": "algo",
  "subtopic": "Backtracking",
  "difficulty": 1.584,
  "performance": 0.5224993789243797,
  "time_taken": 7.026255907610054,
  "actor_loss": -0.0037667917699830454,
  "value_loss": 21.994524848626867,
  "entropy_loss": -0.00413481057686952,
  "topic_means": {
    "ds": 0.16121313807986873,
    "algo": 0.4057821168352131,
    "oops": 0.16442681682738386,
    "dbms": 0.0,
    "os": 0.0,
    "cn": 0.0,
    "system_design": 0.0
  },
  "consecutive_low_scores": 7,
  "safety_constraints_applied": true
}