{
  "total_episodes": 1168,
  "epoch": 3,
  "epoch_episode": 168,
  "question_number": 10,
  "topic": "algo",
  "subtopic": "Backtracking",
  "difficulty": 1.584,
  "performance": 0.05451722508622728,
  "time_taken": 17.627579812688797,
  "actor_loss": -0.0026434878634819634,
  "value_loss": 24.518012539708657,
  "entropy_loss": -0.001455279420895913,
  "topic_means": {
    "ds": 0.358029181991786,
    "algo": 0.0929896448764635,
    "oops": 0.2382456438925211,
    "dbms": 0.0,
    "os": 0.1515296181470167,
    "cn": 0.0,
    "system_design": 0.0
  },
  "consecutive_low_scores": 6,
  "safety_constraints_applied": true
}