{
  "total_episodes": 256,
  "epoch": 1,
  "epoch_episode": 256,
  "question_number": 10,
  "topic": "algo",
  "subtopic": "Searching",
  "difficulty": 1.188,
  "performance": 0.3498144249824733,
  "time_taken": 8.871065898702193,
  "actor_loss": 0.006305046439897884,
  "value_loss": 33.42496561158489,
  "entropy_loss": -0.005735401490033184,
  "topic_means": {
    "ds": 0.18931333117620266,
    "algo": 0.2672988454702107,
    "oops": 0.10770646523508384,
    "dbms": 0.0,
    "os": 0.0,
    "cn": 0.0,
    "system_design": 0.0
  },
  "consecutive_low_scores": 9,
  "safety_constraints_applied": true
}