{
  "total_episodes": 1072,
  "epoch": 3,
  "epoch_episode": 72,
  "question_number": 10,
  "topic": "ds",
  "subtopic": "Trees",
  "difficulty": 1.188,
  "performance": 0.46013984330354796,
  "time_taken": 12.283377727327302,
  "actor_loss": 0.0025489894111173804,
  "value_loss": 24.508165378916054,
  "entropy_loss": -0.0020720105568990026,
  "topic_means": {
    "ds": 0.4177253314857482,
    "algo": 0.0,
    "oops": 0.2256208511009587,
    "dbms": 0.2584654033865357,
    "os": 0.0,
    "cn": 0.0,
    "system_design": 0.0
  },
  "consecutive_low_scores": 4,
  "safety_constraints_applied": true
}