{
  "total_episodes": 2292,
  "epoch": 5,
  "epoch_episode": 292,
  "question_number": 2,
  "topic": "algo",
  "subtopic": "Dynamic Programming",
  "difficulty": 4.432555157846443,
  "performance": 0.3222127469246425,
  "time_taken": 9.143450159777991,
  "actor_loss": 0.07159326781926109,
  "value_loss": 24.82112068681191,
  "entropy_loss": 0.010523699798248158,
  "topic_means": {
    "ds": 0.0,
    "algo": 0.3222127469246425,
    "oops": 0.0,
    "dbms": 0.0,
    "os": 0.14418505261548112,
    "cn": 0.0,
    "system_design": 0.0
  },
  "consecutive_low_scores": 1,
  "safety_constraints_applied": true
}