{
  "total_episodes": 1306,
  "epoch": 3,
  "epoch_episode": 306,
  "question_number": 6,
  "topic": "algo",
  "subtopic": "Greedy",
  "difficulty": 3.330889067365375,
  "performance": 0.3550271472428591,
  "time_taken": 16.28025919137433,
  "actor_loss": 0.00017559095785705804,
  "value_loss": 25.25054151892082,
  "entropy_loss": -0.0014043190958001523,
  "topic_means": {
    "ds": 0.0,
    "algo": 0.35813677307002995,
    "oops": 0.0,
    "dbms": 0.0,
    "os": 0.15455464230691482,
    "cn": 0.0,
    "system_design": 0.0
  },
  "consecutive_low_scores": 2,
  "safety_constraints_applied": true
}