{
  "total_episodes": 1866,
  "epoch": 4,
  "epoch_episode": 366,
  "question_number": 6,
  "topic": "oops",
  "subtopic": "Classes",
  "difficulty": 1.584,
  "performance": 0.11263118755840865,
  "time_taken": 13.688288290899003,
  "actor_loss": -0.00231771440086944,
  "value_loss": 26.530949114909884,
  "entropy_loss": 0.004544577231003783,
  "topic_means": {
    "ds": 0.21684913323763513,
    "algo": 0.1285604070911408,
    "oops": 0.13094527290093447,
    "dbms": 0.0,
    "os": 0.0,
    "cn": 0.0,
    "system_design": 0.0
  },
  "consecutive_low_scores": 5,
  "safety_constraints_applied": true
}