{
  "total_episodes": 1524,
  "epoch": 4,
  "epoch_episode": 24,
  "question_number": 2,
  "topic": "oops",
  "subtopic": "Classes",
  "difficulty": 3.4655504594386426,
  "performance": 0.5074946473566131,
  "time_taken": 7.89446904507686,
  "actor_loss": 0.00029795346286144475,
  "value_loss": 24.397243065091487,
  "entropy_loss": 0.001119414768347238,
  "topic_means": {
    "ds": 0.0,
    "algo": 0.0,
    "oops": 0.5074946473566131,
    "dbms": 0.0,
    "os": 0.15518348647954752,
    "cn": 0.0,
    "system_design": 0.0
  },
  "consecutive_low_scores": 1,
  "safety_constraints_applied": true
}