{
  "total_episodes": 1613,
  "epoch": 4,
  "epoch_episode": 113,
  "question_number": 8,
  "topic": "oops",
  "subtopic": "Design Patterns",
  "difficulty": 2.690656213421548,
  "performance": 0.06848237464485044,
  "time_taken": 11.824442463766077,
  "actor_loss": 0.0006588071630864243,
  "value_loss": 21.441223250854343,
  "entropy_loss": 0.00016732473005430444,
  "topic_means": {
    "ds": 0.3589172795058324,
    "algo": 0.22734332248035105,
    "oops": 0.10930884386012352,
    "dbms": 0.0,
    "os": 0.0,
    "cn": 0.15582667665442107,
    "system_design": 0.0
  },
  "consecutive_low_scores": 4,
  "safety_constraints_applied": true
}