{
  "total_episodes": 1517,
  "epoch": 4,
  "epoch_episode": 17,
  "question_number": 8,
  "topic": "algo",
  "subtopic": "Backtracking",
  "difficulty": 1.188,
  "performance": 0.33754511330873815,
  "time_taken": 9.356309488496029,
  "actor_loss": 0.00027571224109486576,
  "value_loss": 24.29494481547048,
  "entropy_loss": 0.0008176726567085535,
  "topic_means": {
    "ds": 0.2636113258179802,
    "algo": 0.29780122121819463,
    "oops": 0.11947332214690307,
    "dbms": 0.0,
    "os": 0.0,
    "cn": 0.19337457907607353,
    "system_design": 0.0
  },
  "consecutive_low_scores": 6,
  "safety_constraints_applied": true
}