{
  "total_episodes": 1642,
  "epoch": 4,
  "epoch_episode": 142,
  "question_number": 6,
  "topic": "oops",
  "subtopic": "Design Patterns",
  "difficulty": 1.584,
  "performance": 0.11787190662753547,
  "time_taken": 15.50818717944893,
  "actor_loss": 0.004251931808986127,
  "value_loss": 26.111630569810405,
  "entropy_loss": 0.0009270360351708087,
  "topic_means": {
    "ds": 0.11919352607386309,
    "algo": 0.1423579228440936,
    "oops": 0.11787190662753547,
    "dbms": 0.0,
    "os": 0.0,
    "cn": 0.15520285379029014,
    "system_design": 0.0
  },
  "consecutive_low_scores": 5,
  "safety_constraints_applied": true
}