{
  "total_episodes": 1623,
  "epoch": 4,
  "epoch_episode": 123,
  "question_number": 4,
  "topic": "ds",
  "subtopic": "Trees",
  "difficulty": 1.188,
  "performance": 0.12994950217769044,
  "time_taken": 10.313826341100818,
  "actor_loss": 0.005111258938718324,
  "value_loss": 23.35093801593001,
  "entropy_loss": 0.0010673723269981005,
  "topic_means": {
    "ds": 0.1295899641868697,
    "algo": 0.16707625787122735,
    "oops": 0.18500842233597192,
    "dbms": 0.0,
    "os": 0.0,
    "cn": 0.0,
    "system_design": 0.0
  },
  "consecutive_low_scores": 3,
  "safety_constraints_applied": true
}