{
  "total_episodes": 621,
  "epoch": 2,
  "epoch_episode": 121,
  "question_number": 8,
  "topic": "ds",
  "subtopic": "Heaps",
  "difficulty": 2.4680689543515038,
  "performance": 0.11770794650038661,
  "time_taken": 12.900980882642653,
  "actor_loss": 0.0026731846476926832,
  "value_loss": 29.24467470994255,
  "entropy_loss": -0.0012894921812831644,
  "topic_means": {
    "ds": 0.15641101685644523,
    "algo": 0.14097203252980692,
    "oops": 0.4189627150101727,
    "dbms": 0.0,
    "os": 0.0,
    "cn": 0.0,
    "system_design": 0.0
  },
  "consecutive_low_scores": 5,
  "safety_constraints_applied": true
}