{
  "total_episodes": 1085,
  "epoch": 3,
  "epoch_episode": 85,
  "question_number": 8,
  "topic": "algo",
  "subtopic": "Dynamic Programming",
  "difficulty": 1.188,
  "performance": 0.21255028489741792,
  "time_taken": 15.03100985581479,
  "actor_loss": 0.001130911546054088,
  "value_loss": 22.13262941044082,
  "entropy_loss": -0.0029664446236910107,
  "topic_means": {
    "ds": 0.10715564576521772,
    "algo": 0.25010662238727,
    "oops": 0.20938448569196932,
    "dbms": 0.0,
    "os": 0.0,
    "cn": 0.0,
    "system_design": 0.0
  },
  "consecutive_low_scores": 6,
  "safety_constraints_applied": true
}