{
  "total_episodes": 1572,
  "epoch": 4,
  "epoch_episode": 72,
  "question_number": 2,
  "topic": "oops",
  "subtopic": "Polymorphism",
  "difficulty": 3.4724059681734176,
  "performance": 0.13856265773893173,
  "time_taken": 12.367189604822071,
  "actor_loss": 0.0016664128043663178,
  "value_loss": 33.934760226702,
  "entropy_loss": 0.0023344913123624533,
  "topic_means": {
    "ds": 0.0,
    "algo": 0.0,
    "oops": 0.13856265773893173,
    "dbms": 0.0,
    "os": 0.0,
    "cn": 0.1574686560578059,
    "system_design": 0.0
  },
  "consecutive_low_scores": 1,
  "safety_constraints_applied": true
}