{
  "total_episodes": 1652,
  "epoch": 4,
  "epoch_episode": 152,
  "question_number": 2,
  "topic": "oops",
  "subtopic": "Design Patterns",
  "difficulty": 3.4327913026627717,
  "performance": 0.17981574022456367,
  "time_taken": 12.414258216793845,
  "actor_loss": -0.004505124413903397,
  "value_loss": 26.42086988430362,
  "entropy_loss": 0.0007576517637026287,
  "topic_means": {
    "ds": 0.0,
    "algo": 0.0,
    "oops": 0.17981574022456367,
    "dbms": 0.0,
    "os": 0.0,
    "cn": 0.0,
    "system_design": 0.14426376755425724
  },
  "consecutive_low_scores": 1,
  "safety_constraints_applied": true
}