{
  "total_episodes": 1460,
  "epoch": 3,
  "epoch_episode": 460,
  "question_number": 2,
  "topic": "algo",
  "subtopic": "Searching",
  "difficulty": 4.495515842784133,
  "performance": 0.23942511044334036,
  "time_taken": 9.903802433003325,
  "actor_loss": -0.0010234778223630534,
  "value_loss": 25.30879973034366,
  "entropy_loss": 0.0009236457215206223,
  "topic_means": {
    "ds": 0.0,
    "algo": 0.23942511044334036,
    "oops": 0.1651719475947111,
    "dbms": 0.0,
    "os": 0.0,
    "cn": 0.0,
    "system_design": 0.0
  },
  "consecutive_low_scores": 1,
  "safety_constraints_applied": true
}