{
  "total_episodes": 2317,
  "epoch": 5,
  "epoch_episode": 317,
  "question_number": 8,
  "topic": "oops",
  "subtopic": "Inheritance",
  "difficulty": 1.188,
  "performance": 0.2615464301821613,
  "time_taken": 15.9721128667444,
  "actor_loss": 0.14410429169632238,
  "value_loss": 19.70490274612256,
  "entropy_loss": 0.01020323832110365,
  "topic_means": {
    "ds": 0.11901935697415929,
    "algo": 0.29835337037397536,
    "oops": 0.2568462528921082,
    "dbms": 0.0,
    "os": 0.0,
    "cn": 0.0,
    "system_design": 0.0
  },
  "consecutive_low_scores": 6,
  "safety_constraints_applied": true
}