{
  "total_episodes": 36,
  "epoch": 1,
  "epoch_episode": 36,
  "question_number": 2,
  "topic": "ds",
  "subtopic": "Heaps",
  "difficulty": 3.451490554090906,
  "performance": 0.12650642895758346,
  "time_taken": 16.27820918706909,
  "actor_loss": 0.0005219645515159958,
  "value_loss": 30.037484115004986,
  "entropy_loss": -0.010318864677349618,
  "topic_means": {
    "ds": 0.12650642895758346,
    "algo": 0.15049685136363547,
    "oops": 0.0,
    "dbms": 0.0,
    "os": 0.0,
    "cn": 0.0,
    "system_design": 0.0
  },
  "consecutive_low_scores": 1,
  "safety_constraints_applied": true
}