{
  "total_episodes": 1719,
  "epoch": 4,
  "epoch_episode": 219,
  "question_number": 4,
  "topic": "algo",
  "subtopic": "Searching",
  "difficulty": 1.584,
  "performance": 0.10909517339690948,
  "time_taken": 13.406184848528536,
  "actor_loss": 0.0008555803845355557,
  "value_loss": 23.57923273325211,
  "entropy_loss": 0.0011002139370592395,
  "topic_means": {
    "ds": 0.29083636636120375,
    "algo": 0.12278928413878279,
    "oops": 0.0,
    "dbms": 0.0,
    "os": 0.0,
    "cn": 0.0,
    "system_design": 0.0
  },
  "consecutive_low_scores": 2,
  "safety_constraints_applied": true
}