{
  "total_episodes": 2000,
  "epoch": 4,
  "epoch_episode": 500,
  "question_number": 10,
  "topic": "oops",
  "subtopic": "Polymorphism",
  "difficulty": 1.188,
  "performance": 0.11572211423813647,
  "time_taken": 10.966451640344282,
  "actor_loss": -0.005067146190649925,
  "value_loss": 24.180173603300823,
  "entropy_loss": 0.004903164475579486,
  "topic_means": {
    "ds": 0.1173948130428855,
    "algo": 0.11556120713533202,
    "oops": 0.09210864813032157,
    "dbms": 0.15439719730812995,
    "os": 0.0,
    "cn": 0.0,
    "system_design": 0.0
  },
  "consecutive_low_scores": 9,
  "safety_constraints_applied": true
}