{
  "total_episodes": 1360,
  "epoch": 3,
  "epoch_episode": 360,
  "question_number": 10,
  "topic": "ds",
  "subtopic": "Linked Lists",
  "difficulty": 4.327456500213046,
  "performance": 0.41451219135529926,
  "time_taken": 13.179509864192351,
  "actor_loss": 0.0037740477116695787,
  "value_loss": 29.39716355874466,
  "entropy_loss": 0.0004042568279325082,
  "topic_means": {
    "ds": 0.43604755083420826,
    "algo": 0.419317948285868,
    "oops": 0.5132643936608783,
    "dbms": 0.0,
    "os": 0.0,
    "cn": 0.0,
    "system_design": 0.0
  },
  "consecutive_low_scores": 1,
  "safety_constraints_applied": true
}