{
  "total_episodes": 1450,
  "epoch": 3,
  "epoch_episode": 450,
  "question_number": 6,
  "topic": "algo",
  "subtopic": "Dynamic Programming",
  "difficulty": 1.188,
  "performance": 0.11707977239579173,
  "time_taken": 17.933596579688782,
  "actor_loss": 0.0016647288663821987,
  "value_loss": 21.723334898970347,
  "entropy_loss": 0.00012712982420923238,
  "topic_means": {
    "ds": 0.17941857409155698,
    "algo": 0.11707977239579173,
    "oops": 0.12264162950713191,
    "dbms": 0.0,
    "os": 0.0,
    "cn": 0.16640132464488488,
    "system_design": 0.0
  },
  "consecutive_low_scores": 5,
  "safety_constraints_applied": true
}