{
  "total_episodes": 2036,
  "epoch": 5,
  "epoch_episode": 36,
  "question_number": 2,
  "topic": "oops",
  "subtopic": "Polymorphism",
  "difficulty": 3.6774506865341556,
  "performance": 0.334646830385951,
  "time_taken": 10.428709719150858,
  "actor_loss": 0.029906617538222803,
  "value_loss": 25.533589392033385,
  "entropy_loss": 0.004822835552534851,
  "topic_means": {
    "ds": 0.22581689551138517,
    "algo": 0.0,
    "oops": 0.334646830385951,
    "dbms": 0.0,
    "os": 0.0,
    "cn": 0.0,
    "system_design": 0.0
  },
  "consecutive_low_scores": 1,
  "safety_constraints_applied": true
}