{
  "total_episodes": 2372,
  "epoch": 5,
  "epoch_episode": 372,
  "question_number": 2,
  "topic": "ds",
  "subtopic": "Linked Lists",
  "difficulty": 3.47406347755984,
  "performance": 0.14754342800656742,
  "time_taken": 12.460724476433098,
  "actor_loss": 0.20263827646271348,
  "value_loss": 27.306672793748383,
  "entropy_loss": 0.010543475930802277,
  "topic_means": {
    "ds": 0.14754342800656742,
    "algo": 0.0,
    "oops": 0.0,
    "dbms": 0.1580211591866132,
    "os": 0.0,
    "cn": 0.0,
    "system_design": 0.0
  },
  "consecutive_low_scores": 1,
  "safety_constraints_applied": true
}