{
  "total_episodes": 1556,
  "epoch": 4,
  "epoch_episode": 56,
  "question_number": 2,
  "topic": "ds",
  "subtopic": "Trees",
  "difficulty": 3.4717149240816503,
  "performance": 0.1938608574128364,
  "time_taken": 11.36949829599664,
  "actor_loss": 0.0004544895058477591,
  "value_loss": 26.196340662068963,
  "entropy_loss": 0.0017393454919326541,
  "topic_means": {
    "ds": 0.1938608574128364,
    "algo": 0.0,
    "oops": 0.0,
    "dbms": 0.15723830802721675,
    "os": 0.0,
    "cn": 0.0,
    "system_design": 0.0
  },
  "consecutive_low_scores": 1,
  "safety_constraints_applied": true
}