{
  "total_episodes": 2080,
  "epoch": 5,
  "epoch_episode": 80,
  "question_number": 10,
  "topic": "oops",
  "subtopic": "Classes",
  "difficulty": 2.5678081107248847,
  "performance": 0.10642674550010123,
  "time_taken": 16.2655241573263,
  "actor_loss": 0.004061110644094162,
  "value_loss": 25.460630887926985,
  "entropy_loss": 0.005971551715334302,
  "topic_means": {
    "ds": 0.4429560106878281,
    "algo": 0.23659426180646922,
    "oops": 0.19738052302890885,
    "dbms": 0.0,
    "os": 0.0,
    "cn": 0.0,
    "system_design": 0.0
  },
  "consecutive_low_scores": 6,
  "safety_constraints_applied": true
}