{
  "total_episodes": 836,
  "epoch": 2,
  "epoch_episode": 336,
  "question_number": 2,
  "topic": "ds",
  "subtopic": "Linked Lists",
  "difficulty": 3.7863088748875358,
  "performance": 0.1356968959047972,
  "time_taken": 10.670500743281767,
  "actor_loss": 0.006411197217242583,
  "value_loss": 22.561025775521593,
  "entropy_loss": -0.0023701765766049403,
  "topic_means": {
    "ds": 0.1356968959047972,
    "algo": 0.0,
    "oops": 0.2621029582958453,
    "dbms": 0.0,
    "os": 0.0,
    "cn": 0.0,
    "system_design": 0.0
  },
  "consecutive_low_scores": 1,
  "safety_constraints_applied": true
}