{
  "episode": 470,
  "epoch": 1,
  "mean_reward": 0.31447856707529376,
  "best_reward": 0.4567905254997499,
  "timestamp": "20250503_210922"
}