{
  "interview_num": 2270,
  "stats": {
    "average_score": 0.34852702900476684,
    "time_efficiency": 0.47506827202678936,
    "topic_performances": {
      "ds": 0.12761199228577538,
      "algo": 0.40014853337688633,
      "oops": 0.40736304299214304,
      "dbms": 0.0,
      "os": 0.0,
      "cn": 0.0,
      "system_design": 0.0
    },
    "current_streak": 0,
    "difficulty_level": 5.071043941910112
  },
  "timestamp": "20250503_211157"
}