{
  "episode": 2380,
  "epoch": 5,
  "mean_reward": 0.11311710880141727,
  "best_reward": 0.4567905254997499,
  "timestamp": "20250503_220103"
}