{
  "interview_num": 1630,
  "stats": {
    "average_score": 0.11719634368649116,
    "time_efficiency": 0.11511383159519673,
    "topic_performances": {
      "ds": 0.0,
      "algo": 0.11781139829070274,
      "oops": 0.1162737617801738,
      "dbms": 0.0,
      "os": 0.0,
      "cn": 0.0,
      "system_design": 0.0
    },
    "current_streak": 0,
    "difficulty_level": 1.0
  },
  "timestamp": "20250503_215952"
}