{
  "final_stats": {
    "average_score": 0.8207658894815062,
    "time_efficiency": 0.467993042858315,
    "topic_performances": {
      "ds": 0.8199576838507592,
      "algo": 0.8774949917067344,
      "oops": 0.8546520380703577,
      "dbms": 0.0,
      "os": 0.8678427704734475,
      "cn": 0.7396015051961929,
      "system_design": 0.7881806852721418
    },
    "current_streak": 9,
    "difficulty_level": 7.0569320744712405
  },
  "mean_reward": 0.8207658894815062,
  "policy_loss": -0.001044341955787953,
  "value_loss": 43512070990249.86,
  "timestamp": "20250503_190018"
}