{
  "episode": 220,
  "epoch": 1,
  "mean_reward": 0.24820122756819835,
  "best_reward": 0.4567905254997499,
  "timestamp": "20250503_213345"
}