{
  "interview_num": 550,
  "stats": {
    "average_score": 0.12386868691116242,
    "time_efficiency": 0.10712934700011463,
    "topic_performances": {
      "ds": 0.12938623790807408,
      "algo": 0.10953971729615437,
      "oops": 0.12428938329286003,
      "dbms": 0.0,
      "os": 0.0,
      "cn": 0.14394399900514465,
      "system_design": 0.0
    },
    "current_streak": 0,
    "difficulty_level": 1.0
  },
  "timestamp": "20250503_215824"
}