{
  "episode": 1490,
  "epoch": 3,
  "mean_reward": 0.18042414080449393,
  "best_reward": 0.4567905254997499,
  "timestamp": "20250503_211044"
}