{
  "episode": 1600,
  "epoch": 4,
  "mean_reward": 0.13919571637632674,
  "best_reward": 0.4567905254997499,
  "timestamp": "20250503_213530"
}