{
  "episode": 430,
  "epoch": 1,
  "mean_reward": 0.178865265905482,
  "best_reward": 0.4567905254997499,
  "timestamp": "20250503_215816"
}