{
  "episode": 900,
  "epoch": 2,
  "mean_reward": 0.1467429758739062,
  "best_reward": 0.4567905254997499,
  "timestamp": "20250503_213434"
}