{
  "episode": 320,
  "epoch": 1,
  "mean_reward": 0.24200090007306452,
  "best_reward": 0.4567905254997499,
  "timestamp": "20250503_215809"
}