{
  "episode": 280,
  "epoch": 1,
  "mean_reward": 0.20603463518581852,
  "best_reward": 0.4567905254997499,
  "timestamp": "20250503_213349"
}