{
  "episode": 2200,
  "epoch": 5,
  "mean_reward": 0.224795442306795,
  "best_reward": 0.4567905254997499,
  "avg_reward_100": 0.20378786775168997,
  "avg_policy_loss_100": 8.84378835994143e-05,
  "avg_value_loss_100": 8.426485365796607,
  "timestamp": "20250507_112342"
}