{
  "episode": 750,
  "epoch": 2,
  "mean_reward": 0.1288379351095708,
  "best_reward": 0.4567905254997499,
  "timestamp": "20250503_210943"
}