{
  "episode": 2220,
  "epoch": 5,
  "mean_reward": 0.22811680416922156,
  "best_reward": 0.4567905254997499,
  "timestamp": "20250503_211153"
}