{
  "episode": 1680,
  "epoch": 4,
  "mean_reward": 0.16968162369338752,
  "best_reward": 0.4567905254997499,
  "timestamp": "20250503_211102"
}