{
  "episode": 950,
  "epoch": 2,
  "mean_reward": 0.28447273002297596,
  "best_reward": 0.4567905254997499,
  "timestamp": "20250503_210958"
}