{
  "episode": 1100,
  "epoch": 3,
  "mean_reward": 0.12077092811782361,
  "best_reward": 0.4567905254997499,
  "timestamp": "20250503_215905"
}