{
  "episode": 980,
  "epoch": 2,
  "mean_reward": 0.2039033371259351,
  "best_reward": 0.4567905254997499,
  "timestamp": "20250503_213439"
}