{
  "interview_num": 1380,
  "stats": {
    "average_score": 0.16339257031115012,
    "time_efficiency": 0.46861330276083857,
    "topic_performances": {
      "ds": 0.09667256959495207,
      "algo": 0.34104688492137947,
      "oops": 0.15615636176466066,
      "dbms": 0.0,
      "os": 0.0,
      "cn": 0.0,
      "system_design": 0.0
    },
    "current_streak": 0,
    "difficulty_level": 10.0
  },
  "timestamp": "20250503_213511"
}