{
  "episode": 1510,
  "epoch": 4,
  "mean_reward": 0.2826936309475412,
  "best_reward": 0.4567905254997499,
  "avg_reward_100": 0.22043578572838732,
  "avg_policy_loss_100": 0.00019846235189977454,
  "avg_value_loss_100": 8.781589375024282,
  "timestamp": "20250507_112229"
}