{
  "episode": 500,
  "epoch": 1,
  "mean_reward": 0.25139909040551484,
  "best_reward": 0.4567905254997499,
  "avg_reward_100": 0.2145466968113627,
  "avg_policy_loss_100": -5.81326108441417e-05,
  "avg_value_loss_100": 8.856808009656632,
  "timestamp": "20250507_112103"
}