{
  "episode": 630,
  "epoch": 2,
  "mean_reward": 0.18840277347404827,
  "best_reward": 0.4567905254997499,
  "avg_reward_100": 0.21026747444408528,
  "avg_policy_loss_100": 0.0002560110099735939,
  "avg_value_loss_100": 8.645224216521333,
  "timestamp": "20250507_112113"
}