{
  "episode": 1030,
  "epoch": 3,
  "mean_reward": 0.22035443104166377,
  "best_reward": 0.4567905254997499,
  "avg_reward_100": 0.21101982758330742,
  "avg_policy_loss_100": -7.066734007848716e-05,
  "avg_value_loss_100": 8.773984270095546,
  "timestamp": "20250507_112146"
}