{
  "episode": 1470,
  "epoch": 3,
  "mean_reward": 0.17098383605450232,
  "best_reward": 0.4567905254997499,
  "timestamp": "20250503_211042"
}