{
  "episode": 390,
  "epoch": 1,
  "mean_reward": 0.1764148111253674,
  "best_reward": 0.44206984182377107,
  "avg_reward_100": 0.22291323294384818,
  "avg_policy_loss_100": 0.0002678853620084497,
  "avg_value_loss_100": 8.802545223412,
  "timestamp": "20250507_112055"
}