{
  "episode": 1480,
  "epoch": 3,
  "mean_reward": 0.24892925118154893,
  "best_reward": 0.4567905254997499,
  "timestamp": "20250503_211043"
}