{
  "episode": 1710,
  "epoch": 4,
  "mean_reward": 0.12386868691116242,
  "best_reward": 0.4567905254997499,
  "timestamp": "20250503_213539"
}