{
  "episode": 1210,
  "epoch": 3,
  "mean_reward": 0.23355662028940533,
  "best_reward": 0.4567905254997499,
  "avg_reward_100": 0.20383451376841918,
  "avg_policy_loss_100": -4.482563758381223e-05,
  "avg_value_loss_100": 8.547656300912088,
  "timestamp": "20250507_112201"
}