{
  "episode": 1170,
  "epoch": 3,
  "mean_reward": 0.2241653225420986,
  "best_reward": 0.4567905254997499,
  "avg_reward_100": 0.20662646942304214,
  "avg_policy_loss_100": -1.4562361115232501e-05,
  "avg_value_loss_100": 8.59696598400292,
  "timestamp": "20250507_112158"
}