{
  "interview_num": 1840,
  "stats": {
    "average_score": 0.1531338117986542,
    "time_efficiency": 0.6066063552459682,
    "topic_performances": {
      "ds": 0.1341024105515023,
      "algo": 0.10495553322968967,
      "oops": 0.2108277909911947,
      "dbms": 0.0,
      "os": 0.0,
      "cn": 0.0,
      "system_design": 0.0
    },
    "current_streak": 0,
    "difficulty_level": 2.7908463147163936
  },
  "timestamp": "20250503_213551"
}