{
  "episode": 130,
  "epoch": 2,
  "mean_reward": 0.8551631997914466,
  "best_reward": 0.9066554298388896,
  "timestamp": "20250503_190625"
}