{
  "episode": 830,
  "epoch": 2,
  "mean_reward": 0.33579524882340067,
  "best_reward": 0.4567905254997499,
  "timestamp": "20250503_210949"
}