{
  "total_episodes": 122,
  "epoch": 1,
  "epoch_episode": 122,
  "question_number": 6,
  "topic": "algo",
  "subtopic": "Sorting",
  "difficulty": 2.586302462356964,
  "performance": 0.16383736687654776,
  "time_taken": 13.029536109024914,
  "actor_loss": -0.0005180795966372491,
  "value_loss": 24.182495121559867,
  "entropy_loss": -0.008097701100864966,
  "topic_means": {
    "ds": 0.2077018361986393,
    "algo": 0.1542463277565364,
    "oops": 0.3062133648267494,
    "dbms": 0.0,
    "os": 0.0,
    "cn": 0.0,
    "system_design": 0.0
  },
  "consecutive_low_scores": 4,
  "safety_constraints_applied": true
}