{
  "total_episodes": 496,
  "epoch": 1,
  "epoch_episode": 496,
  "question_number": 10,
  "topic": "algo",
  "subtopic": "Sorting",
  "difficulty": 1.188,
  "performance": 0.13292214875161315,
  "time_taken": 15.618687129613049,
  "actor_loss": -3.429190716831808e-05,
  "value_loss": 28.809666925056582,
  "entropy_loss": 0.0004925084813551426,
  "topic_means": {
    "ds": 0.11393999823071807,
    "algo": 0.22182192374149154,
    "oops": 0.25507898462680706,
    "dbms": 0.0,
    "os": 0.0,
    "cn": 0.22509383047869844,
    "system_design": 0.0
  },
  "consecutive_low_scores": 8,
  "safety_constraints_applied": true
}