{
  "total_episodes": 20,
  "epoch": 1,
  "epoch_episode": 20,
  "question_number": 2,
  "topic": "algo",
  "subtopic": "Dynamic Programming",
  "difficulty": 4.426572792669969,
  "performance": 0.2763577830585649,
  "time_taken": 12.871956805876941,
  "actor_loss": 0.002580322846384933,
  "value_loss": 26.101674851120134,
  "entropy_loss": -0.01183808460233786,
  "topic_means": {
    "ds": 0.0,
    "algo": 0.2763577830585649,
    "oops": 0.0,
    "dbms": 0.14219093088998966,
    "os": 0.0,
    "cn": 0.0,
    "system_design": 0.0
  },
  "consecutive_low_scores": 1,
  "safety_constraints_applied": true
}