{
  "total_episodes": 39,
  "epoch": 1,
  "epoch_episode": 39,
  "question_number": 4,
  "topic": "algo",
  "subtopic": "Backtracking",
  "difficulty": 1.188,
  "performance": 0.11968392056310914,
  "time_taken": 11.08260354327122,
  "actor_loss": 0.00026433743084408807,
  "value_loss": 28.472384947082144,
  "entropy_loss": -0.010909763493765729,
  "topic_means": {
    "ds": 0.0,
    "algo": 0.13605223747528222,
    "oops": 0.15111142406755518,
    "dbms": 0.0,
    "os": 0.0,
    "cn": 0.0,
    "system_design": 0.0
  },
  "consecutive_low_scores": 3,
  "safety_constraints_applied": true
}