{
  "total_episodes": 144,
  "epoch": 1,
  "epoch_episode": 144,
  "question_number": 10,
  "topic": "ds",
  "subtopic": "Linked Lists",
  "difficulty": 3.1915382555708036,
  "performance": 0.43286539372166133,
  "time_taken": 11.922682351617146,
  "actor_loss": 0.005737074620802024,
  "value_loss": 32.56490567676197,
  "entropy_loss": -0.006856903638898034,
  "topic_means": {
    "ds": 0.30461189122857907,
    "algo": 0.31510941797653014,
    "oops": 0.1552257298181221,
    "dbms": 0.0,
    "os": 0.0,
    "cn": 0.0,
    "system_design": 0.0
  },
  "consecutive_low_scores": 5,
  "safety_constraints_applied": true
}