{
  "total_episodes": 461,
  "epoch": 1,
  "epoch_episode": 461,
  "question_number": 8,
  "topic": "ds",
  "subtopic": "Heaps",
  "difficulty": 1.188,
  "performance": 0.14650140088258928,
  "time_taken": 16.437597706121633,
  "actor_loss": -0.00043443793645797787,
  "value_loss": 22.618903268551072,
  "entropy_loss": -0.00015893698511267048,
  "topic_means": {
    "ds": 0.22928430968005062,
    "algo": 0.0,
    "oops": 0.15347595213247775,
    "dbms": 0.0,
    "os": 0.0,
    "cn": 0.0,
    "system_design": 0.0
  },
  "consecutive_low_scores": 6,
  "safety_constraints_applied": true
}