{
  "total_episodes": 128,
  "epoch": 1,
  "epoch_episode": 128,
  "question_number": 10,
  "topic": "oops",
  "subtopic": "Polymorphism",
  "difficulty": 1.188,
  "performance": 0.09848851630801966,
  "time_taken": 14.650275865022413,
  "actor_loss": 0.006189589844343495,
  "value_loss": 29.53849217693131,
  "entropy_loss": -0.007646678855819549,
  "topic_means": {
    "ds": 0.1323965157076474,
    "algo": 0.22594968241245317,
    "oops": 0.12946707774223376,
    "dbms": 0.3023068478345377,
    "os": 0.0,
    "cn": 0.0,
    "system_design": 0.0
  },
  "consecutive_low_scores": 7,
  "safety_constraints_applied": true
}