{
  "total_episodes": 183,
  "epoch": 1,
  "epoch_episode": 183,
  "question_number": 4,
  "topic": "ds",
  "subtopic": "Heaps",
  "difficulty": 4.149321200293996,
  "performance": 0.4276235568923932,
  "time_taken": 8.701414788720344,
  "actor_loss": -0.0007848169012047677,
  "value_loss": 25.014965616741826,
  "entropy_loss": -0.0055926427250772015,
  "topic_means": {
    "ds": 0.5021893664493683,
    "algo": 0.0,
    "oops": 0.2716626993485045,
    "dbms": 0.0,
    "os": 0.30090332493914834,
    "cn": 0.0,
    "system_design": 0.0
  },
  "consecutive_low_scores": 1,
  "safety_constraints_applied": true
}