{
  "total_episodes": 160,
  "epoch": 1,
  "epoch_episode": 160,
  "question_number": 10,
  "topic": "oops",
  "subtopic": "Design Patterns",
  "difficulty": 1.188,
  "performance": 0.11643090661184728,
  "time_taken": 17.04776450986206,
  "actor_loss": 0.007587274402380248,
  "value_loss": 30.623630632304014,
  "entropy_loss": -0.006269297372285728,
  "topic_means": {
    "ds": 0.10400190750047959,
    "algo": 0.42241288981117336,
    "oops": 0.10258026596359032,
    "dbms": 0.0,
    "os": 0.0,
    "cn": 0.0,
    "system_design": 0.0
  },
  "consecutive_low_scores": 6,
  "safety_constraints_applied": true
}