{
  "total_episodes": 64,
  "epoch": 1,
  "epoch_episode": 64,
  "question_number": 10,
  "topic": "oops",
  "subtopic": "Polymorphism",
  "difficulty": 2.29149421353122,
  "performance": 0.09828024829660115,
  "time_taken": 9.4496473176217,
  "actor_loss": 0.0014663350860508397,
  "value_loss": 21.284539542693867,
  "entropy_loss": -0.009663658827568911,
  "topic_means": {
    "ds": 0.2843171111389846,
    "algo": 0.2095583595598228,
    "oops": 0.09934343688191972,
    "dbms": 0.0,
    "os": 0.0,
    "cn": 0.0,
    "system_design": 0.0
  },
  "consecutive_low_scores": 7,
  "safety_constraints_applied": true
}