{
  "total_episodes": 468,
  "epoch": 1,
  "epoch_episode": 468,
  "question_number": 2,
  "topic": "ds",
  "subtopic": "Arrays",
  "difficulty": 3.425140605897898,
  "performance": 0.15856119216386658,
  "time_taken": 13.125915331908168,
  "actor_loss": -0.0005414065693890628,
  "value_loss": 26.870292678719107,
  "entropy_loss": 2.6658435844108655e-05,
  "topic_means": {
    "ds": 0.15856119216386658,
    "algo": 0.0,
    "oops": 0.14171353529929925,
    "dbms": 0.0,
    "os": 0.0,
    "cn": 0.0,
    "system_design": 0.0
  },
  "consecutive_low_scores": 1,
  "safety_constraints_applied": true
}