{
  "total_episodes": 77,
  "epoch": 1,
  "epoch_episode": 77,
  "question_number": 8,
  "topic": "algo",
  "subtopic": "Backtracking",
  "difficulty": 1.8263475466629697,
  "performance": 0.15706501660794592,
  "time_taken": 11.1534023035582,
  "actor_loss": -0.0013995733859671119,
  "value_loss": 31.051621977456506,
  "entropy_loss": -0.009336330608096525,
  "topic_means": {
    "ds": 0.2822019846059635,
    "algo": 0.15706501660794592,
    "oops": 0.3431811479195912,
    "dbms": 0.0,
    "os": 0.15066266373787285,
    "cn": 0.0,
    "system_design": 0.0
  },
  "consecutive_low_scores": 4,
  "safety_constraints_applied": true
}