{
  "total_episodes": 301,
  "epoch": 1,
  "epoch_episode": 301,
  "question_number": 8,
  "topic": "ds",
  "subtopic": "Linked Lists",
  "difficulty": 2.3462022965794413,
  "performance": 0.5268548648574461,
  "time_taken": 10.675231258636702,
  "actor_loss": -8.329778848023065e-05,
  "value_loss": 19.208998270273035,
  "entropy_loss": -0.0030079508611429336,
  "topic_means": {
    "ds": 0.4811347824222482,
    "algo": 0.12376472555541092,
    "oops": 0.17578988704859874,
    "dbms": 0.0,
    "os": 0.0,
    "cn": 0.0,
    "system_design": 0.0
  },
  "consecutive_low_scores": 5,
  "safety_constraints_applied": true
}