{
  "total_episodes": 199,
  "epoch": 1,
  "epoch_episode": 199,
  "question_number": 4,
  "topic": "algo",
  "subtopic": "Backtracking",
  "difficulty": 1.8961296414433413,
  "performance": 0.34651060399864464,
  "time_taken": 10.573442201258786,
  "actor_loss": 0.0002941096488814205,
  "value_loss": 21.978596823046164,
  "entropy_loss": -0.0052292896478641025,
  "topic_means": {
    "ds": 0.37466191592284204,
    "algo": 0.34651060399864464,
    "oops": 0.25247877466452584,
    "dbms": 0.0,
    "os": 0.0,
    "cn": 0.0,
    "system_design": 0.1595869887032928
  },
  "consecutive_low_scores": 2,
  "safety_constraints_applied": true
}