{
  "total_episodes": 13,
  "epoch": 1,
  "epoch_episode": 13,
  "question_number": 8,
  "topic": "algo",
  "subtopic": "Searching",
  "difficulty": 1.188,
  "performance": 0.1016902521175509,
  "time_taken": 18.367761474577698,
  "actor_loss": 0.002409944500486421,
  "value_loss": 35.46929943731601,
  "entropy_loss": -0.012573274926802675,
  "topic_means": {
    "ds": 0.40579462225551755,
    "algo": 0.1273577008695404,
    "oops": 0.11616050007311644,
    "dbms": 0.0,
    "os": 0.0,
    "cn": 0.0,
    "system_design": 0.0
  },
  "consecutive_low_scores": 6,
  "safety_constraints_applied": true
}