{
  "total_episodes": 330,
  "epoch": 1,
  "epoch_episode": 330,
  "question_number": 6,
  "topic": "ds",
  "subtopic": "Trees",
  "difficulty": 1.188,
  "performance": 0.18166057370194066,
  "time_taken": 9.818882271560703,
  "actor_loss": 8.774991658053871e-05,
  "value_loss": 22.369855735962307,
  "entropy_loss": -0.0028771599619893057,
  "topic_means": {
    "ds": 0.18166057370194066,
    "algo": 0.10649964716823869,
    "oops": 0.12428938329286003,
    "dbms": 0.0,
    "os": 0.0,
    "cn": 0.14394399900514465,
    "system_design": 0.0
  },
  "consecutive_low_scores": 5,
  "safety_constraints_applied": true
}