{
  "total_episodes": 45,
  "epoch": 1,
  "epoch_episode": 45,
  "question_number": 8,
  "topic": "ds",
  "subtopic": "Linked Lists",
  "difficulty": 2.6283563395683265,
  "performance": 0.4367881484557658,
  "time_taken": 12.334456472307506,
  "actor_loss": 0.0018474014521163294,
  "value_loss": 21.28068232144927,
  "entropy_loss": -0.010585097541878296,
  "topic_means": {
    "ds": 0.38764034558487004,
    "algo": 0.13501377475178172,
    "oops": 0.25331475562921524,
    "dbms": 0.0,
    "os": 0.14435999908893649,
    "cn": 0.0,
    "system_design": 0.0
  },
  "consecutive_low_scores": 4,
  "safety_constraints_applied": true
}