{
  "total_episodes": 416,
  "epoch": 1,
  "epoch_episode": 416,
  "question_number": 10,
  "topic": "ds",
  "subtopic": "Arrays",
  "difficulty": 2.637157569907585,
  "performance": 0.07755763172047701,
  "time_taken": 11.839700939102624,
  "actor_loss": 0.0006368588552537836,
  "value_loss": 22.485709067066693,
  "entropy_loss": -0.0007088585570030324,
  "topic_means": {
    "ds": 0.10680405660872838,
    "algo": 0.3224049299768497,
    "oops": 0.36866341302226613,
    "dbms": 0.0,
    "os": 0.0,
    "cn": 0.0,
    "system_design": 0.0
  },
  "consecutive_low_scores": 4,
  "safety_constraints_applied": true
}