{
  "total_episodes": 490,
  "epoch": 1,
  "epoch_episode": 490,
  "question_number": 6,
  "topic": "oops",
  "subtopic": "Abstraction",
  "difficulty": 4.507855019380791,
  "performance": 0.5241094278510607,
  "time_taken": 8.601980129027588,
  "actor_loss": 0.0028476764163192633,
  "value_loss": 25.00502365833331,
  "entropy_loss": 0.00013232833473494676,
  "topic_means": {
    "ds": 0.40156465769782623,
    "algo": 0.5082585369151618,
    "oops": 0.5132643936608783,
    "dbms": 0.0,
    "os": 0.0,
    "cn": 0.0,
    "system_design": 0.0
  },
  "consecutive_low_scores": 1,
  "safety_constraints_applied": true
}