{
  "total_episodes": 36,
  "epoch": 1,
  "epoch_episode": 36,
  "question_number": 2,
  "topic": "ds",
  "subtopic": "Heaps",
  "difficulty": 4.157732082590309,
  "performance": 0.15785134255346395,
  "time_taken": 8.289244973738395,
  "actor_loss": -8.016510440299018e-05,
  "value_loss": 27.25315135640394,
  "entropy_loss": -0.01091614475797418,
  "topic_means": {
    "ds": 0.15785134255346395,
    "algo": 0.0,
    "oops": 0.38591069419676965,
    "dbms": 0.0,
    "os": 0.0,
    "cn": 0.0,
    "system_design": 0.0
  },
  "consecutive_low_scores": 0,
  "safety_constraints_applied": true
}