{
  "total_episodes": 327,
  "epoch": 1,
  "epoch_episode": 327,
  "question_number": 4,
  "topic": "oops",
  "subtopic": "Abstraction",
  "difficulty": 2.45951384944636,
  "performance": 0.12073751585041566,
  "time_taken": 9.767132642053786,
  "actor_loss": -0.0030917524662385184,
  "value_loss": 23.752529827118384,
  "entropy_loss": -0.002608499509727808,
  "topic_means": {
    "ds": 0.42829427532773123,
    "algo": 0.0,
    "oops": 0.12848067605167848,
    "dbms": 0.16201802394411505,
    "os": 0.0,
    "cn": 0.0,
    "system_design": 0.0
  },
  "consecutive_low_scores": 2,
  "safety_constraints_applied": true
}