{
  "total_episodes": 452,
  "epoch": 1,
  "epoch_episode": 452,
  "question_number": 2,
  "topic": "algo",
  "subtopic": "Greedy",
  "difficulty": 4.4505980028629395,
  "performance": 0.3434986315842353,
  "time_taken": 8.395108792411431,
  "actor_loss": 0.0003044659083442836,
  "value_loss": 23.11159433677597,
  "entropy_loss": -0.0003790987967694873,
  "topic_means": {
    "ds": 0.15019933428764648,
    "algo": 0.3434986315842353,
    "oops": 0.0,
    "dbms": 0.0,
    "os": 0.0,
    "cn": 0.0,
    "system_design": 0.0
  },
  "consecutive_low_scores": 1,
  "safety_constraints_applied": true
}