{
  "total_episodes": 205,
  "epoch": 1,
  "epoch_episode": 205,
  "question_number": 8,
  "topic": "ds",
  "subtopic": "Heaps",
  "difficulty": 1.188,
  "performance": 0.07041499549342661,
  "time_taken": 13.619861915376921,
  "actor_loss": -9.393260404634111e-05,
  "value_loss": 22.286465411244148,
  "entropy_loss": -0.005259916322012448,
  "topic_means": {
    "ds": 0.10970179224550444,
    "algo": 0.16707625787122735,
    "oops": 0.2090083166544418,
    "dbms": 0.0,
    "os": 0.0,
    "cn": 0.0,
    "system_design": 0.0
  },
  "consecutive_low_scores": 7,
  "safety_constraints_applied": true
}