{
  "total_episodes": 157,
  "epoch": 1,
  "epoch_episode": 157,
  "question_number": 8,
  "topic": "oops",
  "subtopic": "Inheritance",
  "difficulty": 5.405173161667797,
  "performance": 0.3425077124643996,
  "time_taken": 7.481617909719814,
  "actor_loss": 0.007109924015626554,
  "value_loss": 28.357512324296245,
  "entropy_loss": -0.006522214070050413,
  "topic_means": {
    "ds": 0.42612442429826614,
    "algo": 0.32409316846859554,
    "oops": 0.4078845893966651,
    "dbms": 0.0,
    "os": 0.0,
    "cn": 0.0,
    "system_design": 0.0
  },
  "consecutive_low_scores": 1,
  "safety_constraints_applied": true
}