{
  "total_episodes": 109,
  "epoch": 1,
  "epoch_episode": 109,
  "question_number": 8,
  "topic": "oops",
  "subtopic": "Polymorphism",
  "difficulty": 1.188,
  "performance": 0.2941387541327875,
  "time_taken": 8.780849674106369,
  "actor_loss": -0.0022902794433449472,
  "value_loss": 26.495984301085674,
  "entropy_loss": -0.00839949377306891,
  "topic_means": {
    "ds": 0.27423328097876953,
    "algo": 0.11188358482787981,
    "oops": 0.2927590175620152,
    "dbms": 0.0,
    "os": 0.16725965486400315,
    "cn": 0.0,
    "system_design": 0.0
  },
  "consecutive_low_scores": 7,
  "safety_constraints_applied": true
}