{
  "total_episodes": 413,
  "epoch": 1,
  "epoch_episode": 413,
  "question_number": 8,
  "topic": "oops",
  "subtopic": "Abstraction",
  "difficulty": 2.4404701614364717,
  "performance": 0.06289814519352557,
  "time_taken": 17.915311282190803,
  "actor_loss": -0.00225046018250554,
  "value_loss": 29.248501264483377,
  "entropy_loss": -0.0010253977819086333,
  "topic_means": {
    "ds": 0.12185344350973398,
    "algo": 0.30754292232173563,
    "oops": 0.10244927697575712,
    "dbms": 0.0,
    "os": 0.0,
    "cn": 0.1403636771078086,
    "system_design": 0.0
  },
  "consecutive_low_scores": 6,
  "safety_constraints_applied": true
}