{
  "total_episodes": 314,
  "epoch": 1,
  "epoch_episode": 314,
  "question_number": 6,
  "topic": "ds",
  "subtopic": "Heaps",
  "difficulty": 2.721506145108119,
  "performance": 0.4125710243502606,
  "time_taken": 14.752206031148855,
  "actor_loss": 0.00013085625960335446,
  "value_loss": 24.542301599445192,
  "entropy_loss": -0.002855160919652085,
  "topic_means": {
    "ds": 0.4503827442766876,
    "algo": 0.45686024746366993,
    "oops": 0.17305325590170711,
    "dbms": 0.0,
    "os": 0.0,
    "cn": 0.0,
    "system_design": 0.16181701916038863
  },
  "consecutive_low_scores": 2,
  "safety_constraints_applied": true
}