{
  "total_episodes": 458,
  "epoch": 1,
  "epoch_episode": 458,
  "question_number": 6,
  "topic": "oops",
  "subtopic": "Polymorphism",
  "difficulty": 1.188,
  "performance": 0.23217934710875265,
  "time_taken": 14.196390757137554,
  "actor_loss": 0.0005485905910755032,
  "value_loss": 25.47712324916187,
  "entropy_loss": -0.00019763097172238096,
  "topic_means": {
    "ds": 0.1149334063641211,
    "algo": 0.135400583835957,
    "oops": 0.23217934710875265,
    "dbms": 0.0,
    "os": 0.0,
    "cn": 0.0,
    "system_design": 0.0
  },
  "consecutive_low_scores": 5,
  "safety_constraints_applied": true
}