{
  "total_episodes": 212,
  "epoch": 1,
  "epoch_episode": 212,
  "question_number": 2,
  "topic": "ds",
  "subtopic": "Trees",
  "difficulty": 3.49111763302399,
  "performance": 0.16183086140977643,
  "time_taken": 14.15007588652675,
  "actor_loss": -2.0575669236785886e-06,
  "value_loss": 17.97401564853764,
  "entropy_loss": -0.004975843197628468,
  "topic_means": {
    "ds": 0.16183086140977643,
    "algo": 0.0,
    "oops": 0.1637058776746634,
    "dbms": 0.0,
    "os": 0.0,
    "cn": 0.0,
    "system_design": 0.0
  },
  "consecutive_low_scores": 1,
  "safety_constraints_applied": true
}