{
  "total_episodes": 244,
  "epoch": 1,
  "epoch_episode": 244,
  "question_number": 2,
  "topic": "algo",
  "subtopic": "Greedy",
  "difficulty": 4.46560856137087,
  "performance": 0.1423579228440936,
  "time_taken": 14.923310623025646,
  "actor_loss": 0.0013635573749175105,
  "value_loss": 32.91988147701818,
  "entropy_loss": -0.004128568324049782,
  "topic_means": {
    "ds": 0.0,
    "algo": 0.1423579228440936,
    "oops": 0.0,
    "dbms": 0.0,
    "os": 0.0,
    "cn": 0.15520285379029014,
    "system_design": 0.0
  },
  "consecutive_low_scores": 1,
  "safety_constraints_applied": true
}