{
  "total_episodes": 317,
  "epoch": 1,
  "epoch_episode": 317,
  "question_number": 8,
  "topic": "ds",
  "subtopic": "Graphs",
  "difficulty": 1.188,
  "performance": 0.07180608189149756,
  "time_taken": 11.362230910821934,
  "actor_loss": 0.0008958966330837141,
  "value_loss": 24.220623712674907,
  "entropy_loss": -0.002802871522807142,
  "topic_means": {
    "ds": 0.13706214307395573,
    "algo": 0.0,
    "oops": 0.18076308965559534,
    "dbms": 0.0,
    "os": 0.0,
    "cn": 0.0,
    "system_design": 0.1488589923344148
  },
  "consecutive_low_scores": 7,
  "safety_constraints_applied": true
}