{
  "total_episodes": 106,
  "epoch": 1,
  "epoch_episode": 106,
  "question_number": 6,
  "topic": "oops",
  "subtopic": "Classes",
  "difficulty": 1.188,
  "performance": 0.25153703095743746,
  "time_taken": 16.72774257380589,
  "actor_loss": 0.000323949882457129,
  "value_loss": 26.125340392451317,
  "entropy_loss": -0.00851697194391807,
  "topic_means": {
    "ds": 0.11344051102821176,
    "algo": 0.2847747068133788,
    "oops": 0.25153703095743746,
    "dbms": 0.0,
    "os": 0.0,
    "cn": 0.19841593224249524,
    "system_design": 0.0
  },
  "consecutive_low_scores": 5,
  "safety_constraints_applied": true
}