{
  "total_episodes": 138,
  "epoch": 1,
  "epoch_episode": 138,
  "question_number": 6,
  "topic": "oops",
  "subtopic": "Design Patterns",
  "difficulty": 3.139641527770405,
  "performance": 0.49222416328023694,
  "time_taken": 10.384138712176988,
  "actor_loss": -1.2515742841713585e-05,
  "value_loss": 25.158327706903943,
  "entropy_loss": -0.007396666351002239,
  "topic_means": {
    "ds": 0.4845497343903049,
    "algo": 0.14040409952987995,
    "oops": 0.34863917784048976,
    "dbms": 0.0,
    "os": 0.0,
    "cn": 0.0,
    "system_design": 0.0
  },
  "consecutive_low_scores": 4,
  "safety_constraints_applied": true
}