{
  "total_episodes": 368,
  "epoch": 1,
  "epoch_episode": 368,
  "question_number": 10,
  "topic": "algo",
  "subtopic": "Searching",
  "difficulty": 1.584,
  "performance": 0.10440025709066397,
  "time_taken": 16.853236056493582,
  "actor_loss": 0.008690983019647318,
  "value_loss": 18.759580392717314,
  "entropy_loss": -0.0018416668773527628,
  "topic_means": {
    "ds": 0.10804716972029138,
    "algo": 0.16529791674533004,
    "oops": 0.107237478656243,
    "dbms": 0.0,
    "os": 0.0,
    "cn": 0.0,
    "system_design": 0.0
  },
  "consecutive_low_scores": 9,
  "safety_constraints_applied": true
}