{
  "total_episodes": 61,
  "epoch": 1,
  "epoch_episode": 61,
  "question_number": 8,
  "topic": "ds",
  "subtopic": "Arrays",
  "difficulty": 1.188,
  "performance": 0.0981766435099955,
  "time_taken": 16.772035827784034,
  "actor_loss": 0.0026065177294422323,
  "value_loss": 26.4690500479486,
  "entropy_loss": -0.009981796531992637,
  "topic_means": {
    "ds": 0.18701390532613898,
    "algo": 0.12452163149346812,
    "oops": 0.36449159096476574,
    "dbms": 0.0,
    "os": 0.0,
    "cn": 0.0,
    "system_design": 0.15654540940936273
  },
  "consecutive_low_scores": 6,
  "safety_constraints_applied": true
}