{
  "total_episodes": 228,
  "epoch": 1,
  "epoch_episode": 228,
  "question_number": 2,
  "topic": "oops",
  "subtopic": "Polymorphism",
  "difficulty": 3.4724059681734176,
  "performance": 0.13856265773893173,
  "time_taken": 12.367189604822071,
  "actor_loss": 0.0016974810475289738,
  "value_loss": 22.784018467928473,
  "entropy_loss": -0.004549972476665244,
  "topic_means": {
    "ds": 0.0,
    "algo": 0.0,
    "oops": 0.13856265773893173,
    "dbms": 0.0,
    "os": 0.0,
    "cn": 0.1574686560578059,
    "system_design": 0.0
  },
  "consecutive_low_scores": 1,
  "safety_constraints_applied": true
}