{
  "total_episodes": 308,
  "epoch": 1,
  "epoch_episode": 308,
  "question_number": 2,
  "topic": "ds",
  "subtopic": "Graphs",
  "difficulty": 3.4973151351870913,
  "performance": 0.13829651145066416,
  "time_taken": 13.979730902107981,
  "actor_loss": 0.002268297096187416,
  "value_loss": 27.791690865442682,
  "entropy_loss": -0.0027504253574462873,
  "topic_means": {
    "ds": 0.15203411158984728,
    "algo": 0.0,
    "oops": 0.0,
    "dbms": 0.0,
    "os": 0.0,
    "cn": 0.0,
    "system_design": 0.0
  },
  "consecutive_low_scores": 1,
  "safety_constraints_applied": true
}