{
  "total_episodes": 445,
  "epoch": 1,
  "epoch_episode": 445,
  "question_number": 8,
  "topic": "ds",
  "subtopic": "Graphs",
  "difficulty": 1.188,
  "performance": 0.06926958421691304,
  "time_taken": 15.104278014441288,
  "actor_loss": -0.00015679481723395312,
  "value_loss": 27.9386702347697,
  "entropy_loss": -0.000347567395343369,
  "topic_means": {
    "ds": 0.10782023655814198,
    "algo": 0.25027089068336605,
    "oops": 0.34049661272937115,
    "dbms": 0.0,
    "os": 0.0,
    "cn": 0.0,
    "system_design": 0.0
  },
  "consecutive_low_scores": 5,
  "safety_constraints_applied": true
}