{
  "total_episodes": 58,
  "epoch": 1,
  "epoch_episode": 58,
  "question_number": 6,
  "topic": "algo",
  "subtopic": "Greedy",
  "difficulty": 2.423240419054259,
  "performance": 0.41027988958879563,
  "time_taken": 11.227489377037207,
  "actor_loss": -0.00059159922344556,
  "value_loss": 23.12936892883048,
  "entropy_loss": -0.010209056914733106,
  "topic_means": {
    "ds": 0.13349499437201856,
    "algo": 0.40743314667560593,
    "oops": 0.25558838914094756,
    "dbms": 0.0,
    "os": 0.24659080789445068,
    "cn": 0.0,
    "system_design": 0.0
  },
  "consecutive_low_scores": 4,
  "safety_constraints_applied": true
}