{
  "total_episodes": 167,
  "epoch": 1,
  "epoch_episode": 167,
  "question_number": 4,
  "topic": "ds",
  "subtopic": "Linked Lists",
  "difficulty": 1.584,
  "performance": 0.11183562477764947,
  "time_taken": 8.118751422549968,
  "actor_loss": 0.0003272769201180248,
  "value_loss": 18.697236641676685,
  "entropy_loss": -0.00614137909300783,
  "topic_means": {
    "ds": 0.13414471138350262,
    "algo": 0.23977230981167458,
    "oops": 0.0,
    "dbms": 0.0,
    "os": 0.0,
    "cn": 0.0,
    "system_design": 0.0
  },
  "consecutive_low_scores": 3,
  "safety_constraints_applied": true
}