{
  "total_episodes": 96,
  "epoch": 1,
  "epoch_episode": 96,
  "question_number": 10,
  "topic": "oops",
  "subtopic": "Classes",
  "difficulty": 2.972052616376481,
  "performance": 0.08615075796272056,
  "time_taken": 13.305316303453276,
  "actor_loss": -0.001182132929864231,
  "value_loss": 23.062071318960115,
  "entropy_loss": -0.008490241631236616,
  "topic_means": {
    "ds": 0.2975909215899393,
    "algo": 0.10586538616032518,
    "oops": 0.15599367485924165,
    "dbms": 0.0,
    "os": 0.0,
    "cn": 0.0,
    "system_design": 0.0
  },
  "consecutive_low_scores": 8,
  "safety_constraints_applied": true
}