{
  "total_episodes": 439,
  "epoch": 1,
  "epoch_episode": 439,
  "question_number": 4,
  "topic": "oops",
  "subtopic": "Abstraction",
  "difficulty": 3.0865915064396527,
  "performance": 0.1916705504102088,
  "time_taken": 10.459572776555817,
  "actor_loss": -0.0010314366948563907,
  "value_loss": 23.589333259633765,
  "entropy_loss": -0.00044779990497894223,
  "topic_means": {
    "ds": 0.17134281815562027,
    "algo": 0.25265548974010843,
    "oops": 0.1916705504102088,
    "dbms": 0.0,
    "os": 0.0,
    "cn": 0.0,
    "system_design": 0.0
  },
  "consecutive_low_scores": 2,
  "safety_constraints_applied": true
}