{
  "total_episodes": 55,
  "epoch": 1,
  "epoch_episode": 55,
  "question_number": 4,
  "topic": "algo",
  "subtopic": "Searching",
  "difficulty": 1.0,
  "performance": 0.10254022775817442,
  "time_taken": 19.71229703824886,
  "actor_loss": 0.0003499048501847967,
  "value_loss": 21.930723326838276,
  "entropy_loss": -0.010261451649901122,
  "topic_means": {
    "ds": 0.42541919817655227,
    "algo": 0.12063869324609504,
    "oops": 0.0,
    "dbms": 0.1470775167483007,
    "os": 0.0,
    "cn": 0.0,
    "system_design": 0.0
  },
  "consecutive_low_scores": 2,
  "safety_constraints_applied": true
}