{
  "total_episodes": 164,
  "epoch": 1,
  "epoch_episode": 164,
  "question_number": 2,
  "topic": "ds",
  "subtopic": "Heaps",
  "difficulty": 3.3214007348571895,
  "performance": 0.1526106808837962,
  "time_taken": 15.145130978070345,
  "actor_loss": 0.0005080930808350224,
  "value_loss": 21.029997336649192,
  "entropy_loss": -0.0062297904699698285,
  "topic_means": {
    "ds": 0.1526106808837962,
    "algo": 0.0,
    "oops": 0.14832554638203554,
    "dbms": 0.0,
    "os": 0.0,
    "cn": 0.0,
    "system_design": 0.0
  },
  "consecutive_low_scores": 1,
  "safety_constraints_applied": false
}