{
  "total_episodes": 7,
  "epoch": 1,
  "epoch_episode": 7,
  "question_number": 4,
  "topic": "algo",
  "subtopic": "Sorting",
  "difficulty": 1.188,
  "performance": 0.3512560688684601,
  "time_taken": 11.036656582914011,
  "actor_loss": 0.0005452145376693459,
  "value_loss": 60.582251843508786,
  "entropy_loss": -0.012972325315530237,
  "topic_means": {
    "ds": 0.13867086492018638,
    "algo": 0.3512560688684601,
    "oops": 0.20426987948660874,
    "dbms": 0.0,
    "os": 0.0,
    "cn": 0.0,
    "system_design": 0.14581443014043005
  },
  "consecutive_low_scores": 3,
  "safety_constraints_applied": true
}