{
  "total_episodes": 464,
  "epoch": 1,
  "epoch_episode": 464,
  "question_number": 10,
  "topic": "ds",
  "subtopic": "Heaps",
  "difficulty": 2.455940029662306,
  "performance": 0.09838776338233045,
  "time_taken": 8.957637804854874,
  "actor_loss": 0.004719971919141058,
  "value_loss": 23.8871744553415,
  "entropy_loss": 6.761974343424176e-05,
  "topic_means": {
    "ds": 0.12328079490400044,
    "algo": 0.2603297439621412,
    "oops": 0.3215761632942705,
    "dbms": 0.2364529389695369,
    "os": 0.0,
    "cn": 0.0,
    "system_design": 0.0
  },
  "consecutive_low_scores": 5,
  "safety_constraints_applied": true
}