{
  "total_episodes": 48,
  "epoch": 1,
  "epoch_episode": 48,
  "question_number": 10,
  "topic": "oops",
  "subtopic": "Polymorphism",
  "difficulty": 2.3351753043243395,
  "performance": 0.2703314998532957,
  "time_taken": 11.77894127398387,
  "actor_loss": 0.001768993585648311,
  "value_loss": 28.262693186055504,
  "entropy_loss": -0.010238515151485984,
  "topic_means": {
    "ds": 0.456206749947717,
    "algo": 0.17597423454986533,
    "oops": 0.29287729495735093,
    "dbms": 0.0,
    "os": 0.0,
    "cn": 0.0,
    "system_design": 0.24924780627233967
  },
  "consecutive_low_scores": 5,
  "safety_constraints_applied": true
}