{
  "total_episodes": 263,
  "epoch": 1,
  "epoch_episode": 263,
  "question_number": 4,
  "topic": "oops",
  "subtopic": "Classes",
  "difficulty": 2.397843263179348,
  "performance": 0.34087746006526753,
  "time_taken": 13.1952351257828,
  "actor_loss": -0.0005606577916249412,
  "value_loss": 26.290765350148614,
  "entropy_loss": -0.003865815979822426,
  "topic_means": {
    "ds": 0.14905988155757233,
    "algo": 0.0,
    "oops": 0.3379267751260829,
    "dbms": 0.0,
    "os": 0.0,
    "cn": 0.0,
    "system_design": 0.0
  },
  "consecutive_low_scores": 2,
  "safety_constraints_applied": true
}