{
  "total_episodes": 176,
  "epoch": 1,
  "epoch_episode": 176,
  "question_number": 10,
  "topic": "ds",
  "subtopic": "Arrays",
  "difficulty": 1.188,
  "performance": 0.06716136847737578,
  "time_taken": 17.85282691210465,
  "actor_loss": 0.0030109697004502742,
  "value_loss": 30.261893295553506,
  "entropy_loss": -0.005766610635099002,
  "topic_means": {
    "ds": 0.11274389616932995,
    "algo": 0.16679614302231233,
    "oops": 0.2995442201488397,
    "dbms": 0.0,
    "os": 0.0,
    "cn": 0.0,
    "system_design": 0.0
  },
  "consecutive_low_scores": 7,
  "safety_constraints_applied": true
}