{
  "total_episodes": 346,
  "epoch": 1,
  "epoch_episode": 346,
  "question_number": 6,
  "topic": "oops",
  "subtopic": "Design Patterns",
  "difficulty": 3.007089379600552,
  "performance": 0.1700639903155324,
  "time_taken": 18.169591175270313,
  "actor_loss": 0.0003414940563775802,
  "value_loss": 26.40238189323336,
  "entropy_loss": -0.0023877374892396284,
  "topic_means": {
    "ds": 0.10110097426538449,
    "algo": 0.19523196254194067,
    "oops": 0.1700639903155324,
    "dbms": 0.0,
    "os": 0.0,
    "cn": 0.0,
    "system_design": 0.14585030179146213
  },
  "consecutive_low_scores": 4,
  "safety_constraints_applied": true
}