{
  "total_episodes": 384,
  "epoch": 1,
  "epoch_episode": 384,
  "question_number": 10,
  "topic": "oops",
  "subtopic": "Abstraction",
  "difficulty": 2.4349270706655672,
  "performance": 0.053253822504937987,
  "time_taken": 12.457515170426655,
  "actor_loss": 0.005010454480642373,
  "value_loss": 22.710981096614166,
  "entropy_loss": -0.0012455486579847556,
  "topic_means": {
    "ds": 0.3488223439745691,
    "algo": 0.12312592651681128,
    "oops": 0.10167331831656819,
    "dbms": 0.0,
    "os": 0.0,
    "cn": 0.0,
    "system_design": 0.0
  },
  "consecutive_low_scores": 5,
  "safety_constraints_applied": true
}