{
  "total_episodes": 253,
  "epoch": 1,
  "epoch_episode": 253,
  "question_number": 8,
  "topic": "algo",
  "subtopic": "Backtracking",
  "difficulty": 1.188,
  "performance": 0.1766081946986707,
  "time_taken": 13.24434256218563,
  "actor_loss": -0.000533431645883126,
  "value_loss": 23.9598053231814,
  "entropy_loss": -0.004107800761578498,
  "topic_means": {
    "ds": 0.25181011619325017,
    "algo": 0.16962739932601273,
    "oops": 0.0,
    "dbms": 0.3182428029601285,
    "os": 0.0,
    "cn": 0.0,
    "system_design": 0.0
  },
  "consecutive_low_scores": 5,
  "safety_constraints_applied": true
}