{
  "total_episodes": 484,
  "epoch": 1,
  "epoch_episode": 484,
  "question_number": 2,
  "topic": "oops",
  "subtopic": "Abstraction",
  "difficulty": 3.4884480291045006,
  "performance": 0.13304987471366797,
  "time_taken": 13.82563340081212,
  "actor_loss": 0.001496897410737726,
  "value_loss": 22.6502223495447,
  "entropy_loss": -0.00011423918206234472,
  "topic_means": {
    "ds": 0.0,
    "algo": 0.16281600970150015,
    "oops": 0.13304987471366797,
    "dbms": 0.0,
    "os": 0.0,
    "cn": 0.0,
    "system_design": 0.0
  },
  "consecutive_low_scores": 1,
  "safety_constraints_applied": true
}