{
  "total_episodes": 71,
  "epoch": 1,
  "epoch_episode": 71,
  "question_number": 4,
  "topic": "ds",
  "subtopic": "Graphs",
  "difficulty": 1.188,
  "performance": 0.14077563118695574,
  "time_taken": 11.110016133124313,
  "actor_loss": 0.0006326053939534921,
  "value_loss": 25.576363236323004,
  "entropy_loss": -0.00954164949706442,
  "topic_means": {
    "ds": 0.14077563118695574,
    "algo": 0.0,
    "oops": 0.18422326567731725,
    "dbms": 0.15274051945390543,
    "os": 0.0,
    "cn": 0.0,
    "system_design": 0.0
  },
  "consecutive_low_scores": 3,
  "safety_constraints_applied": true
}