{
  "total_episodes": 221,
  "epoch": 1,
  "epoch_episode": 221,
  "question_number": 8,
  "topic": "algo",
  "subtopic": "Greedy",
  "difficulty": 1.188,
  "performance": 0.0946445284840865,
  "time_taken": 19.167910701147854,
  "actor_loss": 0.0005635318015511287,
  "value_loss": 21.862687774840982,
  "entropy_loss": -0.004654327886761818,
  "topic_means": {
    "ds": 0.12655835450368458,
    "algo": 0.19467840902887643,
    "oops": 0.12508137805225653,
    "dbms": 0.16083558031923223,
    "os": 0.0,
    "cn": 0.0,
    "system_design": 0.0
  },
  "consecutive_low_scores": 6,
  "safety_constraints_applied": true
}