{
  "total_episodes": 103,
  "epoch": 1,
  "epoch_episode": 103,
  "question_number": 4,
  "topic": "ds",
  "subtopic": "Graphs",
  "difficulty": 3.887403151558385,
  "performance": 0.2916557637552085,
  "time_taken": 10.012947221175185,
  "actor_loss": 0.0005644340632265287,
  "value_loss": 27.77994440971288,
  "entropy_loss": -0.008389503750707517,
  "topic_means": {
    "ds": 0.34286811880585855,
    "algo": 0.0,
    "oops": 0.11205411756514151,
    "dbms": 0.0,
    "os": 0.0,
    "cn": 0.3812685601367349,
    "system_design": 0.0
  },
  "consecutive_low_scores": 1,
  "safety_constraints_applied": true
}