{
  "total_episodes": 432,
  "epoch": 1,
  "epoch_episode": 432,
  "question_number": 10,
  "topic": "oops",
  "subtopic": "Inheritance",
  "difficulty": 1.188,
  "performance": 0.05654176250603782,
  "time_taken": 13.930478807581228,
  "actor_loss": 0.0016142630245616074,
  "value_loss": 22.29260396005089,
  "entropy_loss": -0.0007082468745821805,
  "topic_means": {
    "ds": 0.12087598239709312,
    "algo": 0.1021887613882531,
    "oops": 0.1035452591945466,
    "dbms": 0.0,
    "os": 0.0,
    "cn": 0.0,
    "system_design": 0.1538105997487661
  },
  "consecutive_low_scores": 9,
  "safety_constraints_applied": true
}