{
  "episode": 170,
  "epoch": 1,
  "mean_reward": 0.18641630502454265,
  "best_reward": 0.4567905254997499,
  "timestamp": "20250503_215800"
}