{
  "episode": 330,
  "epoch": 4,
  "mean_reward": 0.7406810173837796,
  "best_reward": 0.9066554298388896,
  "timestamp": "20250503_190639"
}