{
  "episode": 300,
  "epoch": 1,
  "mean_reward": 0.23355662028940533,
  "best_reward": 0.44206984182377107,
  "avg_reward_100": 0.21585031501603907,
  "avg_policy_loss_100": 0.005102234911728028,
  "avg_value_loss_100": 8.975801192943063,
  "timestamp": "20250507_112048"
}