{
  "interview_num": 650,
  "stats": {
    "average_score": 0.1965823787539243,
    "time_efficiency": 0.2216077596993705,
    "topic_performances": {
      "ds": 0.0,
      "algo": 0.41580808650862683,
      "oops": 0.10262850400190894,
      "dbms": 0.0,
      "os": 0.0,
      "cn": 0.0,
      "system_design": 0.0
    },
    "current_streak": 0,
    "difficulty_level": 3.871180126294909
  },
  "timestamp": "20250503_213415"
}