{
  "episode": 2420,
  "epoch": 5,
  "mean_reward": 0.2914209061980697,
  "best_reward": 0.4567905254997499,
  "timestamp": "20250503_211212"
}