{
  "total_episodes": 1312,
  "epoch": 3,
  "epoch_episode": 312,
  "question_number": 10,
  "topic": "ds",
  "subtopic": "Trees",
  "difficulty": 1.188,
  "performance": 0.052464916208405404,
  "time_taken": 14.227660590935248,
  "actor_loss": 0.0007088960277819509,
  "value_loss": 27.914385569650033,
  "entropy_loss": 0.004906209717254173,
  "topic_means": {
    "ds": 0.07402387167681027,
    "algo": 0.272277690606754,
    "oops": 0.2148030098110588,
    "dbms": 0.15274051945390543,
    "os": 0.0,
    "cn": 0.0,
    "system_design": 0.0
  },
  "consecutive_low_scores": 8,
  "safety_constraints_applied": true
}