{
  "total_episodes": 775,
  "epoch": 2,
  "epoch_episode": 275,
  "question_number": 4,
  "topic": "algo",
  "subtopic": "Dynamic Programming",
  "difficulty": 1.188,
  "performance": 0.13318817905968128,
  "time_taken": 8.73490304189383,
  "actor_loss": -0.0037806411558179848,
  "value_loss": 26.545788625934694,
  "entropy_loss": -0.0014285351814773595,
  "topic_means": {
    "ds": 0.2578336958336628,
    "algo": 0.1487182477624587,
    "oops": 0.0,
    "dbms": 0.0,
    "os": 0.0,
    "cn": 0.0,
    "system_design": 0.0
  },
  "consecutive_low_scores": 3,
  "safety_constraints_applied": true
}