{
  "total_episodes": 2484,
  "epoch": 5,
  "epoch_episode": 484,
  "question_number": 2,
  "topic": "oops",
  "subtopic": "Polymorphism",
  "difficulty": 3.5801237372282206,
  "performance": 0.15927402304056099,
  "time_taken": 12.700049065077286,
  "actor_loss": 0.01596006132242563,
  "value_loss": 31.63741968448657,
  "entropy_loss": 0.007610141773347985,
  "topic_means": {
    "ds": 0.0,
    "algo": 0.0,
    "oops": 0.15927402304056099,
    "dbms": 0.0,
    "os": 0.0,
    "cn": 0.19337457907607353,
    "system_design": 0.0
  },
  "consecutive_low_scores": 1,
  "safety_constraints_applied": true
}