{
  "total_episodes": 2096,
  "epoch": 5,
  "epoch_episode": 96,
  "question_number": 10,
  "topic": "oops",
  "subtopic": "Polymorphism",
  "difficulty": 2.407255720875044,
  "performance": 0.049656580421969826,
  "time_taken": 19.545907057248055,
  "actor_loss": 0.00923055061230185,
  "value_loss": 20.704320726372508,
  "entropy_loss": 0.004861521639092004,
  "topic_means": {
    "ds": 0.3810336049620123,
    "algo": 0.15868780948021302,
    "oops": 0.11404819686212449,
    "dbms": 0.0,
    "os": 0.0,
    "cn": 0.0,
    "system_design": 0.0
  },
  "consecutive_low_scores": 8,
  "safety_constraints_applied": true
}