{
  "total_episodes": 2455,
  "epoch": 5,
  "epoch_episode": 455,
  "question_number": 4,
  "topic": "algo",
  "subtopic": "Sorting",
  "difficulty": 1.188,
  "performance": 0.10924613227535963,
  "time_taken": 10.32102542557325,
  "actor_loss": 0.05928058416448736,
  "value_loss": 22.122442395654623,
  "entropy_loss": 0.008252973512325845,
  "topic_means": {
    "ds": 0.12510362039627942,
    "algo": 0.15316822251675744,
    "oops": 0.0,
    "dbms": 0.0,
    "os": 0.0,
    "cn": 0.0,
    "system_design": 0.0
  },
  "consecutive_low_scores": 3,
  "safety_constraints_applied": true
}