{
  "total_episodes": 2397,
  "epoch": 5,
  "epoch_episode": 397,
  "question_number": 8,
  "topic": "ds",
  "subtopic": "Arrays",
  "difficulty": 1.584,
  "performance": 0.24652977612596128,
  "time_taken": 9.848384354352984,
  "actor_loss": -0.01657612094770863,
  "value_loss": 27.25096606528885,
  "entropy_loss": 0.0068193941039581315,
  "topic_means": {
    "ds": 0.26762522212838147,
    "algo": 0.3091051141299858,
    "oops": 0.12964381607495862,
    "dbms": 0.0,
    "os": 0.0,
    "cn": 0.0,
    "system_design": 0.0
  },
  "consecutive_low_scores": 4,
  "safety_constraints_applied": true
}