{
  "total_episodes": 1888,
  "epoch": 4,
  "epoch_episode": 388,
  "question_number": 10,
  "topic": "oops",
  "subtopic": "Classes",
  "difficulty": 1.188,
  "performance": 0.16178515057712328,
  "time_taken": 13.279435312635025,
  "actor_loss": 0.044246570196847086,
  "value_loss": 27.515903671244565,
  "entropy_loss": 0.008168507773971148,
  "topic_means": {
    "ds": 0.11806704667669612,
    "algo": 0.1450154904044328,
    "oops": 0.18858422413629383,
    "dbms": 0.1563665337284689,
    "os": 0.0,
    "cn": 0.0,
    "system_design": 0.0
  },
  "consecutive_low_scores": 9,
  "safety_constraints_applied": true
}