{
  "total_episodes": 1824,
  "epoch": 4,
  "epoch_episode": 324,
  "question_number": 10,
  "topic": "algo",
  "subtopic": "Searching",
  "difficulty": 2.4258710498878915,
  "performance": 0.4714680771919193,
  "time_taken": 6.9155702828117,
  "actor_loss": 0.022993291908265434,
  "value_loss": 20.789043128619795,
  "entropy_loss": 0.007752849933413283,
  "topic_means": {
    "ds": 0.41576528059198115,
    "algo": 0.4641641623277946,
    "oops": 0.17890085438789352,
    "dbms": 0.0,
    "os": 0.0,
    "cn": 0.0,
    "system_design": 0.16181701916038863
  },
  "consecutive_low_scores": 4,
  "safety_constraints_applied": true
}