{
  "total_episodes": 1136,
  "epoch": 3,
  "epoch_episode": 136,
  "question_number": 10,
  "topic": "oops",
  "subtopic": "Classes",
  "difficulty": 2.4777626223452,
  "performance": 0.2309416732016682,
  "time_taken": 11.946878228060351,
  "actor_loss": -0.006007858453443761,
  "value_loss": 28.71349432040038,
  "entropy_loss": 0.002461292629527835,
  "topic_means": {
    "ds": 0.36435510898523793,
    "algo": 0.06845582374269885,
    "oops": 0.21770164478264892,
    "dbms": 0.0,
    "os": 0.0,
    "cn": 0.0,
    "system_design": 0.0
  },
  "consecutive_low_scores": 7,
  "safety_constraints_applied": true
}