{
  "total_episodes": 615,
  "epoch": 2,
  "epoch_episode": 115,
  "question_number": 4,
  "topic": "algo",
  "subtopic": "Sorting",
  "difficulty": 1.188,
  "performance": 0.32538100019705385,
  "time_taken": 11.376434306887251,
  "actor_loss": -0.0026982810430707825,
  "value_loss": 18.634518065535097,
  "entropy_loss": -0.0023665827052880032,
  "topic_means": {
    "ds": 0.0,
    "algo": 0.3566016566702219,
    "oops": 0.13771524808564217,
    "dbms": 0.0,
    "os": 0.0,
    "cn": 0.0,
    "system_design": 0.0
  },
  "consecutive_low_scores": 2,
  "safety_constraints_applied": true
}