{
  "total_episodes": 2221,
  "epoch": 5,
  "epoch_episode": 221,
  "question_number": 8,
  "topic": "algo",
  "subtopic": "Sorting",
  "difficulty": 3.5324318549110982,
  "performance": 0.11834253111357865,
  "time_taken": 19.42663178593166,
  "actor_loss": -0.0017521331250036198,
  "value_loss": 33.500234773155604,
  "entropy_loss": 0.005119748588942442,
  "topic_means": {
    "ds": 0.5185190332355517,
    "algo": 0.14962411536659947,
    "oops": 0.0,
    "dbms": 0.0,
    "os": 0.0,
    "cn": 0.15175463178310045,
    "system_design": 0.0
  },
  "consecutive_low_scores": 4,
  "safety_constraints_applied": true
}