{
  "total_episodes": 1447,
  "epoch": 3,
  "epoch_episode": 447,
  "question_number": 4,
  "topic": "oops",
  "subtopic": "Abstraction",
  "difficulty": 1.188,
  "performance": 0.22526282198402858,
  "time_taken": 14.904166986038767,
  "actor_loss": 0.002452159345295438,
  "value_loss": 28.927698606458808,
  "entropy_loss": 0.0048022388835517685,
  "topic_means": {
    "ds": 0.2077018361986393,
    "algo": 0.14465528863652508,
    "oops": 0.2580665409285482,
    "dbms": 0.0,
    "os": 0.0,
    "cn": 0.0,
    "system_design": 0.0
  },
  "consecutive_low_scores": 3,
  "safety_constraints_applied": true
}