{
  "total_episodes": 516,
  "epoch": 2,
  "epoch_episode": 16,
  "question_number": 2,
  "topic": "ds",
  "subtopic": "Linked Lists",
  "difficulty": 3.700265021499467,
  "performance": 0.134759955833835,
  "time_taken": 13.855586968833334,
  "actor_loss": 0.0007395698870602714,
  "value_loss": 27.043037881527102,
  "entropy_loss": -0.003615709774714381,
  "topic_means": {
    "ds": 0.134759955833835,
    "algo": 0.0,
    "oops": 0.2334216738331557,
    "dbms": 0.0,
    "os": 0.0,
    "cn": 0.0,
    "system_design": 0.0
  },
  "consecutive_low_scores": 1,
  "safety_constraints_applied": true
}