{
  "total_episodes": 2452,
  "epoch": 5,
  "epoch_episode": 452,
  "question_number": 2,
  "topic": "algo",
  "subtopic": "Greedy",
  "difficulty": 4.424607292605255,
  "performance": 0.2025070905372916,
  "time_taken": 12.204817207712747,
  "actor_loss": -0.02901105295416454,
  "value_loss": 26.472578222933542,
  "entropy_loss": 0.0074948800150134815,
  "topic_means": {
    "ds": 0.0,
    "algo": 0.2025070905372916,
    "oops": 0.0,
    "dbms": 0.0,
    "os": 0.1415357642017516,
    "cn": 0.0,
    "system_design": 0.0
  },
  "consecutive_low_scores": 1,
  "safety_constraints_applied": true
}