{
  "total_episodes": 1354,
  "epoch": 3,
  "epoch_episode": 354,
  "question_number": 6,
  "topic": "ds",
  "subtopic": "Arrays",
  "difficulty": 1.584,
  "performance": 0.08942056492070329,
  "time_taken": 10.325385699035248,
  "actor_loss": -0.0014903065554813136,
  "value_loss": 23.98558179873588,
  "entropy_loss": 0.004455565238277703,
  "topic_means": {
    "ds": 0.08942056492070329,
    "algo": 0.28471754821554696,
    "oops": 0.14925990701773395,
    "dbms": 0.0,
    "os": 0.0,
    "cn": 0.0,
    "system_design": 0.0
  },
  "consecutive_low_scores": 5,
  "safety_constraints_applied": true
}