{
  "total_episodes": 976,
  "epoch": 2,
  "epoch_episode": 476,
  "question_number": 10,
  "topic": "algo",
  "subtopic": "Dynamic Programming",
  "difficulty": 1.188,
  "performance": 0.08595866855855927,
  "time_taken": 11.669789398457809,
  "actor_loss": -0.0009853820118834494,
  "value_loss": 26.46941552202121,
  "entropy_loss": 0.0024995822330599188,
  "topic_means": {
    "ds": 0.12262266935949623,
    "algo": 0.1427211724184985,
    "oops": 0.3834557155768196,
    "dbms": 0.0,
    "os": 0.0,
    "cn": 0.0,
    "system_design": 0.0
  },
  "consecutive_low_scores": 7,
  "safety_constraints_applied": true
}