{
  "total_episodes": 1264,
  "epoch": 3,
  "epoch_episode": 264,
  "question_number": 10,
  "topic": "oops",
  "subtopic": "Abstraction",
  "difficulty": 1.188,
  "performance": 0.2420831006857265,
  "time_taken": 11.366827058387043,
  "actor_loss": 0.0013611437212630757,
  "value_loss": 25.761710322290423,
  "entropy_loss": 0.004926333650747493,
  "topic_means": {
    "ds": 0.17890100087449798,
    "algo": 0.29612481742385194,
    "oops": 0.1805021501039326,
    "dbms": 0.0,
    "os": 0.0,
    "cn": 0.0,
    "system_design": 0.0
  },
  "consecutive_low_scores": 7,
  "safety_constraints_applied": true
}