{
  "total_episodes": 1892,
  "epoch": 4,
  "epoch_episode": 392,
  "question_number": 2,
  "topic": "algo",
  "subtopic": "Greedy",
  "difficulty": 4.441298455067876,
  "performance": 0.20339145262485422,
  "time_taken": 15.955007322664514,
  "actor_loss": 0.018746192564655255,
  "value_loss": 23.719593651670408,
  "entropy_loss": 0.007430477101404221,
  "topic_means": {
    "ds": 0.0,
    "algo": 0.17524546882373976,
    "oops": 0.0,
    "dbms": 0.0,
    "os": 0.0,
    "cn": 0.0,
    "system_design": 0.0
  },
  "consecutive_low_scores": 1,
  "safety_constraints_applied": true
}