{
  "total_episodes": 429,
  "epoch": 1,
  "epoch_episode": 429,
  "question_number": 8,
  "topic": "oops",
  "subtopic": "Abstraction",
  "difficulty": 2.3430823680387594,
  "performance": 0.0790707024670449,
  "time_taken": 14.535147711505088,
  "actor_loss": 0.001992294491489847,
  "value_loss": 24.556748350864083,
  "entropy_loss": -0.005225169274030659,
  "topic_means": {
    "ds": 0.42363360885142554,
    "algo": 0.4576986033868003,
    "oops": 0.10654910014199,
    "dbms": 0.0,
    "os": 0.0,
    "cn": 0.0,
    "system_design": 0.0
  },
  "consecutive_low_scores": 3,
  "safety_constraints_applied": true
}