{
  "total_episodes": 2413,
  "epoch": 5,
  "epoch_episode": 413,
  "question_number": 8,
  "topic": "ds",
  "subtopic": "Linked Lists",
  "difficulty": 1.188,
  "performance": 0.0930999522098177,
  "time_taken": 13.172294510182772,
  "actor_loss": -0.0052857285660109195,
  "value_loss": 20.666796306851626,
  "entropy_loss": 0.007523787837968648,
  "topic_means": {
    "ds": 0.12760973198620915,
    "algo": 0.2831041546299141,
    "oops": 0.11664551818620145,
    "dbms": 0.14066772226664342,
    "os": 0.0,
    "cn": 0.0,
    "system_design": 0.0
  },
  "consecutive_low_scores": 7,
  "safety_constraints_applied": true
}