{
  "total_episodes": 2183,
  "epoch": 5,
  "epoch_episode": 183,
  "question_number": 4,
  "topic": "algo",
  "subtopic": "Greedy",
  "difficulty": 3.1037656713670647,
  "performance": 0.3868187490029412,
  "time_taken": 9.142697504288597,
  "actor_loss": 0.00039738858442806766,
  "value_loss": 24.6905029496273,
  "entropy_loss": 0.005067133693730093,
  "topic_means": {
    "ds": 0.12591126525569984,
    "algo": 0.3986755383422038,
    "oops": 0.0,
    "dbms": 0.0,
    "os": 0.1662316667099011,
    "cn": 0.0,
    "system_design": 0.0
  },
  "consecutive_low_scores": 2,
  "safety_constraints_applied": true
}