{
  "total_episodes": 1012,
  "epoch": 3,
  "epoch_episode": 12,
  "question_number": 2,
  "topic": "algo",
  "subtopic": "Searching",
  "difficulty": 4.463444452725817,
  "performance": 0.3577925325404094,
  "time_taken": 9.876768650077686,
  "actor_loss": 0.0006801965805653305,
  "value_loss": 24.414045394557668,
  "entropy_loss": 0.001778708428608731,
  "topic_means": {
    "ds": 0.0,
    "algo": 0.3577925325404094,
    "oops": 0.15448148424193886,
    "dbms": 0.0,
    "os": 0.0,
    "cn": 0.0,
    "system_design": 0.0
  },
  "consecutive_low_scores": 1,
  "safety_constraints_applied": true
}