{
  "total_episodes": 496,
  "epoch": 1,
  "epoch_episode": 496,
  "question_number": 10,
  "topic": "oops",
  "subtopic": "Design Patterns",
  "difficulty": 1.584,
  "performance": 0.3019542187886871,
  "time_taken": 12.597774030595447,
  "actor_loss": 0.005925327549622441,
  "value_loss": 25.6207916115765,
  "entropy_loss": -0.003734911513902045,
  "topic_means": {
    "ds": 0.1241054729750874,
    "algo": 0.3888889774730118,
    "oops": 0.24362364068193054,
    "dbms": 0.0,
    "os": 0.0,
    "cn": 0.0,
    "system_design": 0.0
  },
  "consecutive_low_scores": 7,
  "safety_constraints_applied": true
}