{
  "total_episodes": 2352,
  "epoch": 5,
  "epoch_episode": 352,
  "question_number": 10,
  "topic": "ds",
  "subtopic": "Graphs",
  "difficulty": 1.188,
  "performance": 0.0669357247760543,
  "time_taken": 16.442428942911338,
  "actor_loss": -0.004143621942116689,
  "value_loss": 29.071643278555648,
  "entropy_loss": 0.0060182919032661965,
  "topic_means": {
    "ds": 0.0669357247760543,
    "algo": 0.2709816321789106,
    "oops": 0.11540735693766997,
    "dbms": 0.0,
    "os": 0.2745903756687576,
    "cn": 0.0,
    "system_design": 0.0
  },
  "consecutive_low_scores": 8,
  "safety_constraints_applied": true
}