{
  "total_episodes": 1488,
  "epoch": 3,
  "epoch_episode": 488,
  "question_number": 10,
  "topic": "oops",
  "subtopic": "Classes",
  "difficulty": 1.584,
  "performance": 0.3419903908565435,
  "time_taken": 10.987868021657139,
  "actor_loss": -0.0009423338771560645,
  "value_loss": 26.00625416820206,
  "entropy_loss": 0.005696822986634756,
  "topic_means": {
    "ds": 0.5342448364911951,
    "algo": 0.11142635699004703,
    "oops": 0.2995390618725661,
    "dbms": 0.0,
    "os": 0.0,
    "cn": 0.0,
    "system_design": 0.0
  },
  "consecutive_low_scores": 7,
  "safety_constraints_applied": true
}