{
  "total_episodes": 2365,
  "epoch": 5,
  "epoch_episode": 365,
  "question_number": 8,
  "topic": "oops",
  "subtopic": "Abstraction",
  "difficulty": 1.188,
  "performance": 0.2781925305044185,
  "time_taken": 7.761404929064053,
  "actor_loss": -0.003961980551191796,
  "value_loss": 27.584853956211667,
  "entropy_loss": 0.006424338029079289,
  "topic_means": {
    "ds": 0.16183739455879545,
    "algo": 0.13638168389982974,
    "oops": 0.22742693021315002,
    "dbms": 0.0,
    "os": 0.0,
    "cn": 0.17995093938338705,
    "system_design": 0.0
  },
  "consecutive_low_scores": 7,
  "safety_constraints_applied": true
}