{
  "total_episodes": 2288,
  "epoch": 5,
  "epoch_episode": 288,
  "question_number": 10,
  "topic": "algo",
  "subtopic": "Dynamic Programming",
  "difficulty": 1.188,
  "performance": 0.479566866526156,
  "time_taken": 12.615380880860746,
  "actor_loss": 0.006557153670969021,
  "value_loss": 27.38020625390911,
  "entropy_loss": 0.0067273192090335525,
  "topic_means": {
    "ds": 0.336631761658711,
    "algo": 0.45060479477251064,
    "oops": 0.1724889914406864,
    "dbms": 0.0,
    "os": 0.0,
    "cn": 0.0,
    "system_design": 0.0
  },
  "consecutive_low_scores": 7,
  "safety_constraints_applied": true
}