{
  "total_episodes": 2151,
  "epoch": 5,
  "epoch_episode": 151,
  "question_number": 4,
  "topic": "oops",
  "subtopic": "Design Patterns",
  "difficulty": 2.465160569699317,
  "performance": 0.09932308207106266,
  "time_taken": 10.431310993829392,
  "actor_loss": 0.0033375857986371626,
  "value_loss": 24.283404379013255,
  "entropy_loss": 0.00428542389544996,
  "topic_means": {
    "ds": 0.4527145145186185,
    "algo": 0.0,
    "oops": 0.11614654307316713,
    "dbms": 0.14940725367780214,
    "os": 0.0,
    "cn": 0.0,
    "system_design": 0.0
  },
  "consecutive_low_scores": 2,
  "safety_constraints_applied": true
}