{
  "total_episodes": 2458,
  "epoch": 5,
  "epoch_episode": 458,
  "question_number": 6,
  "topic": "oops",
  "subtopic": "Abstraction",
  "difficulty": 1.584,
  "performance": 0.09744422914450171,
  "time_taken": 14.071058172706827,
  "actor_loss": -0.028539200075933458,
  "value_loss": 22.344348810818765,
  "entropy_loss": 0.008221207117053625,
  "topic_means": {
    "ds": 0.1323117387805933,
    "algo": 0.24639028457451476,
    "oops": 0.09744422914450171,
    "dbms": 0.0,
    "os": 0.0,
    "cn": 0.0,
    "system_design": 0.0
  },
  "consecutive_low_scores": 4,
  "safety_constraints_applied": true
}