{
  "total_episodes": 2224,
  "epoch": 5,
  "epoch_episode": 224,
  "question_number": 10,
  "topic": "algo",
  "subtopic": "Dynamic Programming",
  "difficulty": 1.188,
  "performance": 0.15835976986440709,
  "time_taken": 11.417947141201234,
  "actor_loss": 0.0003424342424392317,
  "value_loss": 26.285539587176174,
  "entropy_loss": 0.005352433132885843,
  "topic_means": {
    "ds": 0.1755991118613934,
    "algo": 0.18133302448211794,
    "oops": 0.11777270592717201,
    "dbms": 0.0,
    "os": 0.0,
    "cn": 0.15962772918104018,
    "system_design": 0.0
  },
  "consecutive_low_scores": 9,
  "safety_constraints_applied": true
}