{
  "total_episodes": 2122,
  "epoch": 5,
  "epoch_episode": 122,
  "question_number": 6,
  "topic": "ds",
  "subtopic": "Heaps",
  "difficulty": 1.584,
  "performance": 0.21038287126505112,
  "time_taken": 12.341653807553316,
  "actor_loss": 0.0004805905995480801,
  "value_loss": 25.678906187983706,
  "entropy_loss": 0.004265931481740394,
  "topic_means": {
    "ds": 0.23611734439592455,
    "algo": 0.3381165342773199,
    "oops": 0.125991377344533,
    "dbms": 0.0,
    "os": 0.0,
    "cn": 0.0,
    "system_design": 0.0
  },
  "consecutive_low_scores": 4,
  "safety_constraints_applied": true
}