{
  "total_episodes": 2253,
  "epoch": 5,
  "epoch_episode": 253,
  "question_number": 8,
  "topic": "algo",
  "subtopic": "Dynamic Programming",
  "difficulty": 1.188,
  "performance": 0.06453093426292164,
  "time_taken": 13.503848690844219,
  "actor_loss": -0.007235255959305223,
  "value_loss": 20.749406952473283,
  "entropy_loss": 0.006121250914703172,
  "topic_means": {
    "ds": 0.456206749947717,
    "algo": 0.17597423454986533,
    "oops": 0.0,
    "dbms": 0.0,
    "os": 0.0,
    "cn": 0.0,
    "system_design": 0.24924780627233967
  },
  "consecutive_low_scores": 4,
  "safety_constraints_applied": true
}