{
  "total_episodes": 935,
  "epoch": 2,
  "epoch_episode": 435,
  "question_number": 4,
  "topic": "algo",
  "subtopic": "Sorting",
  "difficulty": 1.584,
  "performance": 0.2869461306339737,
  "time_taken": 12.166975265195848,
  "actor_loss": -0.0005004979786259151,
  "value_loss": 20.691006207369288,
  "entropy_loss": 0.0009353956117738231,
  "topic_means": {
    "ds": 0.0,
    "algo": 0.25636862897531476,
    "oops": 0.1799032908697939,
    "dbms": 0.3477338382008431,
    "os": 0.0,
    "cn": 0.0,
    "system_design": 0.0
  },
  "consecutive_low_scores": 2,
  "safety_constraints_applied": true
}