{
  "total_episodes": 2199,
  "epoch": 5,
  "epoch_episode": 199,
  "question_number": 4,
  "topic": "ds",
  "subtopic": "Trees",
  "difficulty": 1.584,
  "performance": 0.4845497343903049,
  "time_taken": 9.587854789078056,
  "actor_loss": -0.0003694996864140036,
  "value_loss": 28.34843609244902,
  "entropy_loss": 0.005505519713817105,
  "topic_means": {
    "ds": 0.4845497343903049,
    "algo": 0.14421287332984425,
    "oops": 0.20505419240074257,
    "dbms": 0.0,
    "os": 0.0,
    "cn": 0.0,
    "system_design": 0.0
  },
  "consecutive_low_scores": 3,
  "safety_constraints_applied": true
}