{
  "total_episodes": 378,
  "epoch": 1,
  "epoch_episode": 378,
  "question_number": 6,
  "topic": "ds",
  "subtopic": "Linked Lists",
  "difficulty": 2.426507853326938,
  "performance": 0.2649204955661473,
  "time_taken": 15.639087062802071,
  "actor_loss": 0.00038520278141272594,
  "value_loss": 26.040292389320392,
  "entropy_loss": -0.005391346058749115,
  "topic_means": {
    "ds": 0.2649204955661473,
    "algo": 0.2095583595598228,
    "oops": 0.1308462963501424,
    "dbms": 0.0,
    "os": 0.0,
    "cn": 0.0,
    "system_design": 0.0
  },
  "consecutive_low_scores": 4,
  "safety_constraints_applied": true
}