{
  "total_episodes": 1242,
  "epoch": 3,
  "epoch_episode": 242,
  "question_number": 6,
  "topic": "algo",
  "subtopic": "Searching",
  "difficulty": 1.584,
  "performance": 0.1416964066640407,
  "time_taken": 16.69333127747647,
  "actor_loss": 0.0006126158919824487,
  "value_loss": 25.30052125926379,
  "entropy_loss": 0.004149570645843445,
  "topic_means": {
    "ds": 0.0908696748659891,
    "algo": 0.2713544144480899,
    "oops": 0.0,
    "dbms": 0.0,
    "os": 0.0,
    "cn": 0.0,
    "system_design": 0.1432126465134056
  },
  "consecutive_low_scores": 4,
  "safety_constraints_applied": true
}