{
  "total_episodes": 724,
  "epoch": 2,
  "epoch_episode": 224,
  "question_number": 2,
  "topic": "oops",
  "subtopic": "Design Patterns",
  "difficulty": 4.020952092994047,
  "performance": 0.4755910992657076,
  "time_taken": 10.799795021545773,
  "actor_loss": -0.003090715688024556,
  "value_loss": 22.59964073834251,
  "entropy_loss": -0.0020596405394219487,
  "topic_means": {
    "ds": 0.0,
    "algo": 0.0,
    "oops": 0.4079542317985284,
    "dbms": 0.0,
    "os": 0.0,
    "cn": 0.0,
    "system_design": 0.0
  },
  "consecutive_low_scores": 0,
  "safety_constraints_applied": true
}