{
  "total_episodes": 567,
  "epoch": 2,
  "epoch_episode": 67,
  "question_number": 4,
  "topic": "ds",
  "subtopic": "Trees",
  "difficulty": 3.0486934938713297,
  "performance": 0.261851817526798,
  "time_taken": 12.93360965666716,
  "actor_loss": 3.9445418421013914e-05,
  "value_loss": 23.44392606216028,
  "entropy_loss": -0.002883831442017732,
  "topic_means": {
    "ds": 0.261851817526798,
    "algo": 0.3381165342773199,
    "oops": 0.14055801609719584,
    "dbms": 0.0,
    "os": 0.0,
    "cn": 0.0,
    "system_design": 0.0
  },
  "consecutive_low_scores": 2,
  "safety_constraints_applied": true
}