{
  "total_episodes": 1194,
  "epoch": 3,
  "epoch_episode": 194,
  "question_number": 6,
  "topic": "oops",
  "subtopic": "Classes",
  "difficulty": 1.188,
  "performance": 0.11295530310699262,
  "time_taken": 12.087530751024058,
  "actor_loss": 0.001615839360248091,
  "value_loss": 28.100470900264078,
  "entropy_loss": 0.0035349785560960883,
  "topic_means": {
    "ds": 0.11426990869762021,
    "algo": 0.16281600970150015,
    "oops": 0.13091802700198563,
    "dbms": 0.0,
    "os": 0.0,
    "cn": 0.0,
    "system_design": 0.0
  },
  "consecutive_low_scores": 5,
  "safety_constraints_applied": true
}