{
  "total_episodes": 1380,
  "epoch": 3,
  "epoch_episode": 380,
  "question_number": 2,
  "topic": "ds",
  "subtopic": "Trees",
  "difficulty": 3.7930278226927303,
  "performance": 0.14021063515402854,
  "time_taken": 12.4782585750082,
  "actor_loss": -9.540751914448656e-05,
  "value_loss": 21.985318204746036,
  "entropy_loss": 0.004780646280240322,
  "topic_means": {
    "ds": 0.14021063515402854,
    "algo": 0.2643426075642434,
    "oops": 0.0,
    "dbms": 0.0,
    "os": 0.0,
    "cn": 0.0,
    "system_design": 0.0
  },
  "consecutive_low_scores": 1,
  "safety_constraints_applied": true
}