{
  "total_episodes": 253,
  "epoch": 1,
  "epoch_episode": 253,
  "question_number": 8,
  "topic": "oops",
  "subtopic": "Design Patterns",
  "difficulty": 1.584,
  "performance": 0.04320973093545638,
  "time_taken": 16.374389600417043,
  "actor_loss": -0.001587586483189668,
  "value_loss": 22.056555819621675,
  "entropy_loss": -0.008000777778913773,
  "topic_means": {
    "ds": 0.29574927144263374,
    "algo": 0.12711740082330616,
    "oops": 0.1103806901294333,
    "dbms": 0.0,
    "os": 0.0,
    "cn": 0.0,
    "system_design": 0.1430405190150489
  },
  "consecutive_low_scores": 6,
  "safety_constraints_applied": true
}