{
  "total_episodes": 1373,
  "epoch": 3,
  "epoch_episode": 373,
  "question_number": 8,
  "topic": "algo",
  "subtopic": "Dynamic Programming",
  "difficulty": 1.584,
  "performance": 0.11025244573646727,
  "time_taken": 15.855364863845976,
  "actor_loss": 0.006480512158120832,
  "value_loss": 20.603408215967832,
  "entropy_loss": 0.00482745689228897,
  "topic_means": {
    "ds": 0.1341024105515023,
    "algo": 0.11620503557708345,
    "oops": 0.20409045550788477,
    "dbms": 0.0,
    "os": 0.0,
    "cn": 0.0,
    "system_design": 0.0
  },
  "consecutive_low_scores": 7,
  "safety_constraints_applied": true
}