{
  "total_episodes": 1092,
  "epoch": 3,
  "epoch_episode": 92,
  "question_number": 2,
  "topic": "ds",
  "subtopic": "Arrays",
  "difficulty": 3.4328632623821473,
  "performance": 0.13387442094279994,
  "time_taken": 10.321946804021099,
  "actor_loss": 0.003222076220835257,
  "value_loss": 27.97262623202581,
  "entropy_loss": 0.001744962747069985,
  "topic_means": {
    "ds": 0.13387442094279994,
    "algo": 0.14428775412738248,
    "oops": 0.0,
    "dbms": 0.0,
    "os": 0.0,
    "cn": 0.0,
    "system_design": 0.0
  },
  "consecutive_low_scores": 1,
  "safety_constraints_applied": true
}