{
  "total_episodes": 2196,
  "epoch": 5,
  "epoch_episode": 196,
  "question_number": 2,
  "topic": "oops",
  "subtopic": "Design Patterns",
  "difficulty": 3.486054071832345,
  "performance": 0.13622383625294132,
  "time_taken": 11.028895264272958,
  "actor_loss": 0.0007220436620842381,
  "value_loss": 26.429370289726666,
  "entropy_loss": 0.0045507765922035304,
  "topic_means": {
    "ds": 0.0,
    "algo": 0.0,
    "oops": 0.13622383625294132,
    "dbms": 0.16201802394411505,
    "os": 0.0,
    "cn": 0.0,
    "system_design": 0.0
  },
  "consecutive_low_scores": 1,
  "safety_constraints_applied": true
}