{
  "total_episodes": 586,
  "epoch": 2,
  "epoch_episode": 86,
  "question_number": 6,
  "topic": "algo",
  "subtopic": "Sorting",
  "difficulty": 1.584,
  "performance": 0.09782598244297827,
  "time_taken": 13.338675202084795,
  "actor_loss": 0.00010177271885869199,
  "value_loss": 27.932901677043628,
  "entropy_loss": -0.002860880881069443,
  "topic_means": {
    "ds": 0.13340168551915216,
    "algo": 0.17618982038501368,
    "oops": 0.12000157048779744,
    "dbms": 0.0,
    "os": 0.0,
    "cn": 0.0,
    "system_design": 0.0
  },
  "consecutive_low_scores": 5,
  "safety_constraints_applied": true
}