{
  "total_episodes": 13,
  "epoch": 1,
  "epoch_episode": 13,
  "question_number": 8,
  "topic": "ds",
  "subtopic": "Graphs",
  "difficulty": 2.4116853210764115,
  "performance": 0.04672569886467595,
  "time_taken": 20.460101597618042,
  "actor_loss": -0.013429258891329907,
  "value_loss": 32.416518992006836,
  "entropy_loss": -0.017133822375798698,
  "topic_means": {
    "ds": 0.08543443911255977,
    "algo": 0.13041805197624018,
    "oops": 0.5320772726220863,
    "dbms": 0.1591217032825235,
    "os": 0.0,
    "cn": 0.0,
    "system_design": 0.0
  },
  "consecutive_low_scores": 5,
  "safety_constraints_applied": true
}