{
  "total_episodes": 1466,
  "epoch": 3,
  "epoch_episode": 466,
  "question_number": 6,
  "topic": "ds",
  "subtopic": "Heaps",
  "difficulty": 1.188,
  "performance": 0.09978872766905961,
  "time_taken": 18.79586045488464,
  "actor_loss": -0.0019206884135787004,
  "value_loss": 29.8926928420566,
  "entropy_loss": 0.0050832428742167615,
  "topic_means": {
    "ds": 0.12662875655771852,
    "algo": 0.0,
    "oops": 0.30580926101692496,
    "dbms": 0.0,
    "os": 0.24173271578323607,
    "cn": 0.0,
    "system_design": 0.0
  },
  "consecutive_low_scores": 4,
  "safety_constraints_applied": true
}