{
  "total_episodes": 116,
  "epoch": 1,
  "epoch_episode": 116,
  "question_number": 2,
  "topic": "oops",
  "subtopic": "Classes",
  "difficulty": 2.678176093545115,
  "performance": 0.3953704763967071,
  "time_taken": 11.77527643323266,
  "actor_loss": -0.01083505904827258,
  "value_loss": 24.293005099432992,
  "entropy_loss": -0.012298719792628693,
  "topic_means": {
    "ds": 0.0,
    "algo": 0.0,
    "oops": 0.3953704763967071,
    "dbms": 0.0,
    "os": 0.15350162924586364,
    "cn": 0.0,
    "system_design": 0.0
  },
  "consecutive_low_scores": 1,
  "safety_constraints_applied": false
}