{
  "total_episodes": 1332,
  "epoch": 3,
  "epoch_episode": 332,
  "question_number": 2,
  "topic": "algo",
  "subtopic": "Backtracking",
  "difficulty": 4.4275545700190095,
  "performance": 0.34126605110340513,
  "time_taken": 13.90022130007914,
  "actor_loss": 0.0026804370815868162,
  "value_loss": 25.437079670741326,
  "entropy_loss": 0.004542618903948465,
  "topic_means": {
    "ds": 0.0,
    "algo": 0.34126605110340513,
    "oops": 0.0,
    "dbms": 0.0,
    "os": 0.0,
    "cn": 0.0,
    "system_design": 0.14251819000633648
  },
  "consecutive_low_scores": 1,
  "safety_constraints_applied": true
}