{
  "total_episodes": 106,
  "epoch": 1,
  "epoch_episode": 106,
  "question_number": 6,
  "topic": "algo",
  "subtopic": "Dynamic Programming",
  "difficulty": 1.188,
  "performance": 0.20967990553777072,
  "time_taken": 14.632718275273028,
  "actor_loss": 0.012813835765838938,
  "value_loss": 27.79463553543004,
  "entropy_loss": -0.012627218926625546,
  "topic_means": {
    "ds": 0.14754342800656742,
    "algo": 0.2207502903400142,
    "oops": 0.0,
    "dbms": 0.1580211591866132,
    "os": 0.0,
    "cn": 0.0,
    "system_design": 0.0
  },
  "consecutive_low_scores": 5,
  "safety_constraints_applied": true
}