{
  "total_episodes": 2407,
  "epoch": 5,
  "epoch_episode": 407,
  "question_number": 4,
  "topic": "oops",
  "subtopic": "Design Patterns",
  "difficulty": 2.437191012791193,
  "performance": 0.28880355965094795,
  "time_taken": 11.589387346659237,
  "actor_loss": 0.03289156653291196,
  "value_loss": 24.59384228413915,
  "entropy_loss": 0.007712203005427874,
  "topic_means": {
    "ds": 0.14904139475261358,
    "algo": 0.0,
    "oops": 0.34171721294497626,
    "dbms": 0.0,
    "os": 0.0,
    "cn": 0.0,
    "system_design": 0.0
  },
  "consecutive_low_scores": 2,
  "safety_constraints_applied": true
}