{
  "total_episodes": 2109,
  "epoch": 5,
  "epoch_episode": 109,
  "question_number": 8,
  "topic": "algo",
  "subtopic": "Searching",
  "difficulty": 1.188,
  "performance": 0.055833389143369216,
  "time_taken": 10.778121785287103,
  "actor_loss": 0.0014052705276571642,
  "value_loss": 24.839927259512603,
  "entropy_loss": 0.004351910315994861,
  "topic_means": {
    "ds": 0.13560472187998937,
    "algo": 0.12964708793509747,
    "oops": 0.1356708667130234,
    "dbms": 0.0,
    "os": 0.0,
    "cn": 0.16852126339766133,
    "system_design": 0.0
  },
  "consecutive_low_scores": 7,
  "safety_constraints_applied": true
}