{
  "total_episodes": 1066,
  "epoch": 3,
  "epoch_episode": 66,
  "question_number": 6,
  "topic": "ds",
  "subtopic": "Trees",
  "difficulty": 1.188,
  "performance": 0.2900367353003874,
  "time_taken": 9.698264692628944,
  "actor_loss": -0.0005225504431869296,
  "value_loss": 26.798932349567725,
  "entropy_loss": 0.002532830027687956,
  "topic_means": {
    "ds": 0.23770418851111108,
    "algo": 0.19981825608467566,
    "oops": 0.0,
    "dbms": 0.0,
    "os": 0.0,
    "cn": 0.0,
    "system_design": 0.0
  },
  "consecutive_low_scores": 5,
  "safety_constraints_applied": true
}