{
  "total_episodes": 1952,
  "epoch": 4,
  "epoch_episode": 452,
  "question_number": 10,
  "topic": "ds",
  "subtopic": "Heaps",
  "difficulty": 2.8395611389896076,
  "performance": 0.23648636712812218,
  "time_taken": 18.870514870429844,
  "actor_loss": 0.011070221739408349,
  "value_loss": 23.87896288246436,
  "entropy_loss": 0.006636404857501112,
  "topic_means": {
    "ds": 0.38126050682126267,
    "algo": 0.4082894672694634,
    "oops": 0.41327269779986875,
    "dbms": 0.0,
    "os": 0.0,
    "cn": 0.0,
    "system_design": 0.16959046915697237
  },
  "consecutive_low_scores": 2,
  "safety_constraints_applied": true
}