{
  "total_episodes": 938,
  "epoch": 2,
  "epoch_episode": 438,
  "question_number": 6,
  "topic": "ds",
  "subtopic": "Arrays",
  "difficulty": 3.9629755861281013,
  "performance": 0.36714801019655063,
  "time_taken": 8.762692780901403,
  "actor_loss": 0.0002567673798089181,
  "value_loss": 27.378549132457966,
  "entropy_loss": 0.0013800745275931265,
  "topic_means": {
    "ds": 0.3464740092565027,
    "algo": 0.3230375858577741,
    "oops": 0.0,
    "dbms": 0.14758186347507993,
    "os": 0.0,
    "cn": 0.0,
    "system_design": 0.0
  },
  "consecutive_low_scores": 1,
  "safety_constraints_applied": true
}