{
  "total_episodes": 1322,
  "epoch": 3,
  "epoch_episode": 322,
  "question_number": 6,
  "topic": "ds",
  "subtopic": "Arrays",
  "difficulty": 1.188,
  "performance": 0.07200820087468496,
  "time_taken": 15.501039757785671,
  "actor_loss": -0.0002473964811813747,
  "value_loss": 24.612780473023474,
  "entropy_loss": 0.004763078041285204,
  "topic_means": {
    "ds": 0.07200820087468496,
    "algo": 0.2576343814366413,
    "oops": 0.15151147126212683,
    "dbms": 0.0,
    "os": 0.0,
    "cn": 0.0,
    "system_design": 0.0
  },
  "consecutive_low_scores": 5,
  "safety_constraints_applied": true
}