{
  "total_episodes": 580,
  "epoch": 2,
  "epoch_episode": 80,
  "question_number": 2,
  "topic": "ds",
  "subtopic": "Trees",
  "difficulty": 3.424183792582379,
  "performance": 0.23171527256948174,
  "time_taken": 11.361396660312053,
  "actor_loss": 0.0011193500116492617,
  "value_loss": 25.98333773800443,
  "entropy_loss": -0.002469402525621729,
  "topic_means": {
    "ds": 0.23171527256948174,
    "algo": 0.14139459752745973,
    "oops": 0.0,
    "dbms": 0.0,
    "os": 0.0,
    "cn": 0.0,
    "system_design": 0.0
  },
  "consecutive_low_scores": 1,
  "safety_constraints_applied": true
}