{
  "total_episodes": 989,
  "epoch": 2,
  "epoch_episode": 489,
  "question_number": 8,
  "topic": "oops",
  "subtopic": "Abstraction",
  "difficulty": 2.360419061892926,
  "performance": 0.10083014268221505,
  "time_taken": 18.736712218602957,
  "actor_loss": -0.0021398717641052103,
  "value_loss": 23.898173501245907,
  "entropy_loss": 0.002221766301801799,
  "topic_means": {
    "ds": 0.3775065854159086,
    "algo": 0.0,
    "oops": 0.11554275490388466,
    "dbms": 0.0,
    "os": 0.0,
    "cn": 0.0,
    "system_design": 0.0
  },
  "consecutive_low_scores": 6,
  "safety_constraints_applied": true
}