{
  "total_episodes": 1127,
  "epoch": 3,
  "epoch_episode": 127,
  "question_number": 4,
  "topic": "ds",
  "subtopic": "Heaps",
  "difficulty": 2.4011841328150685,
  "performance": 0.2635335360038903,
  "time_taken": 8.788119574020406,
  "actor_loss": 0.004829132037750686,
  "value_loss": 21.083478510747092,
  "entropy_loss": 0.002097441269748185,
  "topic_means": {
    "ds": 0.2635335360038903,
    "algo": 0.1171207766183993,
    "oops": 0.36449159096476574,
    "dbms": 0.0,
    "os": 0.0,
    "cn": 0.0,
    "system_design": 0.15654540940936273
  },
  "consecutive_low_scores": 2,
  "safety_constraints_applied": true
}