{
  "total_episodes": 1069,
  "epoch": 3,
  "epoch_episode": 69,
  "question_number": 8,
  "topic": "algo",
  "subtopic": "Greedy",
  "difficulty": 3.414379985971101,
  "performance": 0.12794494405428075,
  "time_taken": 14.644197406833145,
  "actor_loss": 0.0006303095207648102,
  "value_loss": 26.015137911206914,
  "entropy_loss": 0.0024631980187905488,
  "topic_means": {
    "ds": 0.382358693254558,
    "algo": 0.16791942041021035,
    "oops": 0.11104427951467893,
    "dbms": 0.0,
    "os": 0.0,
    "cn": 0.18397208958649813,
    "system_design": 0.0
  },
  "consecutive_low_scores": 5,
  "safety_constraints_applied": true
}