{
  "total_episodes": 631,
  "epoch": 2,
  "epoch_episode": 131,
  "question_number": 4,
  "topic": "oops",
  "subtopic": "Abstraction",
  "difficulty": 3.203388085304616,
  "performance": 0.37171148325331466,
  "time_taken": 14.150134148026495,
  "actor_loss": 0.0005076910932410642,
  "value_loss": 22.87735282025501,
  "entropy_loss": -0.00229140893923243,
  "topic_means": {
    "ds": 0.23515876142446385,
    "algo": 0.4510371420175694,
    "oops": 0.26956694543944065,
    "dbms": 0.0,
    "os": 0.0,
    "cn": 0.0,
    "system_design": 0.0
  },
  "consecutive_low_scores": 2,
  "safety_constraints_applied": true
}