{
  "total_episodes": 1364,
  "epoch": 3,
  "epoch_episode": 364,
  "question_number": 2,
  "topic": "algo",
  "subtopic": "Backtracking",
  "difficulty": 4.444328980019539,
  "performance": 0.15521810770230696,
  "time_taken": 14.046970270803541,
  "actor_loss": 0.0003535845482369786,
  "value_loss": 28.81827198824333,
  "entropy_loss": 0.0047317338481907625,
  "topic_means": {
    "ds": 0.0,
    "algo": 0.15166388385441,
    "oops": 0.0,
    "dbms": 0.0,
    "os": 0.0,
    "cn": 0.0,
    "system_design": 0.0
  },
  "consecutive_low_scores": 1,
  "safety_constraints_applied": true
}