{
  "total_episodes": 135,
  "epoch": 1,
  "epoch_episode": 135,
  "question_number": 4,
  "topic": "algo",
  "subtopic": "Searching",
  "difficulty": 1.1089365585060722,
  "performance": 0.12723392550821883,
  "time_taken": 15.619253173334345,
  "actor_loss": -0.0038990146801579514,
  "value_loss": 23.81134747924562,
  "entropy_loss": -0.01142000147540311,
  "topic_means": {
    "ds": 0.3079497055307282,
    "algo": 0.12723392550821883,
    "oops": 0.37399163081458425,
    "dbms": 0.3245508159228427,
    "os": 0.0,
    "cn": 0.0,
    "system_design": 0.0
  },
  "consecutive_low_scores": 0,
  "safety_constraints_applied": false
}