{
  "total_episodes": 1024,
  "epoch": 3,
  "epoch_episode": 24,
  "question_number": 10,
  "topic": "oops",
  "subtopic": "Classes",
  "difficulty": 2.7127123167495073,
  "performance": 0.06639201448119345,
  "time_taken": 16.246821277282713,
  "actor_loss": 0.00333192082864438,
  "value_loss": 19.4023803315042,
  "entropy_loss": 0.002030944242895095,
  "topic_means": {
    "ds": 0.11634757923269828,
    "algo": 0.39429208166707785,
    "oops": 0.06639201448119345,
    "dbms": 0.0,
    "os": 0.16749249429674612,
    "cn": 0.0,
    "system_design": 0.0
  },
  "consecutive_low_scores": 6,
  "safety_constraints_applied": true
}