{
  "total_episodes": 813,
  "epoch": 2,
  "epoch_episode": 313,
  "question_number": 8,
  "topic": "oops",
  "subtopic": "Polymorphism",
  "difficulty": 1.188,
  "performance": 0.045820707429430035,
  "time_taken": 14.12855064671439,
  "actor_loss": 0.0001029098724969084,
  "value_loss": 34.294936814833186,
  "entropy_loss": -0.0010769784756025976,
  "topic_means": {
    "ds": 0.19048470356116842,
    "algo": 0.3588182559567993,
    "oops": 0.10593416395632509,
    "dbms": 0.0,
    "os": 0.0,
    "cn": 0.0,
    "system_design": 0.0
  },
  "consecutive_low_scores": 6,
  "safety_constraints_applied": true
}