{
  "total_episodes": 781,
  "epoch": 2,
  "epoch_episode": 281,
  "question_number": 8,
  "topic": "ds",
  "subtopic": "Arrays",
  "difficulty": 1.188,
  "performance": 0.0981766435099955,
  "time_taken": 16.772035827784034,
  "actor_loss": 0.0024204839808461666,
  "value_loss": 34.233307529766066,
  "entropy_loss": -0.0013271934711644267,
  "topic_means": {
    "ds": 0.18701390532613898,
    "algo": 0.12452163149346812,
    "oops": 0.36449159096476574,
    "dbms": 0.0,
    "os": 0.0,
    "cn": 0.0,
    "system_design": 0.15654540940936273
  },
  "consecutive_low_scores": 6,
  "safety_constraints_applied": true
}