{
  "total_episodes": 2231,
  "epoch": 5,
  "epoch_episode": 231,
  "question_number": 4,
  "topic": "algo",
  "subtopic": "Backtracking",
  "difficulty": 2.530388835140508,
  "performance": 0.22786591691369837,
  "time_taken": 18.159899839891022,
  "actor_loss": 0.00026498974356168394,
  "value_loss": 21.45848806952882,
  "entropy_loss": 0.00598808608368783,
  "topic_means": {
    "ds": 0.0,
    "algo": 0.22786591691369837,
    "oops": 0.3455148717365174,
    "dbms": 0.0,
    "os": 0.14289273401258398,
    "cn": 0.0,
    "system_design": 0.0
  },
  "consecutive_low_scores": 2,
  "safety_constraints_applied": true
}