{
  "total_episodes": 1184,
  "epoch": 3,
  "epoch_episode": 184,
  "question_number": 10,
  "topic": "oops",
  "subtopic": "Polymorphism",
  "difficulty": 1.188,
  "performance": 0.06526402450168173,
  "time_taken": 14.698123329225105,
  "actor_loss": 0.014645247145525689,
  "value_loss": 19.80094888153896,
  "entropy_loss": 0.0035539974756626292,
  "topic_means": {
    "ds": 0.12012248585753904,
    "algo": 0.36883157835964814,
    "oops": 0.1184709716499599,
    "dbms": 0.0,
    "os": 0.0,
    "cn": 0.0,
    "system_design": 0.14426376755425724
  },
  "consecutive_low_scores": 8,
  "safety_constraints_applied": true
}