{
  "total_episodes": 93,
  "epoch": 1,
  "epoch_episode": 93,
  "question_number": 8,
  "topic": "ds",
  "subtopic": "Linked Lists",
  "difficulty": 1.584,
  "performance": 0.42159885460829083,
  "time_taken": 6.56617690172346,
  "actor_loss": 0.010725454146614244,
  "value_loss": 24.028178883925555,
  "entropy_loss": -0.013203164455385418,
  "topic_means": {
    "ds": 0.30645633706661213,
    "algo": 0.1915163612778854,
    "oops": 0.23104892514927716,
    "dbms": 0.0,
    "os": 0.0,
    "cn": 0.0,
    "system_design": 0.0
  },
  "consecutive_low_scores": 6,
  "safety_constraints_applied": true
}