{
  "total_episodes": 1498,
  "epoch": 3,
  "epoch_episode": 498,
  "question_number": 6,
  "topic": "ds",
  "subtopic": "Trees",
  "difficulty": 3.5894792927164594,
  "performance": 0.19516529118365716,
  "time_taken": 14.908913246433244,
  "actor_loss": 0.0017789738269799473,
  "value_loss": 31.27856554280799,
  "entropy_loss": 0.0059462244112782415,
  "topic_means": {
    "ds": 0.30638502091179254,
    "algo": 0.5105001191622018,
    "oops": 0.1606229144742694,
    "dbms": 0.0,
    "os": 0.0,
    "cn": 0.0,
    "system_design": 0.0
  },
  "consecutive_low_scores": 2,
  "safety_constraints_applied": true
}