{
  "total_episodes": 919,
  "epoch": 2,
  "epoch_episode": 419,
  "question_number": 4,
  "topic": "ds",
  "subtopic": "Graphs",
  "difficulty": 1.584,
  "performance": 0.12568103557371452,
  "time_taken": 12.613363768885453,
  "actor_loss": -0.001677849616930858,
  "value_loss": 25.45520562113246,
  "entropy_loss": 0.001231808002598996,
  "topic_means": {
    "ds": 0.14538665333610568,
    "algo": 0.13367431148226705,
    "oops": 0.0,
    "dbms": 0.16258684008461646,
    "os": 0.0,
    "cn": 0.0,
    "system_design": 0.0
  },
  "consecutive_low_scores": 3,
  "safety_constraints_applied": true
}