{
  "total_episodes": 1924,
  "epoch": 4,
  "epoch_episode": 424,
  "question_number": 2,
  "topic": "ds",
  "subtopic": "Graphs",
  "difficulty": 3.7055087295256763,
  "performance": 0.13605048149697974,
  "time_taken": 12.392948309297946,
  "actor_loss": 0.023218556821891355,
  "value_loss": 26.98603022084121,
  "entropy_loss": 0.006689064251661743,
  "topic_means": {
    "ds": 0.13605048149697974,
    "algo": 0.23516957650855871,
    "oops": 0.0,
    "dbms": 0.0,
    "os": 0.0,
    "cn": 0.0,
    "system_design": 0.0
  },
  "consecutive_low_scores": 1,
  "safety_constraints_applied": true
}