{
  "total_episodes": 2157,
  "epoch": 5,
  "epoch_episode": 157,
  "question_number": 8,
  "topic": "algo",
  "subtopic": "Greedy",
  "difficulty": 1.188,
  "performance": 0.0836693431664235,
  "time_taken": 12.739884747529098,
  "actor_loss": -0.001077537913854203,
  "value_loss": 22.05653773120856,
  "entropy_loss": 0.004851882571691588,
  "topic_means": {
    "ds": 0.1316644263549585,
    "algo": 0.11475421380817269,
    "oops": 0.26527590065472845,
    "dbms": 0.0,
    "os": 0.0,
    "cn": 0.0,
    "system_design": 0.14489479316740142
  },
  "consecutive_low_scores": 7,
  "safety_constraints_applied": true
}