{
  "total_episodes": 2439,
  "epoch": 5,
  "epoch_episode": 439,
  "question_number": 4,
  "topic": "ds",
  "subtopic": "Heaps",
  "difficulty": 4.307489983703963,
  "performance": 0.3996233488602116,
  "time_taken": 10.741602649984136,
  "actor_loss": 0.03528050112335776,
  "value_loss": 26.06539715455372,
  "entropy_loss": 0.008266617381001162,
  "topic_means": {
    "ds": 0.40156465769782623,
    "algo": 0.0,
    "oops": 0.5024193594706958,
    "dbms": 0.0,
    "os": 0.0,
    "cn": 0.0,
    "system_design": 0.0
  },
  "consecutive_low_scores": 1,
  "safety_constraints_applied": true
}