{
  "total_episodes": 1962,
  "epoch": 4,
  "epoch_episode": 462,
  "question_number": 6,
  "topic": "algo",
  "subtopic": "Searching",
  "difficulty": 1.188,
  "performance": 0.09237554942403717,
  "time_taken": 16.021418647117464,
  "actor_loss": -0.007144251601264091,
  "value_loss": 23.7179961951065,
  "entropy_loss": 0.006389694986583717,
  "topic_means": {
    "ds": 0.13628604618891652,
    "algo": 0.1269490305567307,
    "oops": 0.0,
    "dbms": 0.0,
    "os": 0.0,
    "cn": 0.0,
    "system_design": 0.0
  },
  "consecutive_low_scores": 5,
  "safety_constraints_applied": true
}