{
  "total_episodes": 2208,
  "epoch": 5,
  "epoch_episode": 208,
  "question_number": 10,
  "topic": "algo",
  "subtopic": "Sorting",
  "difficulty": 1.584,
  "performance": 0.12734416363543363,
  "time_taken": 13.675377953347946,
  "actor_loss": -0.00024862082147182574,
  "value_loss": 20.672310670569356,
  "entropy_loss": 0.004969988215397836,
  "topic_means": {
    "ds": 0.24946900486034945,
    "algo": 0.16583107850559148,
    "oops": 0.12129380649595625,
    "dbms": 0.0,
    "os": 0.0,
    "cn": 0.0,
    "system_design": 0.0
  },
  "consecutive_low_scores": 8,
  "safety_constraints_applied": true
}