{
  "total_episodes": 928,
  "epoch": 2,
  "epoch_episode": 428,
  "question_number": 10,
  "topic": "oops",
  "subtopic": "Inheritance",
  "difficulty": 2.5504733177470227,
  "performance": 0.2049911538348706,
  "time_taken": 15.1307420649608,
  "actor_loss": 0.0014265633471654646,
  "value_loss": 25.557733774790986,
  "entropy_loss": 0.0012601725456602088,
  "topic_means": {
    "ds": 0.3740153359057925,
    "algo": 0.11086435347221812,
    "oops": 0.30019051711358913,
    "dbms": 0.0,
    "os": 0.0,
    "cn": 0.0,
    "system_design": 0.0
  },
  "consecutive_low_scores": 3,
  "safety_constraints_applied": true
}