{
  "total_episodes": 2026,
  "epoch": 5,
  "epoch_episode": 26,
  "question_number": 6,
  "topic": "algo",
  "subtopic": "Backtracking",
  "difficulty": 1.188,
  "performance": 0.36119477279546147,
  "time_taken": 9.104499186149239,
  "actor_loss": 0.0012486734155328044,
  "value_loss": 22.215477723404586,
  "entropy_loss": 0.005341294604125847,
  "topic_means": {
    "ds": 0.10427337131121807,
    "algo": 0.36119477279546147,
    "oops": 0.15302942296247785,
    "dbms": 0.0,
    "os": 0.0,
    "cn": 0.0,
    "system_design": 0.0
  },
  "consecutive_low_scores": 5,
  "safety_constraints_applied": true
}