{
  "total_episodes": 804,
  "epoch": 2,
  "epoch_episode": 304,
  "question_number": 2,
  "topic": "oops",
  "subtopic": "Inheritance",
  "difficulty": 3.5133421435717875,
  "performance": 0.5426998297904457,
  "time_taken": 9.250395779570898,
  "actor_loss": 0.0008098178678566104,
  "value_loss": 26.402179631128092,
  "entropy_loss": -0.0007199150114830189,
  "topic_means": {
    "ds": 0.0,
    "algo": 0.1711140478572625,
    "oops": 0.5426998297904457,
    "dbms": 0.0,
    "os": 0.0,
    "cn": 0.0,
    "system_design": 0.0
  },
  "consecutive_low_scores": 1,
  "safety_constraints_applied": true
}