{
  "total_episodes": 372,
  "epoch": 1,
  "epoch_episode": 372,
  "question_number": 2,
  "topic": "oops",
  "subtopic": "Polymorphism",
  "difficulty": 2.8312485883301277,
  "performance": 0.3440326003009537,
  "time_taken": 14.5606229005073,
  "actor_loss": 0.0011657287947493212,
  "value_loss": 26.260975406463995,
  "entropy_loss": -0.0053331827969621045,
  "topic_means": {
    "ds": 0.14776833441860027,
    "algo": 0.0,
    "oops": 0.3440326003009537,
    "dbms": 0.0,
    "os": 0.0,
    "cn": 0.0,
    "system_design": 0.0
  },
  "consecutive_low_scores": 1,
  "safety_constraints_applied": false
}