{
  "total_episodes": 1860,
  "epoch": 4,
  "epoch_episode": 360,
  "question_number": 2,
  "topic": "oops",
  "subtopic": "Abstraction",
  "difficulty": 3.4230307902391273,
  "performance": 0.15344716021909194,
  "time_taken": 11.139580479522945,
  "actor_loss": 0.0007245951651873951,
  "value_loss": 27.46617180906977,
  "entropy_loss": 0.007653477883376457,
  "topic_means": {
    "ds": 0.0,
    "algo": 0.0,
    "oops": 0.15344716021909194,
    "dbms": 0.0,
    "os": 0.0,
    "cn": 0.14101026341304246,
    "system_design": 0.0
  },
  "consecutive_low_scores": 1,
  "safety_constraints_applied": true
}