{
  "total_episodes": 154,
  "epoch": 1,
  "epoch_episode": 154,
  "question_number": 6,
  "topic": "algo",
  "subtopic": "Dynamic Programming",
  "difficulty": 3.487770886755547,
  "performance": 0.09133811057967069,
  "time_taken": 15.667722098382823,
  "actor_loss": 0.010183322410178223,
  "value_loss": 26.22549212193877,
  "entropy_loss": -0.011125144155204936,
  "topic_means": {
    "ds": 0.0,
    "algo": 0.12730960179556494,
    "oops": 0.42816711452300354,
    "dbms": 0.0,
    "os": 0.0,
    "cn": 0.14227932976684127,
    "system_design": 0.0
  },
  "consecutive_low_scores": 2,
  "safety_constraints_applied": true
}