{
  "total_episodes": 573,
  "epoch": 2,
  "epoch_episode": 73,
  "question_number": 8,
  "topic": "algo",
  "subtopic": "Greedy",
  "difficulty": 1.584,
  "performance": 0.10273855599432238,
  "time_taken": 13.77299097115599,
  "actor_loss": -0.0012634997677152793,
  "value_loss": 29.932984257042115,
  "entropy_loss": -0.0031156958177145735,
  "topic_means": {
    "ds": 0.056496536609574016,
    "algo": 0.1965795038998902,
    "oops": 0.29187593383114907,
    "dbms": 0.0,
    "os": 0.38334338619545927,
    "cn": 0.0,
    "system_design": 0.0
  },
  "consecutive_low_scores": 4,
  "safety_constraints_applied": true
}