{
  "total_episodes": 1271,
  "epoch": 3,
  "epoch_episode": 271,
  "question_number": 4,
  "topic": "ds",
  "subtopic": "Heaps",
  "difficulty": 3.167348496792299,
  "performance": 0.12737335790100826,
  "time_taken": 12.481945174095042,
  "actor_loss": -0.007176181467823691,
  "value_loss": 28.393987389613624,
  "entropy_loss": 0.004463636127946504,
  "topic_means": {
    "ds": 0.12737335790100826,
    "algo": 0.4819536408539937,
    "oops": 0.15852961653686595,
    "dbms": 0.0,
    "os": 0.0,
    "cn": 0.0,
    "system_design": 0.0
  },
  "consecutive_low_scores": 2,
  "safety_constraints_applied": true
}