{
  "total_episodes": 887,
  "epoch": 2,
  "epoch_episode": 387,
  "question_number": 4,
  "topic": "ds",
  "subtopic": "Heaps",
  "difficulty": 4.96226060385163,
  "performance": 0.13622726021686943,
  "time_taken": 13.653027960908558,
  "actor_loss": -0.001599527218093612,
  "value_loss": 23.60009941133213,
  "entropy_loss": 0.0008510277874752321,
  "topic_means": {
    "ds": 0.1994932043039955,
    "algo": 0.34975072773025395,
    "oops": 0.0,
    "dbms": 0.0,
    "os": 0.0,
    "cn": 0.0,
    "system_design": 0.0
  },
  "consecutive_low_scores": 1,
  "safety_constraints_applied": true
}