{
  "total_episodes": 1162,
  "epoch": 3,
  "epoch_episode": 162,
  "question_number": 6,
  "topic": "ds",
  "subtopic": "Linked Lists",
  "difficulty": 2.5181131480088377,
  "performance": 0.3714452243215386,
  "time_taken": 11.526861301343562,
  "actor_loss": 0.002169904581399354,
  "value_loss": 29.02426692149039,
  "entropy_loss": 0.002436262871456701,
  "topic_means": {
    "ds": 0.3971644831746725,
    "algo": 0.2349595596708497,
    "oops": 0.24676950455278196,
    "dbms": 0.0,
    "os": 0.0,
    "cn": 0.0,
    "system_design": 0.14581387775194704
  },
  "consecutive_low_scores": 3,
  "safety_constraints_applied": true
}