{
  "total_episodes": 2112,
  "epoch": 5,
  "epoch_episode": 112,
  "question_number": 10,
  "topic": "ds",
  "subtopic": "Linked Lists",
  "difficulty": 1.188,
  "performance": 0.1064184584755839,
  "time_taken": 12.61091821961289,
  "actor_loss": 0.0005105349440269351,
  "value_loss": 24.143660330416377,
  "entropy_loss": 0.005544677506247757,
  "topic_means": {
    "ds": 0.12051655963266783,
    "algo": 0.0,
    "oops": 0.19738473880566085,
    "dbms": 0.0,
    "os": 0.0,
    "cn": 0.0,
    "system_design": 0.0
  },
  "consecutive_low_scores": 9,
  "safety_constraints_applied": true
}