{
  "total_episodes": 96,
  "epoch": 1,
  "epoch_episode": 96,
  "question_number": 10,
  "topic": "algo",
  "subtopic": "Backtracking",
  "difficulty": 1.188,
  "performance": 0.37361241642344434,
  "time_taken": 10.87373130430519,
  "actor_loss": 0.012894991205484912,
  "value_loss": 19.13938733334553,
  "entropy_loss": -0.01278477334928339,
  "topic_means": {
    "ds": 0.10760380642688532,
    "algo": 0.3847687351619296,
    "oops": 0.21953735643345482,
    "dbms": 0.0,
    "os": 0.0,
    "cn": 0.0,
    "system_design": 0.0
  },
  "consecutive_low_scores": 8,
  "safety_constraints_applied": true
}