{
  "total_episodes": 4,
  "epoch": 1,
  "epoch_episode": 4,
  "question_number": 2,
  "topic": "oops",
  "subtopic": "Inheritance",
  "difficulty": 3.479804217141056,
  "performance": 0.44366143538079816,
  "time_taken": 11.993300490959347,
  "actor_loss": -0.008210255966389473,
  "value_loss": 119.92985626452534,
  "entropy_loss": -0.01731323654214697,
  "topic_means": {
    "ds": 0.0,
    "algo": 0.1599347390470187,
    "oops": 0.44366143538079816,
    "dbms": 0.0,
    "os": 0.0,
    "cn": 0.0,
    "system_design": 0.0
  },
  "consecutive_low_scores": 1,
  "safety_constraints_applied": true
}