{
  "total_episodes": 336,
  "epoch": 1,
  "epoch_episode": 336,
  "question_number": 10,
  "topic": "oops",
  "subtopic": "Abstraction",
  "difficulty": 1.188,
  "performance": 0.08802474098167255,
  "time_taken": 17.051598953220832,
  "actor_loss": -0.0015929417889043202,
  "value_loss": 24.014601373686624,
  "entropy_loss": -0.006093640571651503,
  "topic_means": {
    "ds": 0.0,
    "algo": 0.11781139829070274,
    "oops": 0.1162737617801738,
    "dbms": 0.0,
    "os": 0.0,
    "cn": 0.0,
    "system_design": 0.0
  },
  "consecutive_low_scores": 9,
  "safety_constraints_applied": true
}