{
  "total_episodes": 215,
  "epoch": 1,
  "epoch_episode": 215,
  "question_number": 4,
  "topic": "oops",
  "subtopic": "Design Patterns",
  "difficulty": 1.584,
  "performance": 0.30630686982834937,
  "time_taken": 8.318539051609017,
  "actor_loss": 0.002740840682765504,
  "value_loss": 28.607839684227336,
  "entropy_loss": -0.009459517062389292,
  "topic_means": {
    "ds": 0.0,
    "algo": 0.14705466825162744,
    "oops": 0.2586177973732605,
    "dbms": 0.0,
    "os": 0.0,
    "cn": 0.0,
    "system_design": 0.3053167160098025
  },
  "consecutive_low_scores": 2,
  "safety_constraints_applied": true
}