{
  "total_episodes": 704,
  "epoch": 2,
  "epoch_episode": 204,
  "question_number": 10,
  "topic": "ds",
  "subtopic": "Heaps",
  "difficulty": 1.188,
  "performance": 0.08052461646910963,
  "time_taken": 13.199434339245071,
  "actor_loss": 0.000541499058887664,
  "value_loss": 26.95628097104168,
  "entropy_loss": -0.0015241653812963457,
  "topic_means": {
    "ds": 0.10060636734511393,
    "algo": 0.15944425674084553,
    "oops": 0.1823914182314601,
    "dbms": 0.0,
    "os": 0.0,
    "cn": 0.0,
    "system_design": 0.0
  },
  "consecutive_low_scores": 9,
  "safety_constraints_applied": true
}