{
  "total_episodes": 720,
  "epoch": 2,
  "epoch_episode": 220,
  "question_number": 10,
  "topic": "oops",
  "subtopic": "Abstraction",
  "difficulty": 1.188,
  "performance": 0.11474736271208738,
  "time_taken": 14.771827493127285,
  "actor_loss": -0.0009788151737938002,
  "value_loss": 21.45880420929073,
  "entropy_loss": -0.002193658916404315,
  "topic_means": {
    "ds": 0.2186327774207139,
    "algo": 0.1242251716576242,
    "oops": 0.18602000341994865,
    "dbms": 0.0,
    "os": 0.0,
    "cn": 0.0,
    "system_design": 0.0
  },
  "consecutive_low_scores": 8,
  "safety_constraints_applied": true
}