{
  "total_episodes": 1399,
  "epoch": 3,
  "epoch_episode": 399,
  "question_number": 4,
  "topic": "algo",
  "subtopic": "Searching",
  "difficulty": 1.188,
  "performance": 0.2309848249920945,
  "time_taken": 12.250512338117794,
  "actor_loss": -0.0008389406249736418,
  "value_loss": 24.635129434315267,
  "entropy_loss": 0.004818916753169921,
  "topic_means": {
    "ds": 0.0,
    "algo": 0.2309848249920945,
    "oops": 0.15257016831554274,
    "dbms": 0.0,
    "os": 0.0,
    "cn": 0.0,
    "system_design": 0.0
  },
  "consecutive_low_scores": 3,
  "safety_constraints_applied": true
}