{
  "total_episodes": 1936,
  "epoch": 4,
  "epoch_episode": 436,
  "question_number": 10,
  "topic": "oops",
  "subtopic": "Inheritance",
  "difficulty": 2.3488923871258307,
  "performance": 0.3797914496917145,
  "time_taken": 6.3133612806005805,
  "actor_loss": 0.00420098779281798,
  "value_loss": 19.58604428350059,
  "entropy_loss": 0.006122227641369376,
  "topic_means": {
    "ds": 0.10660003968595651,
    "algo": 0.13497403079037174,
    "oops": 0.3471084617912207,
    "dbms": 0.0,
    "os": 0.15350162924586364,
    "cn": 0.0,
    "system_design": 0.0
  },
  "consecutive_low_scores": 6,
  "safety_constraints_applied": true
}