{
  "total_episodes": 647,
  "epoch": 2,
  "epoch_episode": 147,
  "question_number": 4,
  "topic": "ds",
  "subtopic": "Graphs",
  "difficulty": 2.5093200790553425,
  "performance": 0.34413472217532765,
  "time_taken": 15.05520172198549,
  "actor_loss": -0.0038900704156505914,
  "value_loss": 26.38702879203649,
  "entropy_loss": -0.0023368784929680485,
  "topic_means": {
    "ds": 0.34413472217532765,
    "algo": 0.13932198594466066,
    "oops": 0.5074946473566131,
    "dbms": 0.0,
    "os": 0.15518348647954752,
    "cn": 0.0,
    "system_design": 0.0
  },
  "consecutive_low_scores": 2,
  "safety_constraints_applied": true
}