{
  "total_episodes": 269,
  "epoch": 1,
  "epoch_episode": 269,
  "question_number": 8,
  "topic": "algo",
  "subtopic": "Sorting",
  "difficulty": 1.0,
  "performance": 0.05862170594713145,
  "time_taken": 11.223825182512238,
  "actor_loss": -0.0015606733850593469,
  "value_loss": 29.061947143791496,
  "entropy_loss": -0.007381624839042057,
  "topic_means": {
    "ds": 0.12401241795553326,
    "algo": 0.10388090934480558,
    "oops": 0.3764064531391146,
    "dbms": 0.0,
    "os": 0.0,
    "cn": 0.0,
    "system_design": 0.0
  },
  "consecutive_low_scores": 5,
  "safety_constraints_applied": true
}