{
  "total_episodes": 285,
  "epoch": 1,
  "epoch_episode": 285,
  "question_number": 8,
  "topic": "algo",
  "subtopic": "Backtracking",
  "difficulty": 1.584,
  "performance": 0.17690053561587235,
  "time_taken": 16.683666038509912,
  "actor_loss": 0.0012339100100432026,
  "value_loss": 20.690801659516893,
  "entropy_loss": -0.007275933084935122,
  "topic_means": {
    "ds": 0.10432955258113348,
    "algo": 0.18694829425863072,
    "oops": 0.1332793123378443,
    "dbms": 0.16098122220336136,
    "os": 0.0,
    "cn": 0.0,
    "system_design": 0.0
  },
  "consecutive_low_scores": 7,
  "safety_constraints_applied": true
}