{
  "total_episodes": 2016,
  "epoch": 5,
  "epoch_episode": 16,
  "question_number": 10,
  "topic": "ds",
  "subtopic": "Arrays",
  "difficulty": 1.188,
  "performance": 0.236240986593938,
  "time_taken": 13.149450433550944,
  "actor_loss": -0.00017894165486126573,
  "value_loss": 28.814326533245453,
  "entropy_loss": 0.005931879138208542,
  "topic_means": {
    "ds": 0.3198303604997076,
    "algo": 0.1473534211138486,
    "oops": 0.1364854253825425,
    "dbms": 0.0,
    "os": 0.0,
    "cn": 0.0,
    "system_design": 0.0
  },
  "consecutive_low_scores": 8,
  "safety_constraints_applied": true
}