{
  "total_episodes": 733,
  "epoch": 2,
  "epoch_episode": 233,
  "question_number": 8,
  "topic": "algo",
  "subtopic": "Greedy",
  "difficulty": 1.188,
  "performance": 0.27154684476487806,
  "time_taken": 12.357983529744399,
  "actor_loss": 0.0007324176054021386,
  "value_loss": 22.918381526879394,
  "entropy_loss": -0.0018134939919177563,
  "topic_means": {
    "ds": 0.1315851391700881,
    "algo": 0.27154684476487806,
    "oops": 0.12724984168287726,
    "dbms": 0.0,
    "os": 0.0,
    "cn": 0.0,
    "system_design": 0.0
  },
  "consecutive_low_scores": 7,
  "safety_constraints_applied": true
}