{
  "total_episodes": 2237,
  "epoch": 5,
  "epoch_episode": 237,
  "question_number": 8,
  "topic": "algo",
  "subtopic": "Greedy",
  "difficulty": 1.188,
  "performance": 0.08790094953863119,
  "time_taken": 13.541647121821189,
  "actor_loss": 0.0009002567293770376,
  "value_loss": 25.293449291964933,
  "entropy_loss": 0.005641283779405982,
  "topic_means": {
    "ds": 0.19766027743144632,
    "algo": 0.15278461230750245,
    "oops": 0.15396240745913525,
    "dbms": 0.0,
    "os": 0.0,
    "cn": 0.0,
    "system_design": 0.0
  },
  "consecutive_low_scores": 7,
  "safety_constraints_applied": true
}