{
  "total_episodes": 548,
  "epoch": 2,
  "epoch_episode": 48,
  "question_number": 2,
  "topic": "ds",
  "subtopic": "Trees",
  "difficulty": 3.431266447002458,
  "performance": 0.18167075150351525,
  "time_taken": 12.067106449160251,
  "actor_loss": -0.0008875000329426274,
  "value_loss": 24.509617784702794,
  "entropy_loss": -0.002950854687227041,
  "topic_means": {
    "ds": 0.16271311691883394,
    "algo": 0.0,
    "oops": 0.0,
    "dbms": 0.0,
    "os": 0.0,
    "cn": 0.0,
    "system_design": 0.0
  },
  "consecutive_low_scores": 1,
  "safety_constraints_applied": true
}