{
  "total_episodes": 2234,
  "epoch": 5,
  "epoch_episode": 234,
  "question_number": 6,
  "topic": "ds",
  "subtopic": "Arrays",
  "difficulty": 1.584,
  "performance": 0.2799558621385733,
  "time_taken": 14.183907680734618,
  "actor_loss": -0.0016074110781218217,
  "value_loss": 27.75587971530478,
  "entropy_loss": 0.005625310374180129,
  "topic_means": {
    "ds": 0.3713913870800838,
    "algo": 0.13384924910489354,
    "oops": 0.13915509964077882,
    "dbms": 0.0,
    "os": 0.0,
    "cn": 0.0,
    "system_design": 0.0
  },
  "consecutive_low_scores": 3,
  "safety_constraints_applied": true
}