{
  "total_episodes": 2471,
  "epoch": 5,
  "epoch_episode": 471,
  "question_number": 4,
  "topic": "oops",
  "subtopic": "Abstraction",
  "difficulty": 1.188,
  "performance": 0.14729803614508477,
  "time_taken": 10.768365018312004,
  "actor_loss": 0.08312902114843014,
  "value_loss": 22.011338232151548,
  "entropy_loss": 0.0076722985027905,
  "topic_means": {
    "ds": 0.24771438142537414,
    "algo": 0.0,
    "oops": 0.13819408762873528,
    "dbms": 0.0,
    "os": 0.0,
    "cn": 0.1489344481085465,
    "system_design": 0.0
  },
  "consecutive_low_scores": 3,
  "safety_constraints_applied": true
}