{
  "total_episodes": 1098,
  "epoch": 3,
  "epoch_episode": 98,
  "question_number": 6,
  "topic": "algo",
  "subtopic": "Greedy",
  "difficulty": 1.188,
  "performance": 0.07362167344363404,
  "time_taken": 11.222159513091503,
  "actor_loss": -0.0016367666844698228,
  "value_loss": 27.60215735683264,
  "entropy_loss": 0.0017672748708358783,
  "topic_means": {
    "ds": 0.29771389068915144,
    "algo": 0.12954642611912032,
    "oops": 0.0,
    "dbms": 0.0,
    "os": 0.2173470063525091,
    "cn": 0.0,
    "system_design": 0.0
  },
  "consecutive_low_scores": 3,
  "safety_constraints_applied": true
}