{
  "total_episodes": 1556,
  "epoch": 4,
  "epoch_episode": 56,
  "question_number": 2,
  "topic": "oops",
  "subtopic": "Classes",
  "difficulty": 3.465813957992295,
  "performance": 0.2052929275090295,
  "time_taken": 11.487884850353504,
  "actor_loss": 0.002487621167811079,
  "value_loss": 16.88640947067062,
  "entropy_loss": 0.00661311130644425,
  "topic_means": {
    "ds": 0.0,
    "algo": 0.15527131933076496,
    "oops": 0.2052929275090295,
    "dbms": 0.0,
    "os": 0.0,
    "cn": 0.0,
    "system_design": 0.0
  },
  "consecutive_low_scores": 1,
  "safety_constraints_applied": true
}