{
  "total_episodes": 2349,
  "epoch": 5,
  "epoch_episode": 349,
  "question_number": 8,
  "topic": "oops",
  "subtopic": "Abstraction",
  "difficulty": 2.367979808218746,
  "performance": 0.2773183179770595,
  "time_taken": 8.664509957197057,
  "actor_loss": 0.004478462110441222,
  "value_loss": 19.587583893293463,
  "entropy_loss": 0.006303704560206185,
  "topic_means": {
    "ds": 0.1350589330855393,
    "algo": 0.0,
    "oops": 0.24108763787339127,
    "dbms": 0.0,
    "os": 0.0,
    "cn": 0.0,
    "system_design": 0.0
  },
  "consecutive_low_scores": 6,
  "safety_constraints_applied": true
}