{
  "total_episodes": 234,
  "epoch": 1,
  "epoch_episode": 234,
  "question_number": 6,
  "topic": "ds",
  "subtopic": "Trees",
  "difficulty": 1.584,
  "performance": 0.20360382064460786,
  "time_taken": 13.944151881925375,
  "actor_loss": 0.0065396525371107005,
  "value_loss": 29.237123374917115,
  "entropy_loss": -0.008714397569420797,
  "topic_means": {
    "ds": 0.2693804688806873,
    "algo": 0.1439876134844008,
    "oops": 0.1184619531486143,
    "dbms": 0.0,
    "os": 0.0,
    "cn": 0.0,
    "system_design": 0.0
  },
  "consecutive_low_scores": 4,
  "safety_constraints_applied": true
}