{
  "total_episodes": 125,
  "epoch": 1,
  "epoch_episode": 125,
  "question_number": 8,
  "topic": "algo",
  "subtopic": "Greedy",
  "difficulty": 1.188,
  "performance": 0.08970487135823711,
  "time_taken": 11.691118835320395,
  "actor_loss": 0.00676599183923929,
  "value_loss": 28.604635755965187,
  "entropy_loss": -0.012114073571976936,
  "topic_means": {
    "ds": 0.4437248640117829,
    "algo": 0.12161021983667065,
    "oops": 0.2379037459657447,
    "dbms": 0.0,
    "os": 0.0,
    "cn": 0.0,
    "system_design": 0.0
  },
  "consecutive_low_scores": 4,
  "safety_constraints_applied": true
}