{
  "total_episodes": 1472,
  "epoch": 3,
  "epoch_episode": 472,
  "question_number": 10,
  "topic": "ds",
  "subtopic": "Trees",
  "difficulty": 1.584,
  "performance": 0.1520741819975768,
  "time_taken": 12.55464885162586,
  "actor_loss": -0.0022451205104175986,
  "value_loss": 26.455530928664558,
  "entropy_loss": 0.005026534652196475,
  "topic_means": {
    "ds": 0.16569532371709567,
    "algo": 0.4659695955178824,
    "oops": 0.48577461243917086,
    "dbms": 0.0,
    "os": 0.0,
    "cn": 0.32771498272626093,
    "system_design": 0.0
  },
  "consecutive_low_scores": 3,
  "safety_constraints_applied": true
}