{
  "total_episodes": 2474,
  "epoch": 5,
  "epoch_episode": 474,
  "question_number": 6,
  "topic": "algo",
  "subtopic": "Searching",
  "difficulty": 4.468115346274569,
  "performance": 0.1829740247841145,
  "time_taken": 7.511016641756295,
  "actor_loss": -0.008418674358814594,
  "value_loss": 22.334908377037927,
  "entropy_loss": 0.00768750540272229,
  "topic_means": {
    "ds": 0.40846850744161695,
    "algo": 0.1829740247841145,
    "oops": 0.5949779357658108,
    "dbms": 0.0,
    "os": 0.0,
    "cn": 0.1626568742114062,
    "system_design": 0.0
  },
  "consecutive_low_scores": 1,
  "safety_constraints_applied": true
}