{
  "total_episodes": 1319,
  "epoch": 3,
  "epoch_episode": 319,
  "question_number": 4,
  "topic": "ds",
  "subtopic": "Graphs",
  "difficulty": 4.136071464664404,
  "performance": 0.14073928352980014,
  "time_taken": 16.72815222186826,
  "actor_loss": -0.0006979983030888815,
  "value_loss": 23.59231825276809,
  "entropy_loss": 0.004864626455775154,
  "topic_means": {
    "ds": 0.14073928352980014,
    "algo": 0.0,
    "oops": 0.4750757117242062,
    "dbms": 0.0,
    "os": 0.0,
    "cn": 0.1859200412159919,
    "system_design": 0.0
  },
  "consecutive_low_scores": 1,
  "safety_constraints_applied": true
}