{
  "total_episodes": 2304,
  "epoch": 5,
  "epoch_episode": 304,
  "question_number": 10,
  "topic": "oops",
  "subtopic": "Design Patterns",
  "difficulty": 2.467315606578485,
  "performance": 0.3902388001263174,
  "time_taken": 11.64446282268557,
  "actor_loss": 0.020594635742265506,
  "value_loss": 22.36790581570437,
  "entropy_loss": 0.006677637289660141,
  "topic_means": {
    "ds": 0.18701390532613898,
    "algo": 0.12452163149346812,
    "oops": 0.3762542500114776,
    "dbms": 0.0,
    "os": 0.0,
    "cn": 0.0,
    "system_design": 0.15654540940936273
  },
  "consecutive_low_scores": 7,
  "safety_constraints_applied": true
}