{
  "total_episodes": 2381,
  "epoch": 5,
  "epoch_episode": 381,
  "question_number": 8,
  "topic": "algo",
  "subtopic": "Searching",
  "difficulty": 2.5695131542740044,
  "performance": 0.37460555121558814,
  "time_taken": 6.591940448420546,
  "actor_loss": -0.0033483748954151364,
  "value_loss": 28.50842254839211,
  "entropy_loss": 0.006257216687213134,
  "topic_means": {
    "ds": 0.42390561773989155,
    "algo": 0.24776844975287582,
    "oops": 0.20486635153572075,
    "dbms": 0.0,
    "os": 0.0,
    "cn": 0.0,
    "system_design": 0.0
  },
  "consecutive_low_scores": 2,
  "safety_constraints_applied": true
}