{
  "total_episodes": 1658,
  "epoch": 4,
  "epoch_episode": 158,
  "question_number": 6,
  "topic": "oops",
  "subtopic": "Classes",
  "difficulty": 3.533674360704111,
  "performance": 0.43011895683486895,
  "time_taken": 11.216313912579132,
  "actor_loss": 0.005361636850601051,
  "value_loss": 26.28052650172855,
  "entropy_loss": 0.006890803458105145,
  "topic_means": {
    "ds": 0.0,
    "algo": 0.23126599332029918,
    "oops": 0.46274454829954553,
    "dbms": 0.0,
    "os": 0.1528517649470149,
    "cn": 0.0,
    "system_design": 0.0
  },
  "consecutive_low_scores": 2,
  "safety_constraints_applied": true
}