{
  "total_episodes": 1002,
  "epoch": 3,
  "epoch_episode": 2,
  "question_number": 6,
  "topic": "oops",
  "subtopic": "Inheritance",
  "difficulty": 2.52511617286881,
  "performance": 0.1632032849739399,
  "time_taken": 9.03948437997746,
  "actor_loss": 0.001945333514195536,
  "value_loss": 27.361325675238476,
  "entropy_loss": 0.0017947632906126967,
  "topic_means": {
    "ds": 0.12920700611783303,
    "algo": 0.14705466825162744,
    "oops": 0.2268129599068203,
    "dbms": 0.0,
    "os": 0.0,
    "cn": 0.0,
    "system_design": 0.3053167160098025
  },
  "consecutive_low_scores": 3,
  "safety_constraints_applied": true
}