{
  "total_episodes": 32,
  "epoch": 1,
  "epoch_episode": 32,
  "question_number": 10,
  "topic": "algo",
  "subtopic": "Searching",
  "difficulty": 2.4010861489548185,
  "performance": 0.2789648403731268,
  "time_taken": 11.031825799108647,
  "actor_loss": 0.01563369971958008,
  "value_loss": 29.29710528082619,
  "entropy_loss": -0.015843040212242997,
  "topic_means": {
    "ds": 0.10079997579373494,
    "algo": 0.2777137346380503,
    "oops": 0.20950253813046923,
    "dbms": 0.0,
    "os": 0.0,
    "cn": 0.23556892029430537,
    "system_design": 0.0
  },
  "consecutive_low_scores": 8,
  "safety_constraints_applied": true
}