{
  "total_episodes": 906,
  "epoch": 2,
  "epoch_episode": 406,
  "question_number": 6,
  "topic": "oops",
  "subtopic": "Polymorphism",
  "difficulty": 2.4671757641795886,
  "performance": 0.10910847412236396,
  "time_taken": 13.945615246778608,
  "actor_loss": 0.0003493107228103136,
  "value_loss": 23.037850611919332,
  "entropy_loss": 0.0006055671854590912,
  "topic_means": {
    "ds": 0.40341973440547724,
    "algo": 0.14319775759780584,
    "oops": 0.17266752286762346,
    "dbms": 0.0,
    "os": 0.0,
    "cn": 0.0,
    "system_design": 0.0
  },
  "consecutive_low_scores": 4,
  "safety_constraints_applied": true
}