{
  "total_episodes": 2071,
  "epoch": 5,
  "epoch_episode": 71,
  "question_number": 4,
  "topic": "algo",
  "subtopic": "Sorting",
  "difficulty": 1.188,
  "performance": 0.13986594764444377,
  "time_taken": 17.26673383259624,
  "actor_loss": 0.003948926028668659,
  "value_loss": 27.390635405736937,
  "entropy_loss": 0.004261308376585319,
  "topic_means": {
    "ds": 0.0,
    "algo": 0.17115587173273883,
    "oops": 0.14338181740895706,
    "dbms": 0.1563665337284689,
    "os": 0.0,
    "cn": 0.0,
    "system_design": 0.0
  },
  "consecutive_low_scores": 3,
  "safety_constraints_applied": true
}