{
  "total_episodes": 868,
  "epoch": 2,
  "epoch_episode": 368,
  "question_number": 2,
  "topic": "algo",
  "subtopic": "Backtracking",
  "difficulty": 4.642359368645194,
  "performance": 0.14117353096927351,
  "time_taken": 15.711783773679521,
  "actor_loss": 0.00019178442338820597,
  "value_loss": 24.599984620119567,
  "entropy_loss": 0.0006817557194637606,
  "topic_means": {
    "ds": 0.0,
    "algo": 0.14117353096927351,
    "oops": 0.21411978954839814,
    "dbms": 0.0,
    "os": 0.0,
    "cn": 0.0,
    "system_design": 0.0
  },
  "consecutive_low_scores": 1,
  "safety_constraints_applied": true
}