{
  "total_episodes": 1895,
  "epoch": 4,
  "epoch_episode": 395,
  "question_number": 4,
  "topic": "ds",
  "subtopic": "Graphs",
  "difficulty": 4.1082750946184055,
  "performance": 0.2974354222390775,
  "time_taken": 12.286894528500223,
  "actor_loss": 0.05302411907494473,
  "value_loss": 28.88722922140509,
  "entropy_loss": 0.007712009984196293,
  "topic_means": {
    "ds": 0.37410168633942037,
    "algo": 0.3135632933571406,
    "oops": 0.0,
    "dbms": 0.0,
    "os": 0.0,
    "cn": 0.0,
    "system_design": 0.3439438508215016
  },
  "consecutive_low_scores": 0,
  "safety_constraints_applied": true
}