{
  "total_episodes": 1079,
  "epoch": 3,
  "epoch_episode": 79,
  "question_number": 4,
  "topic": "ds",
  "subtopic": "Heaps",
  "difficulty": 3.8329441767610746,
  "performance": 0.1419027399797163,
  "time_taken": 16.81160490092974,
  "actor_loss": 0.0022900743196901862,
  "value_loss": 21.64457718082716,
  "entropy_loss": 0.0031669822905683377,
  "topic_means": {
    "ds": 0.1419027399797163,
    "algo": 0.0,
    "oops": 0.27764805892035815,
    "dbms": 0.0,
    "os": 0.0,
    "cn": 0.0,
    "system_design": 0.0
  },
  "consecutive_low_scores": 1,
  "safety_constraints_applied": true
}