{
  "total_episodes": 1130,
  "epoch": 3,
  "epoch_episode": 130,
  "question_number": 6,
  "topic": "ds",
  "subtopic": "Heaps",
  "difficulty": 1.188,
  "performance": 0.11834230302986305,
  "time_taken": 16.07773622698074,
  "actor_loss": 0.0017118706324507793,
  "value_loss": 23.64908629575167,
  "entropy_loss": 0.0018535395810076842,
  "topic_means": {
    "ds": 0.13428558776487912,
    "algo": 0.29695734826195797,
    "oops": 0.14071593286985434,
    "dbms": 0.0,
    "os": 0.0,
    "cn": 0.0,
    "system_design": 0.21658756772860271
  },
  "consecutive_low_scores": 5,
  "safety_constraints_applied": true
}