{
  "total_episodes": 832,
  "epoch": 2,
  "epoch_episode": 332,
  "question_number": 10,
  "topic": "oops",
  "subtopic": "Design Patterns",
  "difficulty": 4.275931244083423,
  "performance": 0.5288218007010295,
  "time_taken": 8.527562862697039,
  "actor_loss": 0.00747767730231725,
  "value_loss": 23.44790913621482,
  "entropy_loss": -0.0003229208995879652,
  "topic_means": {
    "ds": 0.1522781953628346,
    "algo": 0.4600234353078162,
    "oops": 0.4783390503227492,
    "dbms": 0.0,
    "os": 0.0,
    "cn": 0.0,
    "system_design": 0.0
  },
  "consecutive_low_scores": 1,
  "safety_constraints_applied": true
}