{
  "total_episodes": 2074,
  "epoch": 5,
  "epoch_episode": 74,
  "question_number": 6,
  "topic": "ds",
  "subtopic": "Heaps",
  "difficulty": 1.188,
  "performance": 0.21433292583287605,
  "time_taken": 12.862217289069473,
  "actor_loss": 7.925698311173068e-06,
  "value_loss": 23.74637364263477,
  "entropy_loss": 0.004637369597199822,
  "topic_means": {
    "ds": 0.20363470121785401,
    "algo": 0.1487182477624587,
    "oops": 0.0,
    "dbms": 0.0,
    "os": 0.0,
    "cn": 0.0,
    "system_design": 0.0
  },
  "consecutive_low_scores": 5,
  "safety_constraints_applied": true
}