{
  "total_episodes": 1028,
  "epoch": 3,
  "epoch_episode": 28,
  "question_number": 2,
  "topic": "ds",
  "subtopic": "Arrays",
  "difficulty": 3.885963137807238,
  "performance": 0.31523593064936956,
  "time_taken": 10.341080605595504,
  "actor_loss": 0.001973895428814975,
  "value_loss": 28.761915983452393,
  "entropy_loss": 0.001795347660026652,
  "topic_means": {
    "ds": 0.30527848829255777,
    "algo": 0.0,
    "oops": 0.0,
    "dbms": 0.0,
    "os": 0.0,
    "cn": 0.0,
    "system_design": 0.0
  },
  "consecutive_low_scores": 1,
  "safety_constraints_applied": true
}