{
  "total_episodes": 669,
  "epoch": 2,
  "epoch_episode": 169,
  "question_number": 8,
  "topic": "algo",
  "subtopic": "Sorting",
  "difficulty": 2.5847752736909455,
  "performance": 0.10444975613718152,
  "time_taken": 14.514699903081548,
  "actor_loss": 0.0001052469890270951,
  "value_loss": 35.04000149011189,
  "entropy_loss": -0.002280552637521618,
  "topic_means": {
    "ds": 0.20532970341277726,
    "algo": 0.24759319291708526,
    "oops": 0.2652242237226862,
    "dbms": 0.0,
    "os": 0.0,
    "cn": 0.0,
    "system_design": 0.0
  },
  "consecutive_low_scores": 4,
  "safety_constraints_applied": true
}