{
  "total_episodes": 2404,
  "epoch": 5,
  "epoch_episode": 404,
  "question_number": 2,
  "topic": "algo",
  "subtopic": "Greedy",
  "difficulty": 4.4242578191313395,
  "performance": 0.1498339620275817,
  "time_taken": 10.714989743035796,
  "actor_loss": -0.006454431512471914,
  "value_loss": 27.587130818910037,
  "entropy_loss": 0.007173599439878135,
  "topic_means": {
    "ds": 0.0,
    "algo": 0.1498339620275817,
    "oops": 0.1414192730437798,
    "dbms": 0.0,
    "os": 0.0,
    "cn": 0.0,
    "system_design": 0.0
  },
  "consecutive_low_scores": 1,
  "safety_constraints_applied": true
}