{
  "total_episodes": 1527,
  "epoch": 4,
  "epoch_episode": 27,
  "question_number": 4,
  "topic": "algo",
  "subtopic": "Greedy",
  "difficulty": 2.398467402666302,
  "performance": 0.2822533059961061,
  "time_taken": 18.028974592518964,
  "actor_loss": -0.003389556150980752,
  "value_loss": 22.653034892014848,
  "entropy_loss": 0.006243573115853584,
  "topic_means": {
    "ds": 0.3138611825601677,
    "algo": 0.2822533059961061,
    "oops": 0.157193913935701,
    "dbms": 0.0,
    "os": 0.16298642269549818,
    "cn": 0.0,
    "system_design": 0.0
  },
  "consecutive_low_scores": 2,
  "safety_constraints_applied": true
}