{
  "total_episodes": 2077,
  "epoch": 5,
  "epoch_episode": 77,
  "question_number": 8,
  "topic": "ds",
  "subtopic": "Arrays",
  "difficulty": 1.584,
  "performance": 0.28098322080161015,
  "time_taken": 8.320090382250017,
  "actor_loss": -0.0021010335333055447,
  "value_loss": 40.26560328103865,
  "entropy_loss": 0.003880733879746928,
  "topic_means": {
    "ds": 0.21122859838852262,
    "algo": 0.2509024090072033,
    "oops": 0.1888105963833013,
    "dbms": 0.26095290400872406,
    "os": 0.0,
    "cn": 0.0,
    "system_design": 0.0
  },
  "consecutive_low_scores": 6,
  "safety_constraints_applied": true
}