{
  "total_episodes": 1908,
  "epoch": 4,
  "epoch_episode": 408,
  "question_number": 2,
  "topic": "ds",
  "subtopic": "Trees",
  "difficulty": 3.4773041628272434,
  "performance": 0.13394133662096386,
  "time_taken": 17.559783581493292,
  "actor_loss": 0.02586597521625591,
  "value_loss": 21.320961513167227,
  "entropy_loss": 0.0071492673880608,
  "topic_means": {
    "ds": 0.13394133662096386,
    "algo": 0.0,
    "oops": 0.15910138760908116,
    "dbms": 0.0,
    "os": 0.0,
    "cn": 0.0,
    "system_design": 0.0
  },
  "consecutive_low_scores": 1,
  "safety_constraints_applied": true
}