{
  "total_episodes": 1796,
  "epoch": 4,
  "epoch_episode": 296,
  "question_number": 2,
  "topic": "algo",
  "subtopic": "Dynamic Programming",
  "difficulty": 4.782005307239961,
  "performance": 0.5419711794015165,
  "time_taken": 11.296552837715206,
  "actor_loss": 0.021943112976074937,
  "value_loss": 25.895081412831907,
  "entropy_loss": 0.007620267409254207,
  "topic_means": {
    "ds": 0.0,
    "algo": 0.5419711794015165,
    "oops": 0.0,
    "dbms": 0.0,
    "os": 0.0,
    "cn": 0.26066843574665377,
    "system_design": 0.0
  },
  "consecutive_low_scores": 1,
  "safety_constraints_applied": true
}