{
  "total_episodes": 525,
  "epoch": 2,
  "epoch_episode": 25,
  "question_number": 8,
  "topic": "algo",
  "subtopic": "Sorting",
  "difficulty": 2.5940342172978395,
  "performance": 0.1641682239315075,
  "time_taken": 16.922205560657705,
  "actor_loss": 0.00013558382410540636,
  "value_loss": 25.87031157464378,
  "entropy_loss": -0.0035737008729821917,
  "topic_means": {
    "ds": 0.169875784832191,
    "algo": 0.24590226489982014,
    "oops": 0.3906996186693252,
    "dbms": 0.0,
    "os": 0.14789630589684646,
    "cn": 0.0,
    "system_design": 0.0
  },
  "consecutive_low_scores": 2,
  "safety_constraints_applied": true
}