{
  "total_episodes": 404,
  "epoch": 1,
  "epoch_episode": 404,
  "question_number": 2,
  "topic": "oops",
  "subtopic": "Design Patterns",
  "difficulty": 3.446329407248132,
  "performance": 0.31264597144283623,
  "time_taken": 14.758646337929944,
  "actor_loss": 0.006509693557537133,
  "value_loss": 20.4178900168258,
  "entropy_loss": -0.005011721130680409,
  "topic_means": {
    "ds": 0.1487764690827107,
    "algo": 0.0,
    "oops": 0.31264597144283623,
    "dbms": 0.0,
    "os": 0.0,
    "cn": 0.0,
    "system_design": 0.0
  },
  "consecutive_low_scores": 1,
  "safety_constraints_applied": true
}