{
  "total_episodes": 1879,
  "epoch": 4,
  "epoch_episode": 379,
  "question_number": 4,
  "topic": "ds",
  "subtopic": "Trees",
  "difficulty": 2.928551306722777,
  "performance": 0.261851817526798,
  "time_taken": 12.93360965666716,
  "actor_loss": -0.053880624290168724,
  "value_loss": 25.63588430742096,
  "entropy_loss": 0.008311690488964563,
  "topic_means": {
    "ds": 0.261851817526798,
    "algo": 0.3381165342773199,
    "oops": 0.14055801609719584,
    "dbms": 0.0,
    "os": 0.0,
    "cn": 0.0,
    "system_design": 0.0
  },
  "consecutive_low_scores": 2,
  "safety_constraints_applied": true
}