{
  "total_episodes": 2148,
  "epoch": 5,
  "epoch_episode": 148,
  "question_number": 2,
  "topic": "algo",
  "subtopic": "Sorting",
  "difficulty": 4.470614749057556,
  "performance": 0.22816152581616728,
  "time_taken": 11.920736112631259,
  "actor_loss": 0.0010356025613894346,
  "value_loss": 27.739959382511834,
  "entropy_loss": 0.003630777231050282,
  "topic_means": {
    "ds": 0.15687158301918533,
    "algo": 0.22816152581616728,
    "oops": 0.0,
    "dbms": 0.0,
    "os": 0.0,
    "cn": 0.0,
    "system_design": 0.0
  },
  "consecutive_low_scores": 1,
  "safety_constraints_applied": true
}