{
  "total_episodes": 1834,
  "epoch": 4,
  "epoch_episode": 334,
  "question_number": 6,
  "topic": "oops",
  "subtopic": "Abstraction",
  "difficulty": 1.584,
  "performance": 0.18655012292826534,
  "time_taken": 10.207911196804007,
  "actor_loss": 0.002201831911007213,
  "value_loss": 21.572705061898127,
  "entropy_loss": 0.0076752756092719355,
  "topic_means": {
    "ds": 0.17635128718197884,
    "algo": 0.2509024090072033,
    "oops": 0.18655012292826534,
    "dbms": 0.26095290400872406,
    "os": 0.0,
    "cn": 0.0,
    "system_design": 0.0
  },
  "consecutive_low_scores": 4,
  "safety_constraints_applied": true
}