{
  "total_episodes": 1840,
  "epoch": 4,
  "epoch_episode": 340,
  "question_number": 10,
  "topic": "ds",
  "subtopic": "Graphs",
  "difficulty": 3.5210170855682335,
  "performance": 0.28001589097975876,
  "time_taken": 12.979573206051093,
  "actor_loss": -0.015462593657531536,
  "value_loss": 21.537759419273034,
  "entropy_loss": 0.00798570685700239,
  "topic_means": {
    "ds": 0.27293081032716354,
    "algo": 0.4293420922912993,
    "oops": 0.2301717727242481,
    "dbms": 0.0,
    "os": 0.0,
    "cn": 0.0,
    "system_design": 0.0
  },
  "consecutive_low_scores": 3,
  "safety_constraints_applied": true
}