{
  "total_episodes": 2007,
  "epoch": 5,
  "epoch_episode": 7,
  "question_number": 4,
  "topic": "algo",
  "subtopic": "Sorting",
  "difficulty": 1.584,
  "performance": 0.11301019764708327,
  "time_taken": 12.461339917739117,
  "actor_loss": 0.0019432788900952454,
  "value_loss": 21.5367982514124,
  "entropy_loss": 0.006333432950626663,
  "topic_means": {
    "ds": 0.0,
    "algo": 0.13153426338772997,
    "oops": 0.1448407210540974,
    "dbms": 0.16725379478955826,
    "os": 0.0,
    "cn": 0.0,
    "system_design": 0.0
  },
  "consecutive_low_scores": 3,
  "safety_constraints_applied": true
}