{
  "total_episodes": 765,
  "epoch": 2,
  "epoch_episode": 265,
  "question_number": 8,
  "topic": "algo",
  "subtopic": "Backtracking",
  "difficulty": 1.188,
  "performance": 0.09184750689809301,
  "time_taken": 11.41392244299971,
  "actor_loss": 8.944845262846002e-05,
  "value_loss": 24.294501090279375,
  "entropy_loss": -0.0018866304600297906,
  "topic_means": {
    "ds": 0.1429372659596338,
    "algo": 0.17518818734417563,
    "oops": 0.09509332206917194,
    "dbms": 0.0,
    "os": 0.0,
    "cn": 0.0,
    "system_design": 0.20422276740714296
  },
  "consecutive_low_scores": 7,
  "safety_constraints_applied": true
}