{
  "total_episodes": 196,
  "epoch": 1,
  "epoch_episode": 196,
  "question_number": 2,
  "topic": "ds",
  "subtopic": "Heaps",
  "difficulty": 3.45714874873762,
  "performance": 0.4459721625924437,
  "time_taken": 8.43362577243043,
  "actor_loss": -0.005375566179248508,
  "value_loss": 26.458336029125036,
  "entropy_loss": -0.009603679059594307,
  "topic_means": {
    "ds": 0.4459721625924437,
    "algo": 0.0,
    "oops": 0.0,
    "dbms": 0.0,
    "os": 0.1523829162458733,
    "cn": 0.0,
    "system_design": 0.0
  },
  "consecutive_low_scores": 1,
  "safety_constraints_applied": true
}