{
  "total_episodes": 874,
  "epoch": 2,
  "epoch_episode": 374,
  "question_number": 6,
  "topic": "ds",
  "subtopic": "Heaps",
  "difficulty": 1.584,
  "performance": 0.297286107094007,
  "time_taken": 9.556905200949547,
  "actor_loss": 0.0002830955021038882,
  "value_loss": 19.77375664925771,
  "entropy_loss": 0.0005041948581231717,
  "topic_means": {
    "ds": 0.27651184133812995,
    "algo": 0.12131855165121978,
    "oops": 0.0,
    "dbms": 0.0,
    "os": 0.0,
    "cn": 0.15877838424201235,
    "system_design": 0.0
  },
  "consecutive_low_scores": 5,
  "safety_constraints_applied": true
}