{
  "total_episodes": 192,
  "epoch": 1,
  "epoch_episode": 192,
  "question_number": 10,
  "topic": "algo",
  "subtopic": "Backtracking",
  "difficulty": 1.584,
  "performance": 0.1681239324549942,
  "time_taken": 12.951321901557405,
  "actor_loss": 0.00753089956866094,
  "value_loss": 26.827943682961767,
  "entropy_loss": -0.009702924695498452,
  "topic_means": {
    "ds": 0.11510497895382853,
    "algo": 0.16695356086407695,
    "oops": 0.20046660744806546,
    "dbms": 0.0,
    "os": 0.0,
    "cn": 0.0,
    "system_design": 0.0
  },
  "consecutive_low_scores": 9,
  "safety_constraints_applied": true
}