{
  "total_episodes": 368,
  "epoch": 1,
  "epoch_episode": 368,
  "question_number": 10,
  "topic": "oops",
  "subtopic": "Abstraction",
  "difficulty": 1.188,
  "performance": 0.13759421797097757,
  "time_taken": 9.983770085970809,
  "actor_loss": 0.010198654112422925,
  "value_loss": 27.564332653719724,
  "entropy_loss": -0.005547448959507836,
  "topic_means": {
    "ds": 0.08983237067504721,
    "algo": 0.3512560688684601,
    "oops": 0.13192232579207205,
    "dbms": 0.0,
    "os": 0.0,
    "cn": 0.0,
    "system_design": 0.14581443014043005
  },
  "consecutive_low_scores": 8,
  "safety_constraints_applied": true
}