{
  "total_episodes": 1533,
  "epoch": 4,
  "epoch_episode": 33,
  "question_number": 8,
  "topic": "algo",
  "subtopic": "Backtracking",
  "difficulty": 1.188,
  "performance": 0.08776617453344467,
  "time_taken": 13.249438352048399,
  "actor_loss": -0.006110031540503367,
  "value_loss": 20.115716161689278,
  "entropy_loss": 0.006798273830902209,
  "topic_means": {
    "ds": 0.17026184046072798,
    "algo": 0.09014196746925879,
    "oops": 0.1710642269377535,
    "dbms": 0.0,
    "os": 0.0,
    "cn": 0.0,
    "system_design": 0.0
  },
  "consecutive_low_scores": 7,
  "safety_constraints_applied": true
}