{
  "total_episodes": 634,
  "epoch": 2,
  "epoch_episode": 134,
  "question_number": 6,
  "topic": "ds",
  "subtopic": "Graphs",
  "difficulty": 1.188,
  "performance": 0.13130366155003542,
  "time_taken": 15.294312460550756,
  "actor_loss": 0.0009300526553673048,
  "value_loss": 27.076395569954464,
  "entropy_loss": -0.002188981304490507,
  "topic_means": {
    "ds": 0.12401241795553326,
    "algo": 0.13418300104252012,
    "oops": 0.3764064531391146,
    "dbms": 0.0,
    "os": 0.0,
    "cn": 0.0,
    "system_design": 0.0
  },
  "consecutive_low_scores": 3,
  "safety_constraints_applied": true
}