{
  "total_episodes": 2468,
  "epoch": 5,
  "epoch_episode": 468,
  "question_number": 2,
  "topic": "oops",
  "subtopic": "Abstraction",
  "difficulty": 3.5363703301551315,
  "performance": 0.18504386579658694,
  "time_taken": 12.69584839976577,
  "actor_loss": -0.03441843089854342,
  "value_loss": 31.652321813468195,
  "entropy_loss": 0.007288627823484879,
  "topic_means": {
    "ds": 0.0,
    "algo": 0.0,
    "oops": 0.18504386579658694,
    "dbms": 0.0,
    "os": 0.0,
    "cn": 0.17879011005171053,
    "system_design": 0.0
  },
  "consecutive_low_scores": 1,
  "safety_constraints_applied": true
}