{
  "total_episodes": 423,
  "epoch": 1,
  "epoch_episode": 423,
  "question_number": 4,
  "topic": "algo",
  "subtopic": "Backtracking",
  "difficulty": 2.45765271224799,
  "performance": 0.24512473866419632,
  "time_taken": 11.98930416477848,
  "actor_loss": -0.0036991718695070625,
  "value_loss": 20.957962460933796,
  "entropy_loss": -0.004666199105390979,
  "topic_means": {
    "ds": 0.44543540822505084,
    "algo": 0.24512473866419632,
    "oops": 0.13914041122686063,
    "dbms": 0.0,
    "os": 0.0,
    "cn": 0.0,
    "system_design": 0.0
  },
  "consecutive_low_scores": 2,
  "safety_constraints_applied": true
}