{
  "total_episodes": 170,
  "epoch": 1,
  "epoch_episode": 170,
  "question_number": 6,
  "topic": "ds",
  "subtopic": "Linked Lists",
  "difficulty": 1.188,
  "performance": 0.12790022953829838,
  "time_taken": 11.36029329565583,
  "actor_loss": 0.001139233060272435,
  "value_loss": 24.28533250038071,
  "entropy_loss": -0.010426595975942563,
  "topic_means": {
    "ds": 0.12906441200084356,
    "algo": 0.11596494459982833,
    "oops": 0.13250401839420697,
    "dbms": 0.0,
    "os": 0.0,
    "cn": 0.4028306270677907,
    "system_design": 0.0
  },
  "consecutive_low_scores": 4,
  "safety_constraints_applied": true
}