{
  "total_episodes": 1652,
  "epoch": 4,
  "epoch_episode": 152,
  "question_number": 2,
  "topic": "algo",
  "subtopic": "Sorting",
  "difficulty": 4.506833227743836,
  "performance": 0.3484576857964878,
  "time_taken": 11.445155832909055,
  "actor_loss": 0.02375612913224382,
  "value_loss": 32.56187350306093,
  "entropy_loss": 0.006589215302427587,
  "topic_means": {
    "ds": 0.0,
    "algo": 0.3484576857964878,
    "oops": 0.0,
    "dbms": 0.0,
    "os": 0.0,
    "cn": 0.0,
    "system_design": 0.16894440924794518
  },
  "consecutive_low_scores": 1,
  "safety_constraints_applied": true
}