{
  "total_episodes": 848,
  "epoch": 2,
  "epoch_episode": 348,
  "question_number": 10,
  "topic": "oops",
  "subtopic": "Polymorphism",
  "difficulty": 2.327675521137559,
  "performance": 0.058197068502952004,
  "time_taken": 18.822844341300303,
  "actor_loss": 0.0006693290231702124,
  "value_loss": 22.97404887908071,
  "entropy_loss": 0.0002926407373547814,
  "topic_means": {
    "ds": 0.27059709851367664,
    "algo": 0.11642868596968797,
    "oops": 0.12623343489235395,
    "dbms": 0.0,
    "os": 0.0,
    "cn": 0.0,
    "system_design": 0.0
  },
  "consecutive_low_scores": 8,
  "safety_constraints_applied": true
}