{
  "total_episodes": 954,
  "epoch": 2,
  "epoch_episode": 454,
  "question_number": 6,
  "topic": "oops",
  "subtopic": "Abstraction",
  "difficulty": 3.0858681208704284,
  "performance": 0.3091005559856897,
  "time_taken": 8.657150027721897,
  "actor_loss": 0.0005271045768652043,
  "value_loss": 23.966702378287547,
  "entropy_loss": 0.0019530123365045424,
  "topic_means": {
    "ds": 0.23538755697516517,
    "algo": 0.34269686826144474,
    "oops": 0.21473378859148806,
    "dbms": 0.0,
    "os": 0.16650428109287446,
    "cn": 0.0,
    "system_design": 0.0
  },
  "consecutive_low_scores": 3,
  "safety_constraints_applied": true
}