{
  "total_episodes": 1290,
  "epoch": 3,
  "epoch_episode": 290,
  "question_number": 6,
  "topic": "oops",
  "subtopic": "Abstraction",
  "difficulty": 1.584,
  "performance": 0.10894230618585228,
  "time_taken": 16.236445008320178,
  "actor_loss": 0.0013403275586101825,
  "value_loss": 23.742480439442705,
  "entropy_loss": 0.004750568081675119,
  "topic_means": {
    "ds": 0.0,
    "algo": 0.1343707781492492,
    "oops": 0.10894230618585228,
    "dbms": 0.0,
    "os": 0.0,
    "cn": 0.0,
    "system_design": 0.15747534491149645
  },
  "consecutive_low_scores": 5,
  "safety_constraints_applied": true
}