{
  "total_episodes": 2176,
  "epoch": 5,
  "epoch_episode": 176,
  "question_number": 10,
  "topic": "algo",
  "subtopic": "Dynamic Programming",
  "difficulty": 2.572790984879965,
  "performance": 0.31345355587916846,
  "time_taken": 8.228652139013125,
  "actor_loss": -0.005713565909709098,
  "value_loss": 26.226559007947664,
  "entropy_loss": 0.005600094397627573,
  "topic_means": {
    "ds": 0.46739449428779944,
    "algo": 0.25890625992668165,
    "oops": 0.41580839205455045,
    "dbms": 0.0,
    "os": 0.0,
    "cn": 0.0,
    "system_design": 0.0
  },
  "consecutive_low_scores": 4,
  "safety_constraints_applied": true
}