{
  "total_episodes": 77,
  "epoch": 1,
  "epoch_episode": 77,
  "question_number": 8,
  "topic": "algo",
  "subtopic": "Searching",
  "difficulty": 2.534480238944464,
  "performance": 0.5923338524098023,
  "time_taken": 6.298711161658426,
  "actor_loss": 0.012689191083622741,
  "value_loss": 26.225214791674425,
  "entropy_loss": -0.013739237251800231,
  "topic_means": {
    "ds": 0.1276620683447968,
    "algo": 0.5923338524098023,
    "oops": 0.3700161921014568,
    "dbms": 0.0,
    "os": 0.0,
    "cn": 0.0,
    "system_design": 0.0
  },
  "consecutive_low_scores": 4,
  "safety_constraints_applied": true
}