{
  "total_episodes": 1440,
  "epoch": 3,
  "epoch_episode": 440,
  "question_number": 10,
  "topic": "ds",
  "subtopic": "Heaps",
  "difficulty": 2.530157842669805,
  "performance": 0.27638712510809016,
  "time_taken": 12.75133494510734,
  "actor_loss": -0.005434510788834646,
  "value_loss": 25.333422900499475,
  "entropy_loss": 0.004930386232358768,
  "topic_means": {
    "ds": 0.2301963215405429,
    "algo": 0.0,
    "oops": 0.4223693801222889,
    "dbms": 0.1876628036137063,
    "os": 0.0,
    "cn": 0.0,
    "system_design": 0.0
  },
  "consecutive_low_scores": 2,
  "safety_constraints_applied": true
}