{
  "total_episodes": 52,
  "epoch": 1,
  "epoch_episode": 52,
  "question_number": 2,
  "topic": "ds",
  "subtopic": "Heaps",
  "difficulty": 3.627872757164424,
  "performance": 0.41864464238558846,
  "time_taken": 15.683322209352877,
  "actor_loss": -0.0006545894715188572,
  "value_loss": 30.5295510710433,
  "entropy_loss": -0.014671821059812126,
  "topic_means": {
    "ds": 0.41864464238558846,
    "algo": 0.0,
    "oops": 0.0,
    "dbms": 0.0,
    "os": 0.0,
    "cn": 0.322987282428033,
    "system_design": 0.0
  },
  "consecutive_low_scores": 0,
  "safety_constraints_applied": false
}