{
  "total_episodes": 1716,
  "epoch": 4,
  "epoch_episode": 216,
  "question_number": 2,
  "topic": "oops",
  "subtopic": "Inheritance",
  "difficulty": 3.4406860392524306,
  "performance": 0.27213043703582906,
  "time_taken": 10.92218152107413,
  "actor_loss": 0.0428966421542742,
  "value_loss": 29.698742537440847,
  "entropy_loss": 0.007769539272054799,
  "topic_means": {
    "ds": 0.14689534641747684,
    "algo": 0.0,
    "oops": 0.27213043703582906,
    "dbms": 0.0,
    "os": 0.0,
    "cn": 0.0,
    "system_design": 0.0
  },
  "consecutive_low_scores": 1,
  "safety_constraints_applied": true
}