{
  "total_episodes": 2186,
  "epoch": 5,
  "epoch_episode": 186,
  "question_number": 6,
  "topic": "ds",
  "subtopic": "Trees",
  "difficulty": 4.527032147356806,
  "performance": 0.48366456392401685,
  "time_taken": 10.30341292834911,
  "actor_loss": 0.0035473745328741383,
  "value_loss": 29.51670470062411,
  "entropy_loss": 0.005312058429908393,
  "topic_means": {
    "ds": 0.5468110959269715,
    "algo": 0.0,
    "oops": 0.408235587542927,
    "dbms": 0.14652218493975494,
    "os": 0.0,
    "cn": 0.0,
    "system_design": 0.0
  },
  "consecutive_low_scores": 1,
  "safety_constraints_applied": true
}