{
  "total_episodes": 752,
  "epoch": 2,
  "epoch_episode": 252,
  "question_number": 10,
  "topic": "oops",
  "subtopic": "Polymorphism",
  "difficulty": 2.4722265988732146,
  "performance": 0.31859852024749147,
  "time_taken": 14.280068167782257,
  "actor_loss": -0.0026141585501587364,
  "value_loss": 23.817888435183114,
  "entropy_loss": -0.001251772996635105,
  "topic_means": {
    "ds": 0.17620403646408503,
    "algo": 0.0,
    "oops": 0.3365421644510468,
    "dbms": 0.0,
    "os": 0.0,
    "cn": 0.0,
    "system_design": 0.0
  },
  "consecutive_low_scores": 5,
  "safety_constraints_applied": true
}