{
  "total_episodes": 2295,
  "epoch": 5,
  "epoch_episode": 295,
  "question_number": 4,
  "topic": "ds",
  "subtopic": "Heaps",
  "difficulty": 1.584,
  "performance": 0.10110097426538449,
  "time_taken": 12.110146598585686,
  "actor_loss": -0.013032693822012137,
  "value_loss": 24.702074723493435,
  "entropy_loss": 0.005928770018621293,
  "topic_means": {
    "ds": 0.10110097426538449,
    "algo": 0.13467157044006717,
    "oops": 0.0,
    "dbms": 0.0,
    "os": 0.0,
    "cn": 0.0,
    "system_design": 0.14585030179146213
  },
  "consecutive_low_scores": 3,
  "safety_constraints_applied": true
}