{
  "total_episodes": 637,
  "epoch": 2,
  "epoch_episode": 137,
  "question_number": 8,
  "topic": "ds",
  "subtopic": "Heaps",
  "difficulty": 1.188,
  "performance": 0.2191219536520258,
  "time_taken": 14.051435001802922,
  "actor_loss": -0.0010749903610545552,
  "value_loss": 28.76851337835929,
  "entropy_loss": -0.002627143170247586,
  "topic_means": {
    "ds": 0.3611318689942191,
    "algo": 0.12742935450734874,
    "oops": 0.5949779357658108,
    "dbms": 0.0,
    "os": 0.0,
    "cn": 0.1626568742114062,
    "system_design": 0.0
  },
  "consecutive_low_scores": 3,
  "safety_constraints_applied": true
}