{
  "total_episodes": 1597,
  "epoch": 4,
  "epoch_episode": 97,
  "question_number": 8,
  "topic": "algo",
  "subtopic": "Greedy",
  "difficulty": 2.837941159818161,
  "performance": 0.39700515361085076,
  "time_taken": 9.579277562974335,
  "actor_loss": 0.004043541458893353,
  "value_loss": 19.22700462578885,
  "entropy_loss": 0.0064640824589510485,
  "topic_means": {
    "ds": 0.13207678662730152,
    "algo": 0.4419086470337099,
    "oops": 0.36929495835683,
    "dbms": 0.0,
    "os": 0.0,
    "cn": 0.0,
    "system_design": 0.0
  },
  "consecutive_low_scores": 3,
  "safety_constraints_applied": true
}