{
  "total_episodes": 512,
  "epoch": 2,
  "epoch_episode": 12,
  "question_number": 10,
  "topic": "algo",
  "subtopic": "Dynamic Programming",
  "difficulty": 1.188,
  "performance": 0.15835976986440709,
  "time_taken": 11.417947141201234,
  "actor_loss": 0.0018896890509220454,
  "value_loss": 19.806589160451125,
  "entropy_loss": -0.0036778703120391976,
  "topic_means": {
    "ds": 0.1755991118613934,
    "algo": 0.18133302448211794,
    "oops": 0.11777270592717201,
    "dbms": 0.0,
    "os": 0.0,
    "cn": 0.15962772918104018,
    "system_design": 0.0
  },
  "consecutive_low_scores": 9,
  "safety_constraints_applied": true
}