{
  "total_episodes": 1053,
  "epoch": 3,
  "epoch_episode": 53,
  "question_number": 8,
  "topic": "ds",
  "subtopic": "Linked Lists",
  "difficulty": 1.188,
  "performance": 0.10846221899665796,
  "time_taken": 12.547529343450622,
  "actor_loss": -0.00025002591151713805,
  "value_loss": 22.581648060810345,
  "entropy_loss": 0.002525682190793288,
  "topic_means": {
    "ds": 0.1293300893908519,
    "algo": 0.11048333863596489,
    "oops": 0.0,
    "dbms": 0.0,
    "os": 0.0,
    "cn": 0.0,
    "system_design": 0.0
  },
  "consecutive_low_scores": 7,
  "safety_constraints_applied": true
}