{
  "total_episodes": 1245,
  "epoch": 3,
  "epoch_episode": 245,
  "question_number": 8,
  "topic": "oops",
  "subtopic": "Inheritance",
  "difficulty": 2.4152771394041084,
  "performance": 0.17991713566949763,
  "time_taken": 18.12210746423453,
  "actor_loss": -0.0013013877716125867,
  "value_loss": 27.418196488816523,
  "entropy_loss": 0.0042546910499036295,
  "topic_means": {
    "ds": 0.374643882536835,
    "algo": 0.1769380074653203,
    "oops": 0.157256340916748,
    "dbms": 0.0,
    "os": 0.0,
    "cn": 0.322987282428033,
    "system_design": 0.0
  },
  "consecutive_low_scores": 3,
  "safety_constraints_applied": true
}