{
  "total_episodes": 452,
  "epoch": 1,
  "epoch_episode": 452,
  "question_number": 2,
  "topic": "ds",
  "subtopic": "Linked Lists",
  "difficulty": 3.562988410841119,
  "performance": 0.31445231300291154,
  "time_taken": 9.549098804396799,
  "actor_loss": 0.009955326219521842,
  "value_loss": 23.220889206099972,
  "entropy_loss": -0.004481108244901894,
  "topic_means": {
    "ds": 0.31445231300291154,
    "algo": 0.0,
    "oops": 0.0,
    "dbms": 0.1876628036137063,
    "os": 0.0,
    "cn": 0.0,
    "system_design": 0.0
  },
  "consecutive_low_scores": 1,
  "safety_constraints_applied": true
}