{
  "total_episodes": 1767,
  "epoch": 4,
  "epoch_episode": 267,
  "question_number": 4,
  "topic": "ds",
  "subtopic": "Graphs",
  "difficulty": 2.5888090532928625,
  "performance": 0.13012210712242595,
  "time_taken": 8.598745622635938,
  "actor_loss": -0.00819511335710319,
  "value_loss": 23.277897653546773,
  "entropy_loss": 0.00746593329380502,
  "topic_means": {
    "ds": 0.13012210712242595,
    "algo": 0.44653361269916986,
    "oops": 0.21538748821495735,
    "dbms": 0.0,
    "os": 0.2605168586205122,
    "cn": 0.0,
    "system_design": 0.0
  },
  "consecutive_low_scores": 2,
  "safety_constraints_applied": true
}