{
  "total_episodes": 1223,
  "epoch": 3,
  "epoch_episode": 223,
  "question_number": 4,
  "topic": "oops",
  "subtopic": "Inheritance",
  "difficulty": 3.122315600881144,
  "performance": 0.23241861244239242,
  "time_taken": 11.17163127420464,
  "actor_loss": -0.0003743361099922711,
  "value_loss": 26.449208522203786,
  "entropy_loss": 0.0038420244494113535,
  "topic_means": {
    "ds": 0.0,
    "algo": 0.4251043249636315,
    "oops": 0.19109017913317972,
    "dbms": 0.0,
    "os": 0.0,
    "cn": 0.1559151426686806,
    "system_design": 0.0
  },
  "consecutive_low_scores": 2,
  "safety_constraints_applied": true
}