{
  "total_episodes": 608,
  "epoch": 2,
  "epoch_episode": 108,
  "question_number": 10,
  "topic": "oops",
  "subtopic": "Classes",
  "difficulty": 1.188,
  "performance": 0.2465177281470739,
  "time_taken": 11.989805101352173,
  "actor_loss": -0.001395957701187333,
  "value_loss": 24.169955496324814,
  "entropy_loss": -0.0025833186896103274,
  "topic_means": {
    "ds": 0.2617245085940059,
    "algo": 0.14388412946821755,
    "oops": 0.19536143419475988,
    "dbms": 0.0,
    "os": 0.0,
    "cn": 0.0,
    "system_design": 0.0
  },
  "consecutive_low_scores": 9,
  "safety_constraints_applied": true
}