{
  "total_episodes": 2058,
  "epoch": 5,
  "epoch_episode": 58,
  "question_number": 6,
  "topic": "oops",
  "subtopic": "Polymorphism",
  "difficulty": 1.584,
  "performance": 0.12845019168125665,
  "time_taken": 14.594266936365045,
  "actor_loss": 0.0009317216483718293,
  "value_loss": 32.52820734710161,
  "entropy_loss": 0.004825843094787333,
  "topic_means": {
    "ds": 0.12394039352237776,
    "algo": 0.1359992799740711,
    "oops": 0.12845019168125665,
    "dbms": 0.0,
    "os": 0.0,
    "cn": 0.3542424228610749,
    "system_design": 0.0
  },
  "consecutive_low_scores": 4,
  "safety_constraints_applied": true
}