{
  "total_episodes": 1280,
  "epoch": 3,
  "epoch_episode": 280,
  "question_number": 10,
  "topic": "ds",
  "subtopic": "Trees",
  "difficulty": 1.584,
  "performance": 0.1156819878432036,
  "time_taken": 20.40969606834958,
  "actor_loss": -0.003962311238357304,
  "value_loss": 20.944338428902803,
  "entropy_loss": 0.004758754480584447,
  "topic_means": {
    "ds": 0.1040388588530769,
    "algo": 0.15356139503289365,
    "oops": 0.08401452074115065,
    "dbms": 0.3292404065943245,
    "os": 0.0,
    "cn": 0.0,
    "system_design": 0.0
  },
  "consecutive_low_scores": 8,
  "safety_constraints_applied": true
}