{
  "total_episodes": 240,
  "epoch": 1,
  "epoch_episode": 240,
  "question_number": 10,
  "topic": "oops",
  "subtopic": "Abstraction",
  "difficulty": 3.129033198996907,
  "performance": 0.06945630745379053,
  "time_taken": 15.935217888042365,
  "actor_loss": 0.0013714271524201832,
  "value_loss": 25.146485973315915,
  "entropy_loss": -0.0086343017327127,
  "topic_means": {
    "ds": 0.212031845980446,
    "algo": 0.38069971197430796,
    "oops": 0.06639535028343561,
    "dbms": 0.0,
    "os": 0.0,
    "cn": 0.0,
    "system_design": 0.15374626628304827
  },
  "consecutive_low_scores": 4,
  "safety_constraints_applied": true
}