{
  "total_episodes": 356,
  "epoch": 1,
  "epoch_episode": 356,
  "question_number": 2,
  "topic": "oops",
  "subtopic": "Design Patterns",
  "difficulty": 3.440347565761787,
  "performance": 0.5329888728724435,
  "time_taken": 8.273795808869849,
  "actor_loss": -0.0003467952109497529,
  "value_loss": 22.503104667659137,
  "entropy_loss": -0.005387663561903541,
  "topic_means": {
    "ds": 0.0,
    "algo": 0.14678252192059563,
    "oops": 0.5329888728724435,
    "dbms": 0.0,
    "os": 0.0,
    "cn": 0.0,
    "system_design": 0.0
  },
  "consecutive_low_scores": 1,
  "safety_constraints_applied": true
}