{
  "total_episodes": 1479,
  "epoch": 3,
  "epoch_episode": 479,
  "question_number": 4,
  "topic": "oops",
  "subtopic": "Inheritance",
  "difficulty": 3.2266562776947216,
  "performance": 0.11580560000465494,
  "time_taken": 12.401409189531078,
  "actor_loss": -0.002135836823586168,
  "value_loss": 24.512812464494736,
  "entropy_loss": 0.004451651428568923,
  "topic_means": {
    "ds": 0.0,
    "algo": 0.38190172771053704,
    "oops": 0.11580560000465494,
    "dbms": 0.0,
    "os": 0.0,
    "cn": 0.0,
    "system_design": 0.12506969260123119
  },
  "consecutive_low_scores": 2,
  "safety_constraints_applied": true
}