{
  "total_episodes": 1552,
  "epoch": 4,
  "epoch_episode": 52,
  "question_number": 10,
  "topic": "oops",
  "subtopic": "Polymorphism",
  "difficulty": 1.584,
  "performance": 0.0802362119448866,
  "time_taken": 11.608050116536178,
  "actor_loss": -0.0013042297571691894,
  "value_loss": 19.391695601906825,
  "entropy_loss": 0.006648048294246802,
  "topic_means": {
    "ds": 0.12261348556503959,
    "algo": 0.15314164163823157,
    "oops": 0.08407623369685235,
    "dbms": 0.0,
    "os": 0.0,
    "cn": 0.0,
    "system_design": 0.16264788211877265
  },
  "consecutive_low_scores": 9,
  "safety_constraints_applied": true
}