{
  "total_episodes": 20,
  "epoch": 1,
  "epoch_episode": 20,
  "question_number": 2,
  "topic": "oops",
  "subtopic": "Classes",
  "difficulty": 3.4808959388285783,
  "performance": 0.4487995523815654,
  "time_taken": 11.499984209578173,
  "actor_loss": 0.023591532841812833,
  "value_loss": 29.0833281488333,
  "entropy_loss": -0.016484001128969927,
  "topic_means": {
    "ds": 0.0,
    "algo": 0.0,
    "oops": 0.4487995523815654,
    "dbms": 0.0,
    "os": 0.0,
    "cn": 0.16029864627619272,
    "system_design": 0.0
  },
  "consecutive_low_scores": 1,
  "safety_constraints_applied": true
}