{
  "total_episodes": 1850,
  "epoch": 4,
  "epoch_episode": 350,
  "question_number": 6,
  "topic": "oops",
  "subtopic": "Inheritance",
  "difficulty": 2.5333352577808945,
  "performance": 0.07967262125324515,
  "time_taken": 9.176442777405585,
  "actor_loss": 0.0044512676231283615,
  "value_loss": 29.752144092134433,
  "entropy_loss": 0.007494742712245277,
  "topic_means": {
    "ds": 0.2636113258179802,
    "algo": 0.28738771419774833,
    "oops": 0.11947332214690307,
    "dbms": 0.0,
    "os": 0.0,
    "cn": 0.19337457907607353,
    "system_design": 0.0
  },
  "consecutive_low_scores": 4,
  "safety_constraints_applied": true
}