{
  "total_episodes": 992,
  "epoch": 2,
  "epoch_episode": 492,
  "question_number": 10,
  "topic": "ds",
  "subtopic": "Heaps",
  "difficulty": 1.584,
  "performance": 0.24413903588818953,
  "time_taken": 13.220198825185728,
  "actor_loss": 0.0016225388133660396,
  "value_loss": 22.156424854422752,
  "entropy_loss": 0.0023879736852524614,
  "topic_means": {
    "ds": 0.20556469483937265,
    "algo": 0.13852373870131426,
    "oops": 0.2837330350855894,
    "dbms": 0.0,
    "os": 0.0,
    "cn": 0.2772425273664959,
    "system_design": 0.0
  },
  "consecutive_low_scores": 9,
  "safety_constraints_applied": true
}