{
  "total_episodes": 871,
  "epoch": 2,
  "epoch_episode": 371,
  "question_number": 4,
  "topic": "oops",
  "subtopic": "Abstraction",
  "difficulty": 1.188,
  "performance": 0.3042574573181096,
  "time_taken": 6.955788016846456,
  "actor_loss": 0.0033670505208665004,
  "value_loss": 27.10344091298082,
  "entropy_loss": 0.00023497389378626855,
  "topic_means": {
    "ds": 0.0,
    "algo": 0.0,
    "oops": 0.24875402495000112,
    "dbms": 0.0,
    "os": 0.0,
    "cn": 0.0,
    "system_design": 0.0
  },
  "consecutive_low_scores": 3,
  "safety_constraints_applied": true
}