{
  "total_episodes": 1818,
  "epoch": 4,
  "epoch_episode": 318,
  "question_number": 6,
  "topic": "algo",
  "subtopic": "Dynamic Programming",
  "difficulty": 1.584,
  "performance": 0.08390985360511813,
  "time_taken": 12.160542245820448,
  "actor_loss": 0.002305234674178726,
  "value_loss": 20.960153121378102,
  "entropy_loss": 0.007640786293531937,
  "topic_means": {
    "ds": 0.10161784742261813,
    "algo": 0.12035244037985979,
    "oops": 0.1352357294316845,
    "dbms": 0.0,
    "os": 0.1611444432902284,
    "cn": 0.0,
    "system_design": 0.0
  },
  "consecutive_low_scores": 5,
  "safety_constraints_applied": true
}