{
  "total_episodes": 1402,
  "epoch": 3,
  "epoch_episode": 402,
  "question_number": 6,
  "topic": "algo",
  "subtopic": "Greedy",
  "difficulty": 1.584,
  "performance": 0.2718762427838233,
  "time_taken": 8.697811102984339,
  "actor_loss": 0.001605069509245201,
  "value_loss": 22.238381289977237,
  "entropy_loss": 0.0050448205325069285,
  "topic_means": {
    "ds": 0.2622506679196734,
    "algo": 0.22848838882877326,
    "oops": 0.13191748943118328,
    "dbms": 0.0,
    "os": 0.1514471345709253,
    "cn": 0.0,
    "system_design": 0.0
  },
  "consecutive_low_scores": 5,
  "safety_constraints_applied": true
}