{
  "total_episodes": 2327,
  "epoch": 5,
  "epoch_episode": 327,
  "question_number": 4,
  "topic": "algo",
  "subtopic": "Dynamic Programming",
  "difficulty": 1.188,
  "performance": 0.13775860613979699,
  "time_taken": 16.359615347214984,
  "actor_loss": 0.015186883283550176,
  "value_loss": 19.47921979553782,
  "entropy_loss": 0.006481777389897856,
  "topic_means": {
    "ds": 0.15527807517666953,
    "algo": 0.1445347008545626,
    "oops": 0.15160933855014438,
    "dbms": 0.0,
    "os": 0.0,
    "cn": 0.0,
    "system_design": 0.0
  },
  "consecutive_low_scores": 3,
  "safety_constraints_applied": true
}