{
  "total_episodes": 144,
  "epoch": 1,
  "epoch_episode": 144,
  "question_number": 10,
  "topic": "ds",
  "subtopic": "Linked Lists",
  "difficulty": 1.188,
  "performance": 0.08750046441317108,
  "time_taken": 14.496101118442086,
  "actor_loss": 0.009856760557940124,
  "value_loss": 31.949001500822867,
  "entropy_loss": -0.011161458749021611,
  "topic_means": {
    "ds": 0.14621146547255245,
    "algo": 0.17174044719436646,
    "oops": 0.2412281154972553,
    "dbms": 0.15549345187649327,
    "os": 0.0,
    "cn": 0.0,
    "system_design": 0.0
  },
  "consecutive_low_scores": 8,
  "safety_constraints_applied": true
}