{
  "total_episodes": 519,
  "epoch": 2,
  "epoch_episode": 19,
  "question_number": 4,
  "topic": "ds",
  "subtopic": "Linked Lists",
  "difficulty": 3.11061616328532,
  "performance": 0.5297588951166863,
  "time_taken": 7.471060704939801,
  "actor_loss": -0.0002730310556566799,
  "value_loss": 22.781007574481567,
  "entropy_loss": -0.003349716566845995,
  "topic_means": {
    "ds": 0.4472231901962471,
    "algo": 0.19445548308210392,
    "oops": 0.0,
    "dbms": 0.15391182449863378,
    "os": 0.0,
    "cn": 0.0,
    "system_design": 0.0
  },
  "consecutive_low_scores": 2,
  "safety_constraints_applied": true
}