{
  "total_episodes": 688,
  "epoch": 2,
  "epoch_episode": 188,
  "question_number": 10,
  "topic": "ds",
  "subtopic": "Arrays",
  "difficulty": 2.7180215754634482,
  "performance": 0.11888887879424576,
  "time_taken": 16.000107036349007,
  "actor_loss": -0.004819829813711181,
  "value_loss": 28.584841611828107,
  "entropy_loss": -0.0017990308745263113,
  "topic_means": {
    "ds": 0.12497804601985171,
    "algo": 0.36093744968078456,
    "oops": 0.35885327243552223,
    "dbms": 0.0,
    "os": 0.0,
    "cn": 0.0,
    "system_design": 0.0
  },
  "consecutive_low_scores": 5,
  "safety_constraints_applied": true
}