{
  "total_episodes": 1063,
  "epoch": 3,
  "epoch_episode": 63,
  "question_number": 4,
  "topic": "oops",
  "subtopic": "Polymorphism",
  "difficulty": 1.584,
  "performance": 0.13692708905567136,
  "time_taken": 11.211937343714327,
  "actor_loss": -0.0005537298551603856,
  "value_loss": 27.926371718027912,
  "entropy_loss": 0.0025410231980061964,
  "topic_means": {
    "ds": 0.12091498646107177,
    "algo": 0.2011454479567579,
    "oops": 0.13692708905567136,
    "dbms": 0.0,
    "os": 0.0,
    "cn": 0.0,
    "system_design": 0.16264788211877265
  },
  "consecutive_low_scores": 3,
  "safety_constraints_applied": true
}