{
  "total_episodes": 218,
  "epoch": 1,
  "epoch_episode": 218,
  "question_number": 6,
  "topic": "oops",
  "subtopic": "Abstraction",
  "difficulty": 1.584,
  "performance": 0.5151058824878889,
  "time_taken": 8.194452919822702,
  "actor_loss": -0.004453318821276041,
  "value_loss": 34.25679661905981,
  "entropy_loss": -0.00960015089146662,
  "topic_means": {
    "ds": 0.13339614160917468,
    "algo": 0.1627727678060914,
    "oops": 0.4320464406263825,
    "dbms": 0.0,
    "os": 0.0,
    "cn": 0.0,
    "system_design": 0.2236399324307963
  },
  "consecutive_low_scores": 4,
  "safety_constraints_applied": true
}