{
  "total_episodes": 1207,
  "epoch": 3,
  "epoch_episode": 207,
  "question_number": 4,
  "topic": "oops",
  "subtopic": "Inheritance",
  "difficulty": 1.584,
  "performance": 0.43948882269910494,
  "time_taken": 9.285360035603949,
  "actor_loss": -0.003145445714690312,
  "value_loss": 25.66247675510067,
  "entropy_loss": 0.0039031889105589517,
  "topic_means": {
    "ds": 0.0,
    "algo": 0.14268178376567597,
    "oops": 0.35147338096537545,
    "dbms": 0.0,
    "os": 0.0,
    "cn": 0.0,
    "system_design": 0.0
  },
  "consecutive_low_scores": 2,
  "safety_constraints_applied": true
}