{
  "total_episodes": 2308,
  "epoch": 5,
  "epoch_episode": 308,
  "question_number": 2,
  "topic": "algo",
  "subtopic": "Backtracking",
  "difficulty": 4.5042808125817695,
  "performance": 0.422013077830282,
  "time_taken": 7.543914100176526,
  "actor_loss": 0.006353542815889702,
  "value_loss": 25.43058335539926,
  "entropy_loss": 0.005875181730553412,
  "topic_means": {
    "ds": 0.0,
    "algo": 0.422013077830282,
    "oops": 0.0,
    "dbms": 0.16809360419392305,
    "os": 0.0,
    "cn": 0.0,
    "system_design": 0.0
  },
  "consecutive_low_scores": 1,
  "safety_constraints_applied": true
}