{
  "total_episodes": 612,
  "epoch": 2,
  "epoch_episode": 112,
  "question_number": 2,
  "topic": "oops",
  "subtopic": "Inheritance",
  "difficulty": 3.4927842708562373,
  "performance": 0.16086971119880844,
  "time_taken": 14.779372771012175,
  "actor_loss": 0.001527024977890664,
  "value_loss": 20.774944395920482,
  "entropy_loss": -0.002372152926495326,
  "topic_means": {
    "ds": 0.1642614236187458,
    "algo": 0.0,
    "oops": 0.16086971119880844,
    "dbms": 0.0,
    "os": 0.0,
    "cn": 0.0,
    "system_design": 0.0
  },
  "consecutive_low_scores": 1,
  "safety_constraints_applied": true
}