{
  "total_episodes": 951,
  "epoch": 2,
  "epoch_episode": 451,
  "question_number": 4,
  "topic": "oops",
  "subtopic": "Design Patterns",
  "difficulty": 3.1084508928041363,
  "performance": 0.13085070542730248,
  "time_taken": 11.86408110465379,
  "actor_loss": 0.000957114341619858,
  "value_loss": 20.48431571365719,
  "entropy_loss": 0.0017017361551772488,
  "topic_means": {
    "ds": 0.1311205931069311,
    "algo": 0.4213717079753278,
    "oops": 0.13085070542730248,
    "dbms": 0.1572817789240076,
    "os": 0.0,
    "cn": 0.0,
    "system_design": 0.0
  },
  "consecutive_low_scores": 2,
  "safety_constraints_applied": true
}