{
  "total_episodes": 2480,
  "epoch": 5,
  "epoch_episode": 480,
  "question_number": 10,
  "topic": "oops",
  "subtopic": "Classes",
  "difficulty": 2.3092872736193994,
  "performance": 0.07278893477460877,
  "time_taken": 16.243257260520256,
  "actor_loss": 0.016326162485405686,
  "value_loss": 22.245838114048013,
  "entropy_loss": 0.0074281985043990195,
  "topic_means": {
    "ds": 0.10351863816466758,
    "algo": 0.2949153781231858,
    "oops": 0.11914115436744635,
    "dbms": 0.0,
    "os": 0.0,
    "cn": 0.0,
    "system_design": 0.0
  },
  "consecutive_low_scores": 8,
  "safety_constraints_applied": true
}