{
  "total_episodes": 2362,
  "epoch": 5,
  "epoch_episode": 362,
  "question_number": 6,
  "topic": "oops",
  "subtopic": "Design Patterns",
  "difficulty": 4.351567786420821,
  "performance": 0.44882553192989466,
  "time_taken": 10.63467146202878,
  "actor_loss": 0.0025841583771202374,
  "value_loss": 23.079934756122906,
  "entropy_loss": 0.005489800552605339,
  "topic_means": {
    "ds": 0.31445231300291154,
    "algo": 0.0,
    "oops": 0.45009832958767904,
    "dbms": 0.1876628036137063,
    "os": 0.0,
    "cn": 0.0,
    "system_design": 0.0
  },
  "consecutive_low_scores": 1,
  "safety_constraints_applied": true
}