{
  "total_episodes": 1623,
  "epoch": 4,
  "epoch_episode": 123,
  "question_number": 4,
  "topic": "ds",
  "subtopic": "Heaps",
  "difficulty": 1.188,
  "performance": 0.2712749201772044,
  "time_taken": 11.033816782989602,
  "actor_loss": -0.01555313918671857,
  "value_loss": 23.591664084570088,
  "entropy_loss": 0.007069724304709131,
  "topic_means": {
    "ds": 0.2840342684119558,
    "algo": 0.0,
    "oops": 0.1616786919151097,
    "dbms": 0.0,
    "os": 0.0,
    "cn": 0.15582657191208057,
    "system_design": 0.0
  },
  "consecutive_low_scores": 3,
  "safety_constraints_applied": true
}