{
  "total_episodes": 10,
  "epoch": 1,
  "epoch_episode": 10,
  "question_number": 6,
  "topic": "ds",
  "subtopic": "Arrays",
  "difficulty": 1.188,
  "performance": 0.2844176049870899,
  "time_taken": 7.951042655085888,
  "actor_loss": -0.01298026846295636,
  "value_loss": 55.42059853680119,
  "entropy_loss": -0.017196246375632065,
  "topic_means": {
    "ds": 0.27423328097876953,
    "algo": 0.1529315535505873,
    "oops": 0.29206914927662914,
    "dbms": 0.0,
    "os": 0.16725965486400315,
    "cn": 0.0,
    "system_design": 0.0
  },
  "consecutive_low_scores": 5,
  "safety_constraints_applied": true
}