{
  "total_episodes": 944,
  "epoch": 2,
  "epoch_episode": 444,
  "question_number": 10,
  "topic": "ds",
  "subtopic": "Linked Lists",
  "difficulty": 1.584,
  "performance": 0.09857886875979596,
  "time_taken": 12.937250325822566,
  "actor_loss": 0.0007430288399063155,
  "value_loss": 25.517385458938826,
  "entropy_loss": 0.0015691326582538759,
  "topic_means": {
    "ds": 0.10054317507753148,
    "algo": 0.13178086493350014,
    "oops": 0.11621113174275717,
    "dbms": 0.0,
    "os": 0.326778820120557,
    "cn": 0.0,
    "system_design": 0.0
  },
  "consecutive_low_scores": 8,
  "safety_constraints_applied": true
}