{
  "total_episodes": 16,
  "epoch": 1,
  "epoch_episode": 16,
  "question_number": 10,
  "topic": "oops",
  "subtopic": "Inheritance",
  "difficulty": 5.223393227156036,
  "performance": 0.33541816927628804,
  "time_taken": 15.312197315434544,
  "actor_loss": 0.012002963704752057,
  "value_loss": 42.56059355616479,
  "entropy_loss": -0.01667123245068251,
  "topic_means": {
    "ds": 0.3955995293289354,
    "algo": 0.32409316846859554,
    "oops": 0.3933913053725897,
    "dbms": 0.0,
    "os": 0.0,
    "cn": 0.0,
    "system_design": 0.0
  },
  "consecutive_low_scores": 1,
  "safety_constraints_applied": true
}