{
  "total_episodes": 1629,
  "epoch": 4,
  "epoch_episode": 129,
  "question_number": 8,
  "topic": "ds",
  "subtopic": "Heaps",
  "difficulty": 1.188,
  "performance": 0.07277223374058706,
  "time_taken": 10.971774370372543,
  "actor_loss": 0.024956005825965064,
  "value_loss": 22.943002230896575,
  "entropy_loss": 0.006720139408419645,
  "topic_means": {
    "ds": 0.1151599759716427,
    "algo": 0.21558465272311783,
    "oops": 0.11413077715319896,
    "dbms": 0.0,
    "os": 0.16803369739109789,
    "cn": 0.0,
    "system_design": 0.0
  },
  "consecutive_low_scores": 6,
  "safety_constraints_applied": true
}