{
  "total_episodes": 308,
  "epoch": 1,
  "epoch_episode": 308,
  "question_number": 2,
  "topic": "oops",
  "subtopic": "Inheritance",
  "difficulty": 3.4436889176905394,
  "performance": 0.4836921449421582,
  "time_taken": 9.801105119575302,
  "actor_loss": -0.004782634961629828,
  "value_loss": 22.47690233226753,
  "entropy_loss": -0.006795458809164828,
  "topic_means": {
    "ds": 0.0,
    "algo": 0.0,
    "oops": 0.4836921449421582,
    "dbms": 0.0,
    "os": 0.14789630589684646,
    "cn": 0.0,
    "system_design": 0.0
  },
  "consecutive_low_scores": 1,
  "safety_constraints_applied": true
}