{
  "total_episodes": 304,
  "epoch": 1,
  "epoch_episode": 304,
  "question_number": 10,
  "topic": "oops",
  "subtopic": "Design Patterns",
  "difficulty": 1.188,
  "performance": 0.10412217143380081,
  "time_taken": 12.881740379238542,
  "actor_loss": 0.0021485362988039,
  "value_loss": 21.12544635461747,
  "entropy_loss": -0.00675623945591852,
  "topic_means": {
    "ds": 0.10719818417227611,
    "algo": 0.11697608410297136,
    "oops": 0.0946202071081327,
    "dbms": 0.0,
    "os": 0.25464500078823427,
    "cn": 0.0,
    "system_design": 0.0
  },
  "consecutive_low_scores": 9,
  "safety_constraints_applied": true
}