{
  "total_episodes": 1434,
  "epoch": 3,
  "epoch_episode": 434,
  "question_number": 6,
  "topic": "ds",
  "subtopic": "Heaps",
  "difficulty": 1.584,
  "performance": 0.13035952809558982,
  "time_taken": 12.023676219754982,
  "actor_loss": -0.00034695055153290756,
  "value_loss": 23.428285502665982,
  "entropy_loss": 0.004763634729949415,
  "topic_means": {
    "ds": 0.12456952573502636,
    "algo": 0.13819315149024733,
    "oops": 0.20883032416288022,
    "dbms": 0.0,
    "os": 0.0,
    "cn": 0.0,
    "system_design": 0.0
  },
  "consecutive_low_scores": 5,
  "safety_constraints_applied": true
}