{
  "total_episodes": 522,
  "epoch": 2,
  "epoch_episode": 22,
  "question_number": 6,
  "topic": "algo",
  "subtopic": "Dynamic Programming",
  "difficulty": 1.188,
  "performance": 0.08290746360501043,
  "time_taken": 14.17158670827519,
  "actor_loss": 0.00014832762337115002,
  "value_loss": 24.499349790345892,
  "entropy_loss": -0.003833422007137726,
  "topic_means": {
    "ds": 0.19146669937045213,
    "algo": 0.11402653227397685,
    "oops": 0.18562127745020263,
    "dbms": 0.15417746509755845,
    "os": 0.0,
    "cn": 0.0,
    "system_design": 0.0
  },
  "consecutive_low_scores": 5,
  "safety_constraints_applied": true
}