{
  "total_episodes": 1959,
  "epoch": 4,
  "epoch_episode": 459,
  "question_number": 4,
  "topic": "oops",
  "subtopic": "Classes",
  "difficulty": 1.188,
  "performance": 0.12280379418088733,
  "time_taken": 12.175420101599741,
  "actor_loss": 0.012404210467183098,
  "value_loss": 26.191067037340133,
  "entropy_loss": 0.006475707402727009,
  "topic_means": {
    "ds": 0.0,
    "algo": 0.22734332248035105,
    "oops": 0.12972207846776007,
    "dbms": 0.0,
    "os": 0.0,
    "cn": 0.15582667665442107,
    "system_design": 0.0
  },
  "consecutive_low_scores": 3,
  "safety_constraints_applied": true
}