{
  "total_episodes": 464,
  "epoch": 1,
  "epoch_episode": 464,
  "question_number": 10,
  "topic": "oops",
  "subtopic": "Design Patterns",
  "difficulty": 1.188,
  "performance": 0.08486686866531801,
  "time_taken": 16.179859612032445,
  "actor_loss": -0.00359523173188699,
  "value_loss": 21.297329685467094,
  "entropy_loss": -0.0034758578770903445,
  "topic_means": {
    "ds": 0.21448066854989475,
    "algo": 0.1602735405076408,
    "oops": 0.09738665877966898,
    "dbms": 0.0,
    "os": 0.0,
    "cn": 0.0,
    "system_design": 0.0
  },
  "consecutive_low_scores": 9,
  "safety_constraints_applied": true
}