{
  "total_episodes": 1360,
  "epoch": 3,
  "epoch_episode": 360,
  "question_number": 10,
  "topic": "ds",
  "subtopic": "Trees",
  "difficulty": 2.7468435854361597,
  "performance": 0.4043721962908322,
  "time_taken": 9.272545474572707,
  "actor_loss": -0.0033690396389224387,
  "value_loss": 25.8447365168678,
  "entropy_loss": 0.004658750684195164,
  "topic_means": {
    "ds": 0.4273297724557183,
    "algo": 0.36927712136579643,
    "oops": 0.14110354629535268,
    "dbms": 0.0,
    "os": 0.0,
    "cn": 0.0,
    "system_design": 0.0
  },
  "consecutive_low_scores": 3,
  "safety_constraints_applied": true
}