{
  "total_episodes": 826,
  "epoch": 2,
  "epoch_episode": 326,
  "question_number": 6,
  "topic": "oops",
  "subtopic": "Abstraction",
  "difficulty": 3.6629760253415107,
  "performance": 0.4632378570374992,
  "time_taken": 8.997764338146194,
  "actor_loss": -0.0005345011416342544,
  "value_loss": 26.85353280307753,
  "entropy_loss": -0.0005852621185339994,
  "topic_means": {
    "ds": 0.42612442429826614,
    "algo": 0.32409316846859554,
    "oops": 0.38660988239511473,
    "dbms": 0.0,
    "os": 0.0,
    "cn": 0.0,
    "system_design": 0.0
  },
  "consecutive_low_scores": 1,
  "safety_constraints_applied": false
}