{
  "total_episodes": 1463,
  "epoch": 3,
  "epoch_episode": 463,
  "question_number": 4,
  "topic": "oops",
  "subtopic": "Abstraction",
  "difficulty": 1.188,
  "performance": 0.11850906478099475,
  "time_taken": 17.45098991701166,
  "actor_loss": -2.418815705200611e-05,
  "value_loss": 24.639772432855793,
  "entropy_loss": 0.0049949100033744665,
  "topic_means": {
    "ds": 0.0,
    "algo": 0.0,
    "oops": 0.12882355532450498,
    "dbms": 0.0,
    "os": 0.2745903756687576,
    "cn": 0.0,
    "system_design": 0.0
  },
  "consecutive_low_scores": 3,
  "safety_constraints_applied": true
}