{
  "total_episodes": 1584,
  "epoch": 4,
  "epoch_episode": 84,
  "question_number": 10,
  "topic": "ds",
  "subtopic": "Heaps",
  "difficulty": 2.5200690269476747,
  "performance": 0.4120771072552015,
  "time_taken": 8.738557878829425,
  "actor_loss": 0.0058364110706279095,
  "value_loss": 25.119306556999742,
  "entropy_loss": 0.006344582972509602,
  "topic_means": {
    "ds": 0.3896538216704517,
    "algo": 0.2779076276434104,
    "oops": 0.19975083091497237,
    "dbms": 0.0,
    "os": 0.0,
    "cn": 0.0,
    "system_design": 0.14581387775194704
  },
  "consecutive_low_scores": 4,
  "safety_constraints_applied": true
}