{
  "total_episodes": 288,
  "epoch": 1,
  "epoch_episode": 288,
  "question_number": 10,
  "topic": "algo",
  "subtopic": "Backtracking",
  "difficulty": 2.8474225335204717,
  "performance": 0.3516296183415417,
  "time_taken": 9.533604425912333,
  "actor_loss": -0.0012006272543350293,
  "value_loss": 25.033278350955772,
  "entropy_loss": -0.006924902663111148,
  "topic_means": {
    "ds": 0.38444350892695056,
    "algo": 0.32646988446659364,
    "oops": 0.48779940281139583,
    "dbms": 0.0,
    "os": 0.0,
    "cn": 0.0,
    "system_design": 0.2613685233254275
  },
  "consecutive_low_scores": 2,
  "safety_constraints_applied": true
}