{
  "total_episodes": 2084,
  "epoch": 5,
  "epoch_episode": 84,
  "question_number": 2,
  "topic": "algo",
  "subtopic": "Sorting",
  "difficulty": 4.506833227743836,
  "performance": 0.3484576857964878,
  "time_taken": 11.445155832909055,
  "actor_loss": -0.001060462194922561,
  "value_loss": 28.286549269097105,
  "entropy_loss": 0.004062965795262284,
  "topic_means": {
    "ds": 0.0,
    "algo": 0.3484576857964878,
    "oops": 0.0,
    "dbms": 0.0,
    "os": 0.0,
    "cn": 0.0,
    "system_design": 0.16894440924794518
  },
  "consecutive_low_scores": 1,
  "safety_constraints_applied": true
}