{
  "total_episodes": 1786,
  "epoch": 4,
  "epoch_episode": 286,
  "question_number": 6,
  "topic": "ds",
  "subtopic": "Arrays",
  "difficulty": 1.584,
  "performance": 0.4888559184886966,
  "time_taken": 8.206249488932166,
  "actor_loss": 0.004249386416273473,
  "value_loss": 26.891144107283054,
  "entropy_loss": 0.007855449991556816,
  "topic_means": {
    "ds": 0.4888559184886966,
    "algo": 0.25537464472929144,
    "oops": 0.15958271381472747,
    "dbms": 0.0,
    "os": 0.0,
    "cn": 0.0,
    "system_design": 0.0
  },
  "consecutive_low_scores": 4,
  "safety_constraints_applied": true
}