{
  "total_episodes": 628,
  "epoch": 2,
  "epoch_episode": 128,
  "question_number": 2,
  "topic": "oops",
  "subtopic": "Polymorphism",
  "difficulty": 3.48308856650322,
  "performance": 0.3177000143934511,
  "time_taken": 14.812781987698537,
  "actor_loss": 0.0007876023237237583,
  "value_loss": 25.37808273867737,
  "entropy_loss": -0.002081240878775671,
  "topic_means": {
    "ds": 0.0,
    "algo": 0.16102952216774002,
    "oops": 0.3177000143934511,
    "dbms": 0.0,
    "os": 0.0,
    "cn": 0.0,
    "system_design": 0.0
  },
  "consecutive_low_scores": 1,
  "safety_constraints_applied": true
}