{
  "total_episodes": 388,
  "epoch": 1,
  "epoch_episode": 388,
  "question_number": 2,
  "topic": "oops",
  "subtopic": "Inheritance",
  "difficulty": 3.4731396168843953,
  "performance": 0.4203605447019565,
  "time_taken": 12.3888172806646,
  "actor_loss": 0.006124909287607254,
  "value_loss": 26.543817058467244,
  "entropy_loss": -0.0054030999078101775,
  "topic_means": {
    "ds": 0.15771320562813174,
    "algo": 0.0,
    "oops": 0.4203605447019565,
    "dbms": 0.0,
    "os": 0.0,
    "cn": 0.0,
    "system_design": 0.0
  },
  "consecutive_low_scores": 1,
  "safety_constraints_applied": true
}