{
  "total_episodes": 711,
  "epoch": 2,
  "epoch_episode": 211,
  "question_number": 4,
  "topic": "ds",
  "subtopic": "Graphs",
  "difficulty": 1.584,
  "performance": 0.3612698554353822,
  "time_taken": 18.123222599553777,
  "actor_loss": -0.004966627248908936,
  "value_loss": 26.687799363884427,
  "entropy_loss": -0.0024090454853197664,
  "topic_means": {
    "ds": 0.3612698554353822,
    "algo": 0.21762334777871659,
    "oops": 0.0,
    "dbms": 0.0,
    "os": 0.0,
    "cn": 0.0,
    "system_design": 0.1671457744485388
  },
  "consecutive_low_scores": 3,
  "safety_constraints_applied": true
}