{
  "total_episodes": 1588,
  "epoch": 4,
  "epoch_episode": 88,
  "question_number": 2,
  "topic": "ds",
  "subtopic": "Heaps",
  "difficulty": 3.4648139344700772,
  "performance": 0.27311977673694415,
  "time_taken": 9.681752032802947,
  "actor_loss": -0.003103975815028115,
  "value_loss": 23.35570624863029,
  "entropy_loss": 0.006311947620494397,
  "topic_means": {
    "ds": 0.27311977673694415,
    "algo": 0.0,
    "oops": 0.15493797815669239,
    "dbms": 0.0,
    "os": 0.0,
    "cn": 0.0,
    "system_design": 0.0
  },
  "consecutive_low_scores": 1,
  "safety_constraints_applied": true
}