{
  "total_episodes": 87,
  "epoch": 1,
  "epoch_episode": 87,
  "question_number": 4,
  "topic": "ds",
  "subtopic": "Heaps",
  "difficulty": 1.584,
  "performance": 0.2904177118615812,
  "time_taken": 8.440639997658721,
  "actor_loss": 0.008694793654939274,
  "value_loss": 29.857292856989357,
  "entropy_loss": -0.01326620423440203,
  "topic_means": {
    "ds": 0.2904177118615812,
    "algo": 0.26182107202483207,
    "oops": 0.292655831737516,
    "dbms": 0.0,
    "os": 0.0,
    "cn": 0.0,
    "system_design": 0.14681670470225966
  },
  "consecutive_low_scores": 3,
  "safety_constraints_applied": true
}