{
  "total_episodes": 554,
  "epoch": 2,
  "epoch_episode": 54,
  "question_number": 6,
  "topic": "oops",
  "subtopic": "Design Patterns",
  "difficulty": 1.188,
  "performance": 0.13236344247188797,
  "time_taken": 9.641847815113396,
  "actor_loss": -0.0006213002299648628,
  "value_loss": 24.3701545888105,
  "entropy_loss": -0.0031231198394352814,
  "topic_means": {
    "ds": 0.0,
    "algo": 0.17145082725057872,
    "oops": 0.1462440050822018,
    "dbms": 0.0,
    "os": 0.0,
    "cn": 0.0,
    "system_design": 0.0
  },
  "consecutive_low_scores": 5,
  "safety_constraints_applied": true
}