{
  "total_episodes": 829,
  "epoch": 2,
  "epoch_episode": 329,
  "question_number": 8,
  "topic": "algo",
  "subtopic": "Sorting",
  "difficulty": 1.188,
  "performance": 0.09875087547051835,
  "time_taken": 14.509250818314861,
  "actor_loss": -0.003008830616346678,
  "value_loss": 28.65345089061656,
  "entropy_loss": -0.0005377215447102646,
  "topic_means": {
    "ds": 0.416430512461597,
    "algo": 0.09195514051515141,
    "oops": 0.15349578702576974,
    "dbms": 0.0,
    "os": 0.0,
    "cn": 0.0,
    "system_design": 0.1596395135307309
  },
  "consecutive_low_scores": 5,
  "safety_constraints_applied": true
}