{
  "total_episodes": 1930,
  "epoch": 4,
  "epoch_episode": 430,
  "question_number": 6,
  "topic": "ds",
  "subtopic": "Linked Lists",
  "difficulty": 3.9566677702538047,
  "performance": 0.169875784832191,
  "time_taken": 7.7829518426311655,
  "actor_loss": -0.0006652551829336797,
  "value_loss": 30.423169926165723,
  "entropy_loss": 0.006608624291925111,
  "topic_means": {
    "ds": 0.169875784832191,
    "algo": 0.3276363058681328,
    "oops": 0.3709078697759433,
    "dbms": 0.0,
    "os": 0.14789630589684646,
    "cn": 0.0,
    "system_design": 0.0
  },
  "consecutive_low_scores": 1,
  "safety_constraints_applied": true
}