{
  "total_episodes": 800,
  "epoch": 2,
  "epoch_episode": 300,
  "question_number": 10,
  "topic": "oops",
  "subtopic": "Classes",
  "difficulty": 2.3932230807420907,
  "performance": 0.46372143102377034,
  "time_taken": 6.882866930408208,
  "actor_loss": 0.0021022867912308795,
  "value_loss": 18.970839182079867,
  "entropy_loss": -0.0005271927451056545,
  "topic_means": {
    "ds": 0.12257763578179647,
    "algo": 0.15412396495220743,
    "oops": 0.44830681173523274,
    "dbms": 0.0,
    "os": 0.0,
    "cn": 0.0,
    "system_design": 0.0
  },
  "consecutive_low_scores": 6,
  "safety_constraints_applied": true
}