{
  "total_episodes": 916,
  "epoch": 2,
  "epoch_episode": 416,
  "question_number": 2,
  "topic": "oops",
  "subtopic": "Classes",
  "difficulty": 3.4317771820929472,
  "performance": 0.4154304625193865,
  "time_taken": 10.637500964196265,
  "actor_loss": 0.0005681945009531157,
  "value_loss": 26.555833038812786,
  "entropy_loss": 0.0008864612350833365,
  "topic_means": {
    "ds": 0.0,
    "algo": 0.0,
    "oops": 0.4154304625193865,
    "dbms": 0.0,
    "os": 0.0,
    "cn": 0.14392572736431572,
    "system_design": 0.0
  },
  "consecutive_low_scores": 1,
  "safety_constraints_applied": true
}