{
  "total_episodes": 1344,
  "epoch": 3,
  "epoch_episode": 344,
  "question_number": 10,
  "topic": "ds",
  "subtopic": "Linked Lists",
  "difficulty": 1.188,
  "performance": 0.08071505707482594,
  "time_taken": 13.374918384390753,
  "actor_loss": 0.0018224930249823204,
  "value_loss": 21.8731167138747,
  "entropy_loss": 0.005061250221315014,
  "topic_means": {
    "ds": 0.09668463043310818,
    "algo": 0.27154684476487806,
    "oops": 0.12724984168287726,
    "dbms": 0.0,
    "os": 0.0,
    "cn": 0.0,
    "system_design": 0.0
  },
  "consecutive_low_scores": 9,
  "safety_constraints_applied": true
}