{
  "total_episodes": 1831,
  "epoch": 4,
  "epoch_episode": 331,
  "question_number": 4,
  "topic": "algo",
  "subtopic": "Dynamic Programming",
  "difficulty": 1.188,
  "performance": 0.1356060050383614,
  "time_taken": 9.560820922669125,
  "actor_loss": 0.002065427555420506,
  "value_loss": 23.26279514727306,
  "entropy_loss": 0.007649455374494916,
  "topic_means": {
    "ds": 0.0,
    "algo": 0.14388412946821755,
    "oops": 0.28661506638619255,
    "dbms": 0.0,
    "os": 0.0,
    "cn": 0.0,
    "system_design": 0.0
  },
  "consecutive_low_scores": 3,
  "safety_constraints_applied": true
}