{
  "total_episodes": 346,
  "epoch": 1,
  "epoch_episode": 346,
  "question_number": 6,
  "topic": "ds",
  "subtopic": "Graphs",
  "difficulty": 1.188,
  "performance": 0.21310087099176245,
  "time_taken": 12.478607646145852,
  "actor_loss": 0.004466559879144211,
  "value_loss": 24.23344292580204,
  "entropy_loss": -0.005676258959186321,
  "topic_means": {
    "ds": 0.17048147861514934,
    "algo": 0.2643426075642434,
    "oops": 0.14316510101293606,
    "dbms": 0.0,
    "os": 0.0,
    "cn": 0.0,
    "system_design": 0.0
  },
  "consecutive_low_scores": 5,
  "safety_constraints_applied": true
}