{
  "total_episodes": 426,
  "epoch": 1,
  "epoch_episode": 426,
  "question_number": 6,
  "topic": "oops",
  "subtopic": "Abstraction",
  "difficulty": 3.0858681208704284,
  "performance": 0.3091005559856897,
  "time_taken": 8.657150027721897,
  "actor_loss": -0.0026814507773814467,
  "value_loss": 31.290069182771276,
  "entropy_loss": -0.005150234515531498,
  "topic_means": {
    "ds": 0.23538755697516517,
    "algo": 0.34269686826144474,
    "oops": 0.21473378859148806,
    "dbms": 0.0,
    "os": 0.16650428109287446,
    "cn": 0.0,
    "system_design": 0.0
  },
  "consecutive_low_scores": 3,
  "safety_constraints_applied": true
}