{
  "total_episodes": 1780,
  "epoch": 4,
  "epoch_episode": 280,
  "question_number": 2,
  "topic": "oops",
  "subtopic": "Classes",
  "difficulty": 3.4830198479626713,
  "performance": 0.2838191841600278,
  "time_taken": 11.07767617079675,
  "actor_loss": -0.0003026996596162318,
  "value_loss": 25.41858214792124,
  "entropy_loss": 0.007899267054617323,
  "topic_means": {
    "ds": 0.0,
    "algo": 0.0,
    "oops": 0.2838191841600278,
    "dbms": 0.0,
    "os": 0.0,
    "cn": 0.0,
    "system_design": 0.16100661598755703
  },
  "consecutive_low_scores": 1,
  "safety_constraints_applied": true
}