{
  "total_episodes": 167,
  "epoch": 1,
  "epoch_episode": 167,
  "question_number": 4,
  "topic": "oops",
  "subtopic": "Design Patterns",
  "difficulty": 1.584,
  "performance": 0.2837330350855894,
  "time_taken": 8.440164294347747,
  "actor_loss": -0.012343530679227856,
  "value_loss": 29.932450967062977,
  "entropy_loss": -0.010696648327039423,
  "topic_means": {
    "ds": 0.0,
    "algo": 0.15719673643780374,
    "oops": 0.2837330350855894,
    "dbms": 0.0,
    "os": 0.0,
    "cn": 0.2772425273664959,
    "system_design": 0.0
  },
  "consecutive_low_scores": 3,
  "safety_constraints_applied": true
}