{
  "total_episodes": 1415,
  "epoch": 3,
  "epoch_episode": 415,
  "question_number": 4,
  "topic": "ds",
  "subtopic": "Heaps",
  "difficulty": 1.584,
  "performance": 0.11519476647791117,
  "time_taken": 12.676637268660617,
  "actor_loss": 0.0015584629828033713,
  "value_loss": 22.06292666550275,
  "entropy_loss": 0.005045830802509655,
  "topic_means": {
    "ds": 0.13800846776604153,
    "algo": 0.26455113419990844,
    "oops": 0.0,
    "dbms": 0.0,
    "os": 0.0,
    "cn": 0.0,
    "system_design": 0.0
  },
  "consecutive_low_scores": 3,
  "safety_constraints_applied": true
}