{
  "total_episodes": 1856,
  "epoch": 4,
  "epoch_episode": 356,
  "question_number": 10,
  "topic": "oops",
  "subtopic": "Polymorphism",
  "difficulty": 3.184949742720486,
  "performance": 0.4318167650586911,
  "time_taken": 11.46202755898773,
  "actor_loss": -0.011514923717490393,
  "value_loss": 24.756709698601686,
  "entropy_loss": 0.007907487114633866,
  "topic_means": {
    "ds": 0.0948286129838169,
    "algo": 0.5206145364591849,
    "oops": 0.4509805331029808,
    "dbms": 0.15868144059605813,
    "os": 0.0,
    "cn": 0.0,
    "system_design": 0.0
  },
  "consecutive_low_scores": 4,
  "safety_constraints_applied": true
}