{
  "total_episodes": 1165,
  "epoch": 3,
  "epoch_episode": 165,
  "question_number": 8,
  "topic": "algo",
  "subtopic": "Dynamic Programming",
  "difficulty": 3.079247703133253,
  "performance": 0.3144241681791703,
  "time_taken": 11.821508705419763,
  "actor_loss": -0.0006478354365097198,
  "value_loss": 21.74191570217834,
  "entropy_loss": 0.0024602526815131597,
  "topic_means": {
    "ds": 0.2404851399820379,
    "algo": 0.3052957977078581,
    "oops": 0.1552257298181221,
    "dbms": 0.0,
    "os": 0.0,
    "cn": 0.0,
    "system_design": 0.0
  },
  "consecutive_low_scores": 5,
  "safety_constraints_applied": true
}