{
  "total_episodes": 250,
  "epoch": 1,
  "epoch_episode": 250,
  "question_number": 6,
  "topic": "ds",
  "subtopic": "Linked Lists",
  "difficulty": 4.602970566663893,
  "performance": 0.31893502961805087,
  "time_taken": 13.001707610288427,
  "actor_loss": -0.005155967943007674,
  "value_loss": 22.215218105327814,
  "entropy_loss": -0.008263608547964745,
  "topic_means": {
    "ds": 0.31893502961805087,
    "algo": 0.0,
    "oops": 0.5288495921413827,
    "dbms": 0.0,
    "os": 0.0,
    "cn": 0.0,
    "system_design": 0.3249066939155627
  },
  "consecutive_low_scores": 0,
  "safety_constraints_applied": true
}