{
  "total_episodes": 1229,
  "epoch": 3,
  "epoch_episode": 229,
  "question_number": 8,
  "topic": "oops",
  "subtopic": "Abstraction",
  "difficulty": 3.2974825062616775,
  "performance": 0.4056189909541126,
  "time_taken": 7.405760476206512,
  "actor_loss": -0.00020413749459672614,
  "value_loss": 22.23954039158132,
  "entropy_loss": 0.003580168547262969,
  "topic_means": {
    "ds": 0.2653294691973273,
    "algo": 0.3062973652134424,
    "oops": 0.4432334848127693,
    "dbms": 0.0,
    "os": 0.0,
    "cn": 0.0,
    "system_design": 0.0
  },
  "consecutive_low_scores": 3,
  "safety_constraints_applied": true
}