{
  "total_episodes": 2340,
  "epoch": 5,
  "epoch_episode": 340,
  "question_number": 2,
  "topic": "ds",
  "subtopic": "Heaps",
  "difficulty": 3.422064133968569,
  "performance": 0.408838378977123,
  "time_taken": 9.606057752604546,
  "actor_loss": 0.010105942132318562,
  "value_loss": 26.22141262170826,
  "entropy_loss": 0.006235405810360689,
  "topic_means": {
    "ds": 0.408838378977123,
    "algo": 0.0,
    "oops": 0.1406880446561896,
    "dbms": 0.0,
    "os": 0.0,
    "cn": 0.0,
    "system_design": 0.0
  },
  "consecutive_low_scores": 1,
  "safety_constraints_applied": true
}