{
  "total_episodes": 855,
  "epoch": 2,
  "epoch_episode": 355,
  "question_number": 4,
  "topic": "algo",
  "subtopic": "Greedy",
  "difficulty": 3.211481517754474,
  "performance": 0.37462967486507526,
  "time_taken": 8.196386475469577,
  "actor_loss": -0.00024940178177631394,
  "value_loss": 23.23119156816636,
  "entropy_loss": -0.00011624857804427755,
  "topic_means": {
    "ds": 0.15687158301918533,
    "algo": 0.3013956003406213,
    "oops": 0.48084797867142604,
    "dbms": 0.0,
    "os": 0.0,
    "cn": 0.0,
    "system_design": 0.0
  },
  "consecutive_low_scores": 2,
  "safety_constraints_applied": true
}