{
  "total_episodes": 1760,
  "epoch": 4,
  "epoch_episode": 260,
  "question_number": 10,
  "topic": "algo",
  "subtopic": "Searching",
  "difficulty": 1.188,
  "performance": 0.24595088738141985,
  "time_taken": 8.693922762917696,
  "actor_loss": 0.015573638678723772,
  "value_loss": 27.325985923319415,
  "entropy_loss": 0.008006537467518554,
  "topic_means": {
    "ds": 0.19386237817140056,
    "algo": 0.15261323429832957,
    "oops": 0.19841295587256774,
    "dbms": 0.0,
    "os": 0.0,
    "cn": 0.14488061038212183,
    "system_design": 0.0
  },
  "consecutive_low_scores": 8,
  "safety_constraints_applied": true
}