{
  "total_episodes": 509,
  "epoch": 2,
  "epoch_episode": 9,
  "question_number": 8,
  "topic": "oops",
  "subtopic": "Classes",
  "difficulty": 1.188,
  "performance": 0.1662345515548279,
  "time_taken": 10.397382258807394,
  "actor_loss": 0.00038644734084197806,
  "value_loss": 23.613736389045194,
  "entropy_loss": -0.003966354380336175,
  "topic_means": {
    "ds": 0.12087598239709312,
    "algo": 0.1021887613882531,
    "oops": 0.1422077310338762,
    "dbms": 0.0,
    "os": 0.0,
    "cn": 0.0,
    "system_design": 0.1538105997487661
  },
  "consecutive_low_scores": 7,
  "safety_constraints_applied": true
}