{
  "total_episodes": 1616,
  "epoch": 4,
  "epoch_episode": 116,
  "question_number": 10,
  "topic": "algo",
  "subtopic": "Backtracking",
  "difficulty": 2.8474225335204717,
  "performance": 0.3516296183415417,
  "time_taken": 9.533604425912333,
  "actor_loss": -0.009352606905956917,
  "value_loss": 36.69938911222541,
  "entropy_loss": 0.006601335803006462,
  "topic_means": {
    "ds": 0.38444350892695056,
    "algo": 0.32646988446659364,
    "oops": 0.48779940281139583,
    "dbms": 0.0,
    "os": 0.0,
    "cn": 0.0,
    "system_design": 0.2613685233254275
  },
  "consecutive_low_scores": 2,
  "safety_constraints_applied": true
}