{
  "total_episodes": 247,
  "epoch": 1,
  "epoch_episode": 247,
  "question_number": 4,
  "topic": "oops",
  "subtopic": "Abstraction",
  "difficulty": 3.203388085304616,
  "performance": 0.37171148325331466,
  "time_taken": 14.150134148026495,
  "actor_loss": -0.0012403200369344712,
  "value_loss": 18.537887013719477,
  "entropy_loss": -0.0082128105798139,
  "topic_means": {
    "ds": 0.23515876142446385,
    "algo": 0.4510371420175694,
    "oops": 0.26956694543944065,
    "dbms": 0.0,
    "os": 0.0,
    "cn": 0.0,
    "system_design": 0.0
  },
  "consecutive_low_scores": 2,
  "safety_constraints_applied": true
}