{
  "total_episodes": 1104,
  "epoch": 3,
  "epoch_episode": 104,
  "question_number": 10,
  "topic": "algo",
  "subtopic": "Dynamic Programming",
  "difficulty": 1.188,
  "performance": 0.17189826926790688,
  "time_taken": 7.8180056495705825,
  "actor_loss": 0.0017430736995976727,
  "value_loss": 19.246905331080594,
  "entropy_loss": 0.0026429392747435673,
  "topic_means": {
    "ds": 0.08536962067059158,
    "algo": 0.1506874659057118,
    "oops": 0.10330599763478604,
    "dbms": 0.0,
    "os": 0.0,
    "cn": 0.0,
    "system_design": 0.0
  },
  "consecutive_low_scores": 9,
  "safety_constraints_applied": true
}