{
  "total_episodes": 48,
  "epoch": 1,
  "epoch_episode": 48,
  "question_number": 10,
  "topic": "algo",
  "subtopic": "Greedy",
  "difficulty": 1.188,
  "performance": 0.04893859333497785,
  "time_taken": 11.075035023867237,
  "actor_loss": 0.004761126075751716,
  "value_loss": 24.950988069217935,
  "entropy_loss": -0.015067371085295924,
  "topic_means": {
    "ds": 0.13931883649910842,
    "algo": 0.091971753158343,
    "oops": 0.36088076215153997,
    "dbms": 0.0,
    "os": 0.0,
    "cn": 0.282036251341365,
    "system_design": 0.0
  },
  "consecutive_low_scores": 7,
  "safety_constraints_applied": true
}