{
  "total_episodes": 487,
  "epoch": 1,
  "epoch_episode": 487,
  "question_number": 4,
  "topic": "algo",
  "subtopic": "Sorting",
  "difficulty": 2.461202268973488,
  "performance": 0.22448957670801462,
  "time_taken": 12.173912611428507,
  "actor_loss": 0.0029017909576197795,
  "value_loss": 20.353709797296656,
  "entropy_loss": -0.0042283476751898055,
  "topic_means": {
    "ds": 0.12999630923728128,
    "algo": 0.22448957670801462,
    "oops": 0.4357367779781754,
    "dbms": 0.0,
    "os": 0.0,
    "cn": 0.0,
    "system_design": 0.16336125971407078
  },
  "consecutive_low_scores": 2,
  "safety_constraints_applied": true
}