{
  "total_episodes": 231,
  "epoch": 1,
  "epoch_episode": 231,
  "question_number": 4,
  "topic": "algo",
  "subtopic": "Greedy",
  "difficulty": 1.188,
  "performance": 0.2176682750763737,
  "time_taken": 9.324218266141477,
  "actor_loss": -8.1204706603831e-05,
  "value_loss": 21.960815472908155,
  "entropy_loss": -0.00855429898588444,
  "topic_means": {
    "ds": 0.16183086140977643,
    "algo": 0.2176682750763737,
    "oops": 0.15258338007541755,
    "dbms": 0.0,
    "os": 0.0,
    "cn": 0.0,
    "system_design": 0.0
  },
  "consecutive_low_scores": 3,
  "safety_constraints_applied": true
}