{
  "total_episodes": 183,
  "epoch": 1,
  "epoch_episode": 183,
  "question_number": 4,
  "topic": "oops",
  "subtopic": "Design Patterns",
  "difficulty": 1.584,
  "performance": 0.13699227176952294,
  "time_taken": 19.35325984423525,
  "actor_loss": -0.004206596761842613,
  "value_loss": 22.056759874281187,
  "entropy_loss": -0.009836717626287819,
  "topic_means": {
    "ds": 0.0,
    "algo": 0.15679502715460145,
    "oops": 0.1352357294316845,
    "dbms": 0.0,
    "os": 0.1611444432902284,
    "cn": 0.0,
    "system_design": 0.0
  },
  "consecutive_low_scores": 3,
  "safety_constraints_applied": true
}