{
  "total_episodes": 2244,
  "epoch": 5,
  "epoch_episode": 244,
  "question_number": 2,
  "topic": "ds",
  "subtopic": "Heaps",
  "difficulty": 3.501228773613682,
  "performance": 0.1292304261960489,
  "time_taken": 8.457906595402875,
  "actor_loss": 0.005212640929206168,
  "value_loss": 27.88050114720707,
  "entropy_loss": 0.004920793535869501,
  "topic_means": {
    "ds": 0.1292304261960489,
    "algo": 0.16707625787122735,
    "oops": 0.0,
    "dbms": 0.0,
    "os": 0.0,
    "cn": 0.0,
    "system_design": 0.0
  },
  "consecutive_low_scores": 1,
  "safety_constraints_applied": true
}