{
  "total_episodes": 1146,
  "epoch": 3,
  "epoch_episode": 146,
  "question_number": 6,
  "topic": "ds",
  "subtopic": "Linked Lists",
  "difficulty": 2.4807900837865637,
  "performance": 0.3792025335651188,
  "time_taken": 10.99396968931202,
  "actor_loss": -0.0026193174257887844,
  "value_loss": 21.786761015852388,
  "entropy_loss": 0.002325904945163285,
  "topic_means": {
    "ds": 0.4316150554136834,
    "algo": 0.12093134829016353,
    "oops": 0.20486635153572075,
    "dbms": 0.0,
    "os": 0.0,
    "cn": 0.0,
    "system_design": 0.0
  },
  "consecutive_low_scores": 2,
  "safety_constraints_applied": true
}