{
  "total_episodes": 1277,
  "epoch": 3,
  "epoch_episode": 277,
  "question_number": 8,
  "topic": "algo",
  "subtopic": "Greedy",
  "difficulty": 2.49524964950863,
  "performance": 0.06957822962950144,
  "time_taken": 21.394156876930467,
  "actor_loss": -0.0018239790515977496,
  "value_loss": 22.29864354265012,
  "entropy_loss": 0.004157286025224248,
  "topic_means": {
    "ds": 0.2136994731028451,
    "algo": 0.20039092335927608,
    "oops": 0.14550620328000688,
    "dbms": 0.0,
    "os": 0.0,
    "cn": 0.0,
    "system_design": 0.15022310708953537
  },
  "consecutive_low_scores": 6,
  "safety_constraints_applied": true
}