{
  "total_episodes": 1338,
  "epoch": 3,
  "epoch_episode": 338,
  "question_number": 6,
  "topic": "ds",
  "subtopic": "Arrays",
  "difficulty": 2.790622774852461,
  "performance": 0.08191299345160759,
  "time_taken": 13.015762487493731,
  "actor_loss": -0.000593206305302594,
  "value_loss": 27.48330567555333,
  "entropy_loss": 0.0047821087876278945,
  "topic_means": {
    "ds": 0.13886701101707924,
    "algo": 0.5138298644193742,
    "oops": 0.0,
    "dbms": 0.14860431328022525,
    "os": 0.0,
    "cn": 0.0,
    "system_design": 0.0
  },
  "consecutive_low_scores": 3,
  "safety_constraints_applied": true
}