{
  "total_episodes": 714,
  "epoch": 2,
  "epoch_episode": 214,
  "question_number": 6,
  "topic": "oops",
  "subtopic": "Inheritance",
  "difficulty": 1.584,
  "performance": 0.13477122519861667,
  "time_taken": 16.286487182212277,
  "actor_loss": 0.00542774102499957,
  "value_loss": 23.486740732783158,
  "entropy_loss": -0.0022802753072263676,
  "topic_means": {
    "ds": 0.11647565531624281,
    "algo": 0.1919721735800099,
    "oops": 0.1332793123378443,
    "dbms": 0.16098122220336136,
    "os": 0.0,
    "cn": 0.0,
    "system_design": 0.0
  },
  "consecutive_low_scores": 5,
  "safety_constraints_applied": true
}