{
  "total_episodes": 2093,
  "epoch": 5,
  "epoch_episode": 93,
  "question_number": 8,
  "topic": "algo",
  "subtopic": "Sorting",
  "difficulty": 1.188,
  "performance": 0.207693309212948,
  "time_taken": 9.39449782348946,
  "actor_loss": 0.0007429290305088182,
  "value_loss": 30.737245998128248,
  "entropy_loss": 0.004402730602731057,
  "topic_means": {
    "ds": 0.12262266935949623,
    "algo": 0.17573697449163464,
    "oops": 0.3834557155768196,
    "dbms": 0.0,
    "os": 0.0,
    "cn": 0.0,
    "system_design": 0.0
  },
  "consecutive_low_scores": 5,
  "safety_constraints_applied": true
}