{
  "total_episodes": 794,
  "epoch": 2,
  "epoch_episode": 294,
  "question_number": 6,
  "topic": "algo",
  "subtopic": "Dynamic Programming",
  "difficulty": 2.555725747857256,
  "performance": 0.3021320523995245,
  "time_taken": 9.480739741796597,
  "actor_loss": -0.000267305761028842,
  "value_loss": 26.551371219734712,
  "entropy_loss": -0.0009870538246522888,
  "topic_means": {
    "ds": 0.15856119216386658,
    "algo": 0.34604393133430916,
    "oops": 0.13901276643677804,
    "dbms": 0.0,
    "os": 0.0,
    "cn": 0.0,
    "system_design": 0.0
  },
  "consecutive_low_scores": 4,
  "safety_constraints_applied": true
}