{
  "total_episodes": 1191,
  "epoch": 3,
  "epoch_episode": 191,
  "question_number": 4,
  "topic": "ds",
  "subtopic": "Arrays",
  "difficulty": 1.188,
  "performance": 0.19146669937045213,
  "time_taken": 8.725263404367276,
  "actor_loss": 0.001217944211538911,
  "value_loss": 23.753150688675433,
  "entropy_loss": 0.003319888696460758,
  "topic_means": {
    "ds": 0.19146669937045213,
    "algo": 0.14514560094294326,
    "oops": 0.16529246300895897,
    "dbms": 0.15417746509755845,
    "os": 0.0,
    "cn": 0.0,
    "system_design": 0.0
  },
  "consecutive_low_scores": 3,
  "safety_constraints_applied": true
}