{
  "total_episodes": 2272,
  "epoch": 5,
  "epoch_episode": 272,
  "question_number": 10,
  "topic": "ds",
  "subtopic": "Linked Lists",
  "difficulty": 1.188,
  "performance": 0.11083420803536331,
  "time_taken": 17.223633813319825,
  "actor_loss": 0.025863947264993987,
  "value_loss": 32.45249574023181,
  "entropy_loss": 0.006178879951102972,
  "topic_means": {
    "ds": 0.10795072798453137,
    "algo": 0.08986796952218946,
    "oops": 0.11152004224177385,
    "dbms": 0.0,
    "os": 0.28304432387422895,
    "cn": 0.0,
    "system_design": 0.0
  },
  "consecutive_low_scores": 9,
  "safety_constraints_applied": true
}