{
  "total_episodes": 996,
  "epoch": 2,
  "epoch_episode": 496,
  "question_number": 2,
  "topic": "algo",
  "subtopic": "Searching",
  "difficulty": 4.455763478591711,
  "performance": 0.6118822958905037,
  "time_taken": 7.42592538892321,
  "actor_loss": -0.0024413227154346977,
  "value_loss": 29.05660222750446,
  "entropy_loss": 0.001657428130080661,
  "topic_means": {
    "ds": 0.0,
    "algo": 0.38190172771053704,
    "oops": 0.0,
    "dbms": 0.0,
    "os": 0.0,
    "cn": 0.0,
    "system_design": 0.0
  },
  "consecutive_low_scores": 1,
  "safety_constraints_applied": true
}