{
  "total_episodes": 1530,
  "epoch": 4,
  "epoch_episode": 30,
  "question_number": 6,
  "topic": "oops",
  "subtopic": "Polymorphism",
  "difficulty": 1.584,
  "performance": 0.12615111656378825,
  "time_taken": 16.07060371644895,
  "actor_loss": -0.0027524287532301565,
  "value_loss": 19.620276093305556,
  "entropy_loss": 0.006202387872559982,
  "topic_means": {
    "ds": 0.1691871327528096,
    "algo": 0.34519158884945983,
    "oops": 0.13532008085266042,
    "dbms": 0.0,
    "os": 0.0,
    "cn": 0.0,
    "system_design": 0.0
  },
  "consecutive_low_scores": 4,
  "safety_constraints_applied": true
}