{
  "total_episodes": 858,
  "epoch": 2,
  "epoch_episode": 358,
  "question_number": 6,
  "topic": "ds",
  "subtopic": "Trees",
  "difficulty": 2.627043528471962,
  "performance": 0.12174263552012014,
  "time_taken": 17.15838138500579,
  "actor_loss": -3.979409838145154e-05,
  "value_loss": 26.624709025586434,
  "entropy_loss": -7.679547005256247e-05,
  "topic_means": {
    "ds": 0.12174263552012014,
    "algo": 0.11132697755008701,
    "oops": 0.44842645185208824,
    "dbms": 0.151725547609604,
    "os": 0.0,
    "cn": 0.0,
    "system_design": 0.0
  },
  "consecutive_low_scores": 2,
  "safety_constraints_applied": true
}