{
  "total_episodes": 701,
  "epoch": 2,
  "epoch_episode": 201,
  "question_number": 8,
  "topic": "algo",
  "subtopic": "Greedy",
  "difficulty": 3.1588137428886123,
  "performance": 0.10249654856320015,
  "time_taken": 14.18484722707593,
  "actor_loss": -0.002134754776910524,
  "value_loss": 28.259440784136245,
  "entropy_loss": -0.0019710879452745065,
  "topic_means": {
    "ds": 0.4073759465714803,
    "algo": 0.14757520120334697,
    "oops": 0.0,
    "dbms": 0.0,
    "os": 0.0,
    "cn": 0.0,
    "system_design": 0.13850927237105878
  },
  "consecutive_low_scores": 5,
  "safety_constraints_applied": true
}