{
  "total_episodes": 1933,
  "epoch": 4,
  "epoch_episode": 433,
  "question_number": 8,
  "topic": "algo",
  "subtopic": "Greedy",
  "difficulty": 1.188,
  "performance": 0.08790094953863119,
  "time_taken": 13.541647121821189,
  "actor_loss": 0.004719187971628775,
  "value_loss": 28.527241015933328,
  "entropy_loss": 0.006793210252379477,
  "topic_means": {
    "ds": 0.19766027743144632,
    "algo": 0.15278461230750245,
    "oops": 0.15396240745913525,
    "dbms": 0.0,
    "os": 0.0,
    "cn": 0.0,
    "system_design": 0.0
  },
  "consecutive_low_scores": 7,
  "safety_constraints_applied": true
}