{
  "total_episodes": 64,
  "epoch": 1,
  "epoch_episode": 64,
  "question_number": 10,
  "topic": "oops",
  "subtopic": "Classes",
  "difficulty": 1.0,
  "performance": 0.09535065149595767,
  "time_taken": 17.270576448449443,
  "actor_loss": 0.013389198689612766,
  "value_loss": 23.70002794025116,
  "entropy_loss": -0.014160403528376258,
  "topic_means": {
    "ds": 0.13082545263050044,
    "algo": 0.2266016154925377,
    "oops": 0.15850829090522456,
    "dbms": 0.0,
    "os": 0.0,
    "cn": 0.0,
    "system_design": 0.0
  },
  "consecutive_low_scores": 7,
  "safety_constraints_applied": true
}