{
  "total_episodes": 1060,
  "epoch": 3,
  "epoch_episode": 60,
  "question_number": 2,
  "topic": "oops",
  "subtopic": "Polymorphism",
  "difficulty": 3.697936938558194,
  "performance": 0.4701536996619074,
  "time_taken": 11.019628083540072,
  "actor_loss": -0.0002299418297064433,
  "value_loss": 27.378487358770798,
  "entropy_loss": 0.0021602448494410045,
  "topic_means": {
    "ds": 0.0,
    "algo": 0.0,
    "oops": 0.4701536996619074,
    "dbms": 0.23264564618606473,
    "os": 0.0,
    "cn": 0.0,
    "system_design": 0.0
  },
  "consecutive_low_scores": 1,
  "safety_constraints_applied": true
}