{
  "total_episodes": 1949,
  "epoch": 4,
  "epoch_episode": 449,
  "question_number": 8,
  "topic": "algo",
  "subtopic": "Searching",
  "difficulty": 1.188,
  "performance": 0.09931426828592925,
  "time_taken": 17.643691608580546,
  "actor_loss": -0.011224918639990413,
  "value_loss": 27.676463693975688,
  "entropy_loss": 0.006680945917793243,
  "topic_means": {
    "ds": 0.11908926508124452,
    "algo": 0.09127181594514001,
    "oops": 0.20710237670231227,
    "dbms": 0.0,
    "os": 0.0,
    "cn": 0.0,
    "system_design": 0.0
  },
  "consecutive_low_scores": 7,
  "safety_constraints_applied": true
}