{
  "total_episodes": 1095,
  "epoch": 3,
  "epoch_episode": 95,
  "question_number": 4,
  "topic": "algo",
  "subtopic": "Greedy",
  "difficulty": 1.188,
  "performance": 0.5440159912279132,
  "time_taken": 8.065768608017425,
  "actor_loss": -0.0028056207985465023,
  "value_loss": 21.93501685168608,
  "entropy_loss": 0.0023115069227543656,
  "topic_means": {
    "ds": 0.0,
    "algo": 0.5440159912279132,
    "oops": 0.22181600361476528,
    "dbms": 0.0,
    "os": 0.1769979691172347,
    "cn": 0.0,
    "system_design": 0.0
  },
  "consecutive_low_scores": 3,
  "safety_constraints_applied": true
}