{
  "total_episodes": 1034,
  "epoch": 3,
  "epoch_episode": 34,
  "question_number": 6,
  "topic": "ds",
  "subtopic": "Trees",
  "difficulty": 1.584,
  "performance": 0.07208479947618762,
  "time_taken": 17.75381614592371,
  "actor_loss": -0.0011361244251547734,
  "value_loss": 23.860079180345885,
  "entropy_loss": 0.0018925856191120728,
  "topic_means": {
    "ds": 0.1091965966352667,
    "algo": 0.33240572683735675,
    "oops": 0.0981248181194785,
    "dbms": 0.0,
    "os": 0.0,
    "cn": 0.0,
    "system_design": 0.0
  },
  "consecutive_low_scores": 3,
  "safety_constraints_applied": true
}