{
  "total_episodes": 1738,
  "epoch": 4,
  "epoch_episode": 238,
  "question_number": 6,
  "topic": "ds",
  "subtopic": "Linked Lists",
  "difficulty": 1.188,
  "performance": 0.0819874650675542,
  "time_taken": 8.55877666024699,
  "actor_loss": 0.007525434239961913,
  "value_loss": 29.28770838485484,
  "entropy_loss": 0.00805339678649956,
  "topic_means": {
    "ds": 0.11952349143352392,
    "algo": 0.16707625787122735,
    "oops": 0.18500842233597192,
    "dbms": 0.0,
    "os": 0.0,
    "cn": 0.0,
    "system_design": 0.0
  },
  "consecutive_low_scores": 5,
  "safety_constraints_applied": true
}