{
  "total_episodes": 301,
  "epoch": 1,
  "epoch_episode": 301,
  "question_number": 8,
  "topic": "algo",
  "subtopic": "Greedy",
  "difficulty": 2.497117783049847,
  "performance": 0.13485724983008385,
  "time_taken": 9.20985007439446,
  "actor_loss": -0.00022458686219423743,
  "value_loss": 23.243796273596722,
  "entropy_loss": -0.0071078867042530525,
  "topic_means": {
    "ds": 0.30910518009762045,
    "algo": 0.15702169771432772,
    "oops": 0.0,
    "dbms": 0.0,
    "os": 0.0,
    "cn": 0.1638046981283974,
    "system_design": 0.0
  },
  "consecutive_low_scores": 5,
  "safety_constraints_applied": true
}