{
  "total_episodes": 1943,
  "epoch": 4,
  "epoch_episode": 443,
  "question_number": 4,
  "topic": "oops",
  "subtopic": "Classes",
  "difficulty": 2.5496375565771294,
  "performance": 0.27627276946484974,
  "time_taken": 15.421412563931161,
  "actor_loss": 0.0004912861890811415,
  "value_loss": 21.52014270230675,
  "entropy_loss": 0.006035970535960295,
  "topic_means": {
    "ds": 0.0,
    "algo": 0.0,
    "oops": 0.2856558761127727,
    "dbms": 0.0,
    "os": 0.0,
    "cn": 0.0,
    "system_design": 0.28239234806157626
  },
  "consecutive_low_scores": 2,
  "safety_constraints_applied": true
}