{
  "total_episodes": 186,
  "epoch": 1,
  "epoch_episode": 186,
  "question_number": 6,
  "topic": "oops",
  "subtopic": "Inheritance",
  "difficulty": 1.188,
  "performance": 0.1861314869252951,
  "time_taken": 12.845806827541136,
  "actor_loss": -0.0017625209216762228,
  "value_loss": 26.4914352474518,
  "entropy_loss": -0.010127109470290527,
  "topic_means": {
    "ds": 0.1696901736651848,
    "algo": 0.0,
    "oops": 0.17854665200677708,
    "dbms": 0.0,
    "os": 0.0,
    "cn": 0.0,
    "system_design": 0.1488589923344148
  },
  "consecutive_low_scores": 5,
  "safety_constraints_applied": true
}