{
  "total_episodes": 292,
  "epoch": 1,
  "epoch_episode": 292,
  "question_number": 2,
  "topic": "algo",
  "subtopic": "Backtracking",
  "difficulty": 4.514028454466861,
  "performance": 0.15415871744381854,
  "time_taken": 13.41612127926269,
  "actor_loss": 2.617161543090815e-05,
  "value_loss": 27.242236709911083,
  "entropy_loss": -0.007043606060827795,
  "topic_means": {
    "ds": 0.17134281815562027,
    "algo": 0.15415871744381854,
    "oops": 0.0,
    "dbms": 0.0,
    "os": 0.0,
    "cn": 0.0,
    "system_design": 0.0
  },
  "consecutive_low_scores": 1,
  "safety_constraints_applied": true
}