{
  "total_episodes": 1671,
  "epoch": 4,
  "epoch_episode": 171,
  "question_number": 4,
  "topic": "oops",
  "subtopic": "Design Patterns",
  "difficulty": 3.0826666657565993,
  "performance": 0.42387741606360735,
  "time_taken": 11.48914294721308,
  "actor_loss": 0.02099579172728667,
  "value_loss": 29.318307380438302,
  "entropy_loss": 0.00712327109298521,
  "topic_means": {
    "ds": 0.0,
    "algo": 0.15664961974806157,
    "oops": 0.3851414094882639,
    "dbms": 0.0,
    "os": 0.0,
    "cn": 0.0,
    "system_design": 0.16765204666719824
  },
  "consecutive_low_scores": 2,
  "safety_constraints_applied": true
}