{
  "total_episodes": 708,
  "epoch": 2,
  "epoch_episode": 208,
  "question_number": 2,
  "topic": "algo",
  "subtopic": "Sorting",
  "difficulty": 4.502849671920531,
  "performance": 0.19585309455536537,
  "time_taken": 11.542085946191488,
  "actor_loss": -0.009106209944112686,
  "value_loss": 28.41528236206495,
  "entropy_loss": -0.0018384810424057838,
  "topic_means": {
    "ds": 0.0,
    "algo": 0.19585309455536537,
    "oops": 0.0,
    "dbms": 0.0,
    "os": 0.0,
    "cn": 0.0,
    "system_design": 0.1676165573068437
  },
  "consecutive_low_scores": 1,
  "safety_constraints_applied": true
}