{
  "total_episodes": 474,
  "epoch": 1,
  "epoch_episode": 474,
  "question_number": 6,
  "topic": "algo",
  "subtopic": "Dynamic Programming",
  "difficulty": 1.584,
  "performance": 0.11186592517103708,
  "time_taken": 11.254738289939935,
  "actor_loss": -0.0004615785312944789,
  "value_loss": 25.926155929656893,
  "entropy_loss": -0.004357518672901945,
  "topic_means": {
    "ds": 0.0,
    "algo": 0.11616692602081113,
    "oops": 0.1448407210540974,
    "dbms": 0.16725379478955826,
    "os": 0.0,
    "cn": 0.0,
    "system_design": 0.0
  },
  "consecutive_low_scores": 5,
  "safety_constraints_applied": true
}