{
  "total_episodes": 132,
  "epoch": 1,
  "epoch_episode": 132,
  "question_number": 2,
  "topic": "ds",
  "subtopic": "Trees",
  "difficulty": 3.5598650189726913,
  "performance": 0.21884081420805626,
  "time_taken": 11.758321803111716,
  "actor_loss": 0.007195890279381026,
  "value_loss": 23.730212200295576,
  "entropy_loss": -0.01164960765151492,
  "topic_means": {
    "ds": 0.21884081420805626,
    "algo": 0.0,
    "oops": 0.0,
    "dbms": 0.0,
    "os": 0.18662167299089716,
    "cn": 0.0,
    "system_design": 0.0
  },
  "consecutive_low_scores": 1,
  "safety_constraints_applied": true
}