{
  "total_episodes": 1005,
  "epoch": 3,
  "epoch_episode": 5,
  "question_number": 8,
  "topic": "algo",
  "subtopic": "Sorting",
  "difficulty": 1.188,
  "performance": 0.08515012510272765,
  "time_taken": 15.135782305496916,
  "actor_loss": -0.0010628912364288494,
  "value_loss": 21.533504171210403,
  "entropy_loss": 0.0019749419269696356,
  "topic_means": {
    "ds": 0.17377671289857527,
    "algo": 0.08515012510272765,
    "oops": 0.1257337349986033,
    "dbms": 0.0,
    "os": 0.0,
    "cn": 0.1489344481085465,
    "system_design": 0.0
  },
  "consecutive_low_scores": 7,
  "safety_constraints_applied": true
}