{
  "total_episodes": 349,
  "epoch": 1,
  "epoch_episode": 349,
  "question_number": 8,
  "topic": "ds",
  "subtopic": "Heaps",
  "difficulty": 2.997931260662406,
  "performance": 0.06521677525970257,
  "time_taken": 16.384261844624337,
  "actor_loss": -0.0003909242996546908,
  "value_loss": 24.226712022406947,
  "entropy_loss": -0.006083824609644947,
  "topic_means": {
    "ds": 0.10177814988600611,
    "algo": 0.3620218255541327,
    "oops": 0.09876207308187887,
    "dbms": 0.0,
    "os": 0.0,
    "cn": 0.0,
    "system_design": 0.12506969260123119
  },
  "consecutive_low_scores": 5,
  "safety_constraints_applied": true
}