{
  "total_episodes": 141,
  "epoch": 1,
  "epoch_episode": 141,
  "question_number": 8,
  "topic": "algo",
  "subtopic": "Sorting",
  "difficulty": 1.584,
  "performance": 0.04733264769052767,
  "time_taken": 15.064220413676782,
  "actor_loss": 0.01168904825261131,
  "value_loss": 23.238155458151223,
  "entropy_loss": -0.01151662429245416,
  "topic_means": {
    "ds": 0.12285950074034364,
    "algo": 0.11046205882813749,
    "oops": 0.24541195339187907,
    "dbms": 0.0,
    "os": 0.0,
    "cn": 0.0,
    "system_design": 0.0
  },
  "consecutive_low_scores": 5,
  "safety_constraints_applied": true
}