{
  "total_episodes": 260,
  "epoch": 1,
  "epoch_episode": 260,
  "question_number": 2,
  "topic": "algo",
  "subtopic": "Dynamic Programming",
  "difficulty": 2.0626111854068925,
  "performance": 0.2533907237718701,
  "time_taken": 12.96662251927114,
  "actor_loss": -0.009492853473135459,
  "value_loss": 19.919661624276575,
  "entropy_loss": -0.007607709132289387,
  "topic_means": {
    "ds": 0.0,
    "algo": 0.2533907237718701,
    "oops": 0.0,
    "dbms": 0.0,
    "os": 0.0,
    "cn": 0.0,
    "system_design": 0.1671457744485388
  },
  "consecutive_low_scores": 1,
  "safety_constraints_applied": false
}