{
  "total_episodes": 1216,
  "epoch": 3,
  "epoch_episode": 216,
  "question_number": 10,
  "topic": "oops",
  "subtopic": "Inheritance",
  "difficulty": 2.571174337499389,
  "performance": 0.32918909673138674,
  "time_taken": 7.84192387634975,
  "actor_loss": -0.0015593918131438997,
  "value_loss": 30.2978338271094,
  "entropy_loss": 0.00391139292431429,
  "topic_means": {
    "ds": 0.31339702791802554,
    "algo": 0.2606322582793097,
    "oops": 0.28718737507307696,
    "dbms": 0.0,
    "os": 0.0,
    "cn": 0.0,
    "system_design": 0.0
  },
  "consecutive_low_scores": 4,
  "safety_constraints_applied": true
}