{
  "total_episodes": 1994,
  "epoch": 4,
  "epoch_episode": 494,
  "question_number": 6,
  "topic": "algo",
  "subtopic": "Greedy",
  "difficulty": 4.239632613073371,
  "performance": 0.3699677705512986,
  "time_taken": 13.41634199105446,
  "actor_loss": -0.00333872647087088,
  "value_loss": 36.54549530245107,
  "entropy_loss": 0.006068792205915716,
  "topic_means": {
    "ds": 0.0,
    "algo": 0.3643034697056805,
    "oops": 0.41473442429571844,
    "dbms": 0.0,
    "os": 0.14021711633893993,
    "cn": 0.0,
    "system_design": 0.0
  },
  "consecutive_low_scores": 1,
  "safety_constraints_applied": true
}