{
  "total_episodes": 2378,
  "epoch": 5,
  "epoch_episode": 378,
  "question_number": 6,
  "topic": "algo",
  "subtopic": "Sorting",
  "difficulty": 5.234463740312535,
  "performance": 0.5159292402442438,
  "time_taken": 6.8142715855738,
  "actor_loss": -0.004052068789010399,
  "value_loss": 22.57094186643841,
  "entropy_loss": 0.006314257789110068,
  "topic_means": {
    "ds": 0.0,
    "algo": 0.45848500398987957,
    "oops": 0.358144304696125,
    "dbms": 0.0,
    "os": 0.0,
    "cn": 0.0,
    "system_design": 0.0
  },
  "consecutive_low_scores": 1,
  "safety_constraints_applied": true
}