{
  "total_episodes": 109,
  "epoch": 1,
  "epoch_episode": 109,
  "question_number": 8,
  "topic": "algo",
  "subtopic": "Searching",
  "difficulty": 1.188,
  "performance": 0.061610619287719465,
  "time_taken": 14.16571134135989,
  "actor_loss": -0.002953205052924147,
  "value_loss": 20.914178014997862,
  "entropy_loss": -0.012703260281557683,
  "topic_means": {
    "ds": 0.08496461128709423,
    "algo": 0.09932465744371437,
    "oops": 0.3600060859181018,
    "dbms": 0.0,
    "os": 0.0,
    "cn": 0.0,
    "system_design": 0.18784210931308037
  },
  "consecutive_low_scores": 5,
  "safety_constraints_applied": true
}