{
  "total_episodes": 458,
  "epoch": 1,
  "epoch_episode": 458,
  "question_number": 6,
  "topic": "oops",
  "subtopic": "Abstraction",
  "difficulty": 1.188,
  "performance": 0.30531864785651774,
  "time_taken": 17.44108517975397,
  "actor_loss": -0.004504645950964734,
  "value_loss": 24.065258266441663,
  "entropy_loss": -0.004459824363676217,
  "topic_means": {
    "ds": 0.14945135924457584,
    "algo": 0.0,
    "oops": 0.4081384053471639,
    "dbms": 0.0,
    "os": 0.0,
    "cn": 0.12844893518142753,
    "system_design": 0.17264270807790252
  },
  "consecutive_low_scores": 4,
  "safety_constraints_applied": true
}