{
  "total_episodes": 1792,
  "epoch": 4,
  "epoch_episode": 292,
  "question_number": 10,
  "topic": "ds",
  "subtopic": "Trees",
  "difficulty": 2.3921366117173744,
  "performance": 0.5088063024815546,
  "time_taken": 9.24503168805794,
  "actor_loss": -0.005865794159921608,
  "value_loss": 22.751647493060045,
  "entropy_loss": 0.008232874911450432,
  "topic_means": {
    "ds": 0.46529807739965373,
    "algo": 0.09849615303072828,
    "oops": 0.0,
    "dbms": 0.0,
    "os": 0.0,
    "cn": 0.0,
    "system_design": 0.0
  },
  "consecutive_low_scores": 4,
  "safety_constraints_applied": true
}