{
  "total_episodes": 663,
  "epoch": 2,
  "epoch_episode": 163,
  "question_number": 4,
  "topic": "oops",
  "subtopic": "Inheritance",
  "difficulty": 3.8892315002096574,
  "performance": 0.4444349995766271,
  "time_taken": 8.339283708053458,
  "actor_loss": -0.00038957878865553857,
  "value_loss": 32.63698527387984,
  "entropy_loss": -0.002409867523083716,
  "topic_means": {
    "ds": 0.31445231300291154,
    "algo": 0.0,
    "oops": 0.4157756915848333,
    "dbms": 0.1876628036137063,
    "os": 0.0,
    "cn": 0.0,
    "system_design": 0.0
  },
  "consecutive_low_scores": 1,
  "safety_constraints_applied": true
}