{
  "total_episodes": 1869,
  "epoch": 4,
  "epoch_episode": 369,
  "question_number": 8,
  "topic": "oops",
  "subtopic": "Abstraction",
  "difficulty": 1.188,
  "performance": 0.08353915631524893,
  "time_taken": 14.483362369563622,
  "actor_loss": 0.02079042579861251,
  "value_loss": 22.391467076512367,
  "entropy_loss": 0.008170400325126073,
  "topic_means": {
    "ds": 0.19528756975068412,
    "algo": 0.35939358431494695,
    "oops": 0.11965655082884442,
    "dbms": 0.0,
    "os": 0.0,
    "cn": 0.0,
    "system_design": 0.0
  },
  "consecutive_low_scores": 4,
  "safety_constraints_applied": true
}