{
  "total_episodes": 2423,
  "epoch": 5,
  "epoch_episode": 423,
  "question_number": 4,
  "topic": "algo",
  "subtopic": "Backtracking",
  "difficulty": 3.1842559057800917,
  "performance": 0.2080237790505456,
  "time_taken": 16.73589635983531,
  "actor_loss": 0.031382623593584874,
  "value_loss": 26.539727147301317,
  "entropy_loss": 0.0076201906567298335,
  "topic_means": {
    "ds": 0.2404851399820379,
    "algo": 0.2758418296796677,
    "oops": 0.0,
    "dbms": 0.0,
    "os": 0.0,
    "cn": 0.0,
    "system_design": 0.0
  },
  "consecutive_low_scores": 2,
  "safety_constraints_applied": true
}