{
  "total_episodes": 2164,
  "epoch": 5,
  "epoch_episode": 164,
  "question_number": 2,
  "topic": "algo",
  "subtopic": "Backtracking",
  "difficulty": 4.476563690901078,
  "performance": 0.28471754821554696,
  "time_taken": 14.061997277154711,
  "actor_loss": -0.00039002358541031476,
  "value_loss": 28.23582561129162,
  "entropy_loss": 0.004664112164119092,
  "topic_means": {
    "ds": 0.0,
    "algo": 0.28471754821554696,
    "oops": 0.15885456363369282,
    "dbms": 0.0,
    "os": 0.0,
    "cn": 0.0,
    "system_design": 0.0
  },
  "consecutive_low_scores": 1,
  "safety_constraints_applied": true
}