{
  "total_episodes": 1476,
  "epoch": 3,
  "epoch_episode": 476,
  "question_number": 2,
  "topic": "oops",
  "subtopic": "Design Patterns",
  "difficulty": 3.438970941095835,
  "performance": 0.3145149135520717,
  "time_taken": 9.885026113312179,
  "actor_loss": 0.0004219505368468046,
  "value_loss": 27.77454422149463,
  "entropy_loss": 0.005285995879676471,
  "topic_means": {
    "ds": 0.0,
    "algo": 0.0,
    "oops": 0.2304192802920083,
    "dbms": 0.0,
    "os": 0.0,
    "cn": 0.0,
    "system_design": 0.0
  },
  "consecutive_low_scores": 1,
  "safety_constraints_applied": true
}