{
  "total_episodes": 820,
  "epoch": 2,
  "epoch_episode": 320,
  "question_number": 2,
  "topic": "oops",
  "subtopic": "Polymorphism",
  "difficulty": 3.505563790192984,
  "performance": 0.13495968549008708,
  "time_taken": 19.493525066860524,
  "actor_loss": 0.0027975252301025533,
  "value_loss": 23.503471842075243,
  "entropy_loss": -0.0007606054441073511,
  "topic_means": {
    "ds": 0.0,
    "algo": 0.0,
    "oops": 0.13495968549008708,
    "dbms": 0.0,
    "os": 0.0,
    "cn": 0.16852126339766133,
    "system_design": 0.0
  },
  "consecutive_low_scores": 1,
  "safety_constraints_applied": true
}