{
  "total_episodes": 772,
  "epoch": 2,
  "epoch_episode": 272,
  "question_number": 2,
  "topic": "algo",
  "subtopic": "Searching",
  "difficulty": 4.821198030422368,
  "performance": 0.466170588707997,
  "time_taken": 8.472952217041316,
  "actor_loss": 0.0004181586267710716,
  "value_loss": 32.1144480386848,
  "entropy_loss": -0.001370677572663946,
  "topic_means": {
    "ds": 0.0,
    "algo": 0.466170588707997,
    "oops": 0.0,
    "dbms": 0.27373267680745583,
    "os": 0.0,
    "cn": 0.0,
    "system_design": 0.0
  },
  "consecutive_low_scores": 1,
  "safety_constraints_applied": true
}