{
  "total_episodes": 2144,
  "epoch": 5,
  "epoch_episode": 144,
  "question_number": 10,
  "topic": "ds",
  "subtopic": "Graphs",
  "difficulty": 2.742604079706691,
  "performance": 0.2901685457480163,
  "time_taken": 11.2001698873145,
  "actor_loss": -0.0006185017664642967,
  "value_loss": 35.01383061741298,
  "entropy_loss": 0.004340190744323602,
  "topic_means": {
    "ds": 0.3700887218839294,
    "algo": 0.3662519461950309,
    "oops": 0.41272818941452677,
    "dbms": 0.0,
    "os": 0.0,
    "cn": 0.0,
    "system_design": 0.0
  },
  "consecutive_low_scores": 3,
  "safety_constraints_applied": true
}