{
  "total_episodes": 1898,
  "epoch": 4,
  "epoch_episode": 398,
  "question_number": 6,
  "topic": "ds",
  "subtopic": "Trees",
  "difficulty": 1.188,
  "performance": 0.09189493179099327,
  "time_taken": 12.860874116402867,
  "actor_loss": 0.02134233040239957,
  "value_loss": 20.940704087469495,
  "entropy_loss": 0.007806722850097187,
  "topic_means": {
    "ds": 0.1312308320382499,
    "algo": 0.1499324180589497,
    "oops": 0.23939993893069883,
    "dbms": 0.0,
    "os": 0.0,
    "cn": 0.0,
    "system_design": 0.0
  },
  "consecutive_low_scores": 4,
  "safety_constraints_applied": true
}