{
  "total_episodes": 791,
  "epoch": 2,
  "epoch_episode": 291,
  "question_number": 4,
  "topic": "algo",
  "subtopic": "Sorting",
  "difficulty": 2.4160161666069944,
  "performance": 0.14812591537257258,
  "time_taken": 16.282834621208103,
  "actor_loss": 0.0011627175897431514,
  "value_loss": 28.785137487116582,
  "entropy_loss": -0.0010917908788304533,
  "topic_means": {
    "ds": 0.0,
    "algo": 0.14065167952364355,
    "oops": 0.37966381200370314,
    "dbms": 0.0,
    "os": 0.14778929978672464,
    "cn": 0.0,
    "system_design": 0.0
  },
  "consecutive_low_scores": 2,
  "safety_constraints_applied": true
}