{
  "total_episodes": 1642,
  "epoch": 4,
  "epoch_episode": 142,
  "question_number": 6,
  "topic": "oops",
  "subtopic": "Inheritance",
  "difficulty": 3.3497862806780483,
  "performance": 0.39836628688521336,
  "time_taken": 12.28625762871867,
  "actor_loss": -0.0019216730754344148,
  "value_loss": 24.17044047434493,
  "entropy_loss": 0.007380288079337058,
  "topic_means": {
    "ds": 0.12286078814303875,
    "algo": 0.13090373176159772,
    "oops": 0.4562717012443343,
    "dbms": 0.0,
    "os": 0.0,
    "cn": 0.0,
    "system_design": 0.0
  },
  "consecutive_low_scores": 3,
  "safety_constraints_applied": true
}