{
  "total_episodes": 1300,
  "epoch": 3,
  "epoch_episode": 300,
  "question_number": 2,
  "topic": "algo",
  "subtopic": "Dynamic Programming",
  "difficulty": 4.782858712026172,
  "performance": 0.3401386301528202,
  "time_taken": 12.984701441742503,
  "actor_loss": -0.002382718514535429,
  "value_loss": 24.550961328904854,
  "entropy_loss": 0.004694433591645756,
  "topic_means": {
    "ds": 0.0,
    "algo": 0.3401386301528202,
    "oops": 0.0,
    "dbms": 0.26095290400872406,
    "os": 0.0,
    "cn": 0.0,
    "system_design": 0.0
  },
  "consecutive_low_scores": 1,
  "safety_constraints_applied": true
}