{
  "total_episodes": 2487,
  "epoch": 5,
  "epoch_episode": 487,
  "question_number": 4,
  "topic": "algo",
  "subtopic": "Backtracking",
  "difficulty": 2.4488781612180763,
  "performance": 0.1493752127598395,
  "time_taken": 16.233013773104506,
  "actor_loss": -0.007994693418393605,
  "value_loss": 29.120365579042755,
  "entropy_loss": 0.007846463311072775,
  "topic_means": {
    "ds": 0.19414442740891544,
    "algo": 0.25813582028231397,
    "oops": 0.14938060117732038,
    "dbms": 0.0,
    "os": 0.0,
    "cn": 0.0,
    "system_design": 0.0
  },
  "consecutive_low_scores": 2,
  "safety_constraints_applied": true
}