{
  "total_episodes": 2500,
  "epoch": 5,
  "epoch_episode": 500,
  "question_number": 2,
  "topic": "oops",
  "subtopic": "Classes",
  "difficulty": 3.4655504594386426,
  "performance": 0.5074946473566131,
  "time_taken": 7.89446904507686,
  "actor_loss": 0.01101949700842898,
  "value_loss": 19.099956005641953,
  "entropy_loss": 0.007577836468906864,
  "topic_means": {
    "ds": 0.0,
    "algo": 0.0,
    "oops": 0.5074946473566131,
    "dbms": 0.0,
    "os": 0.15518348647954752,
    "cn": 0.0,
    "system_design": 0.0
  },
  "consecutive_low_scores": 1,
  "safety_constraints_applied": true
}