{
  "total_episodes": 2048,
  "epoch": 5,
  "epoch_episode": 48,
  "question_number": 10,
  "topic": "oops",
  "subtopic": "Classes",
  "difficulty": 1.584,
  "performance": 0.08483519403552707,
  "time_taken": 18.341469356155347,
  "actor_loss": -0.007927530475612645,
  "value_loss": 26.082950972898566,
  "entropy_loss": 0.004494847672819869,
  "topic_means": {
    "ds": 0.33376875798337363,
    "algo": 0.1676426083504981,
    "oops": 0.13667645469813702,
    "dbms": 0.0,
    "os": 0.0,
    "cn": 0.0,
    "system_design": 0.1676165573068437
  },
  "consecutive_low_scores": 7,
  "safety_constraints_applied": true
}