{
  "total_episodes": 672,
  "epoch": 2,
  "epoch_episode": 172,
  "question_number": 10,
  "topic": "algo",
  "subtopic": "Backtracking",
  "difficulty": 2.7769884223923413,
  "performance": 0.32233706866934786,
  "time_taken": 14.233468453127886,
  "actor_loss": -0.00029961548138225934,
  "value_loss": 24.332493836242172,
  "entropy_loss": -0.0021407057371062225,
  "topic_means": {
    "ds": 0.12761199228577538,
    "algo": 0.40014853337688633,
    "oops": 0.40736304299214304,
    "dbms": 0.0,
    "os": 0.0,
    "cn": 0.0,
    "system_design": 0.0
  },
  "consecutive_low_scores": 3,
  "safety_constraints_applied": true
}