{
  "total_episodes": 2356,
  "epoch": 5,
  "epoch_episode": 356,
  "question_number": 2,
  "topic": "ds",
  "subtopic": "Arrays",
  "difficulty": 3.4993186526228284,
  "performance": 0.14275173229309512,
  "time_taken": 12.733061442395941,
  "actor_loss": -0.014627269438971418,
  "value_loss": 21.44322222300737,
  "entropy_loss": 0.006235581216235675,
  "topic_means": {
    "ds": 0.1545956415836856,
    "algo": 0.0,
    "oops": 0.0,
    "dbms": 0.0,
    "os": 0.0,
    "cn": 0.0,
    "system_design": 0.0
  },
  "consecutive_low_scores": 1,
  "safety_constraints_applied": true
}