{
  "total_episodes": 1677,
  "epoch": 4,
  "epoch_episode": 177,
  "question_number": 8,
  "topic": "oops",
  "subtopic": "Classes",
  "difficulty": 1.584,
  "performance": 0.21965023853147414,
  "time_taken": 13.903692468861689,
  "actor_loss": -0.009357033107915221,
  "value_loss": 22.75933812065335,
  "entropy_loss": 0.007475031439660368,
  "topic_means": {
    "ds": 0.3701157689702851,
    "algo": 0.21350836230093365,
    "oops": 0.24808459723584086,
    "dbms": 0.0,
    "os": 0.0,
    "cn": 0.0,
    "system_design": 0.0
  },
  "consecutive_low_scores": 5,
  "safety_constraints_applied": true
}