{
  "total_episodes": 352,
  "epoch": 1,
  "epoch_episode": 352,
  "question_number": 10,
  "topic": "ds",
  "subtopic": "Trees",
  "difficulty": 1.188,
  "performance": 0.057824864949659854,
  "time_taken": 13.91376062069542,
  "actor_loss": 0.002664731603734387,
  "value_loss": 32.29122362464009,
  "entropy_loss": -0.00564297499792705,
  "topic_means": {
    "ds": 0.14215259658296095,
    "algo": 0.09441012772208933,
    "oops": 0.1710642269377535,
    "dbms": 0.0,
    "os": 0.0,
    "cn": 0.0,
    "system_design": 0.0
  },
  "consecutive_low_scores": 9,
  "safety_constraints_applied": true
}