{
  "total_episodes": 2160,
  "epoch": 5,
  "epoch_episode": 160,
  "question_number": 10,
  "topic": "algo",
  "subtopic": "Searching",
  "difficulty": 2.6529328025682672,
  "performance": 0.4077276171083337,
  "time_taken": 11.98490831067201,
  "actor_loss": 0.003591627444023762,
  "value_loss": 23.15241900777708,
  "entropy_loss": 0.005031092066396238,
  "topic_means": {
    "ds": 0.1302342055287067,
    "algo": 0.3405922355318164,
    "oops": 0.3516401783582768,
    "dbms": 0.0,
    "os": 0.0,
    "cn": 0.0,
    "system_design": 0.0
  },
  "consecutive_low_scores": 5,
  "safety_constraints_applied": true
}