{
  "total_episodes": 1258,
  "epoch": 3,
  "epoch_episode": 258,
  "question_number": 6,
  "topic": "oops",
  "subtopic": "Abstraction",
  "difficulty": 1.188,
  "performance": 0.24252448906210844,
  "time_taken": 12.156161124988937,
  "actor_loss": 0.0004912571934575602,
  "value_loss": 22.482056954013565,
  "entropy_loss": 0.004084411782845214,
  "topic_means": {
    "ds": 0.0,
    "algo": 0.11818167652171183,
    "oops": 0.3600060859181018,
    "dbms": 0.0,
    "os": 0.0,
    "cn": 0.0,
    "system_design": 0.18784210931308037
  },
  "consecutive_low_scores": 3,
  "safety_constraints_applied": true
}