{
  "total_episodes": 762,
  "epoch": 2,
  "epoch_episode": 262,
  "question_number": 6,
  "topic": "ds",
  "subtopic": "Graphs",
  "difficulty": 1.584,
  "performance": 0.20959478152122318,
  "time_taken": 10.204439547043197,
  "actor_loss": 0.0014503701064002676,
  "value_loss": 26.51482205152115,
  "entropy_loss": -0.0012898005566265042,
  "topic_means": {
    "ds": 0.20959478152122318,
    "algo": 0.3812173064413191,
    "oops": 0.13699806590973884,
    "dbms": 0.0,
    "os": 0.0,
    "cn": 0.0,
    "system_design": 0.0
  },
  "consecutive_low_scores": 4,
  "safety_constraints_applied": true
}