{
  "total_episodes": 1421,
  "epoch": 3,
  "epoch_episode": 421,
  "question_number": 8,
  "topic": "oops",
  "subtopic": "Design Patterns",
  "difficulty": 1.188,
  "performance": 0.30541383222068297,
  "time_taken": 9.33457740403935,
  "actor_loss": -0.0010362426489350113,
  "value_loss": 24.796539860729077,
  "entropy_loss": 0.004378520830238419,
  "topic_means": {
    "ds": 0.500987389540444,
    "algo": 0.11766521775821129,
    "oops": 0.22425178981092211,
    "dbms": 0.0,
    "os": 0.0,
    "cn": 0.0,
    "system_design": 0.16100661598755703
  },
  "consecutive_low_scores": 6,
  "safety_constraints_applied": true
}