{
  "total_episodes": 1188,
  "epoch": 3,
  "epoch_episode": 188,
  "question_number": 2,
  "topic": "ds",
  "subtopic": "Trees",
  "difficulty": 3.423797122226674,
  "performance": 0.1444473461946364,
  "time_taken": 12.473893038719938,
  "actor_loss": 0.0010837157356736438,
  "value_loss": 22.172800020915364,
  "entropy_loss": 0.0033633566472050735,
  "topic_means": {
    "ds": 0.14285652680176386,
    "algo": 0.0,
    "oops": 0.0,
    "dbms": 0.0,
    "os": 0.0,
    "cn": 0.0,
    "system_design": 0.0
  },
  "consecutive_low_scores": 1,
  "safety_constraints_applied": true
}