{
  "total_episodes": 490,
  "epoch": 1,
  "epoch_episode": 490,
  "question_number": 6,
  "topic": "oops",
  "subtopic": "Polymorphism",
  "difficulty": 1.188,
  "performance": 0.10091936953122965,
  "time_taken": 9.094045157422613,
  "actor_loss": 0.004734219021830525,
  "value_loss": 19.76526012076892,
  "entropy_loss": -0.004038200795781003,
  "topic_means": {
    "ds": 0.40579462225551755,
    "algo": 0.14405244640924797,
    "oops": 0.11616050007311644,
    "dbms": 0.0,
    "os": 0.0,
    "cn": 0.0,
    "system_design": 0.0
  },
  "consecutive_low_scores": 4,
  "safety_constraints_applied": true
}