{
  "total_episodes": 1021,
  "epoch": 3,
  "epoch_episode": 21,
  "question_number": 8,
  "topic": "algo",
  "subtopic": "Searching",
  "difficulty": 1.584,
  "performance": 0.09982751023782846,
  "time_taken": 18.0259750637537,
  "actor_loss": 0.0006799315544110011,
  "value_loss": 24.471694222215266,
  "entropy_loss": 0.0016743872058618235,
  "topic_means": {
    "ds": 0.25008589737831194,
    "algo": 0.24564544938055552,
    "oops": 0.1189598753981813,
    "dbms": 0.0,
    "os": 0.23993941309583547,
    "cn": 0.0,
    "system_design": 0.0
  },
  "consecutive_low_scores": 6,
  "safety_constraints_applied": true
}