{
  "total_episodes": 157,
  "epoch": 1,
  "epoch_episode": 157,
  "question_number": 8,
  "topic": "algo",
  "subtopic": "Sorting",
  "difficulty": 1.188,
  "performance": 0.11929446755116298,
  "time_taken": 19.09227441709487,
  "actor_loss": 0.0034275361848564627,
  "value_loss": 35.37420684421663,
  "entropy_loss": -0.010530952577334602,
  "topic_means": {
    "ds": 0.10673944936496353,
    "algo": 0.11796601937742839,
    "oops": 0.17840526833564985,
    "dbms": 0.0,
    "os": 0.0,
    "cn": 0.0,
    "system_design": 0.0
  },
  "consecutive_low_scores": 7,
  "safety_constraints_applied": true
}