{
  "total_episodes": 1268,
  "epoch": 3,
  "epoch_episode": 268,
  "question_number": 2,
  "topic": "algo",
  "subtopic": "Dynamic Programming",
  "difficulty": 4.762638599478933,
  "performance": 0.1670842093984894,
  "time_taken": 18.61429777008403,
  "actor_loss": 0.00026305145151903216,
  "value_loss": 24.599625034327563,
  "entropy_loss": 0.004739973627733706,
  "topic_means": {
    "ds": 0.0,
    "algo": 0.1670842093984894,
    "oops": 0.0,
    "dbms": 0.0,
    "os": 0.2542128664929778,
    "cn": 0.0,
    "system_design": 0.0
  },
  "consecutive_low_scores": 1,
  "safety_constraints_applied": true
}