{
  "total_episodes": 2372,
  "epoch": 5,
  "epoch_episode": 372,
  "question_number": 2,
  "topic": "oops",
  "subtopic": "Classes",
  "difficulty": 3.4808959388285783,
  "performance": 0.4487995523815654,
  "time_taken": 11.499984209578173,
  "actor_loss": -0.003967297367978863,
  "value_loss": 20.209543944370342,
  "entropy_loss": 0.0057130986611975835,
  "topic_means": {
    "ds": 0.0,
    "algo": 0.0,
    "oops": 0.4487995523815654,
    "dbms": 0.0,
    "os": 0.0,
    "cn": 0.16029864627619272,
    "system_design": 0.0
  },
  "consecutive_low_scores": 1,
  "safety_constraints_applied": true
}