{
  "total_episodes": 656,
  "epoch": 2,
  "epoch_episode": 156,
  "question_number": 10,
  "topic": "algo",
  "subtopic": "Dynamic Programming",
  "difficulty": 2.133963642907849,
  "performance": 0.07091194919092511,
  "time_taken": 17.706594979945393,
  "actor_loss": -0.0032802173514098636,
  "value_loss": 31.44605969707924,
  "entropy_loss": -0.001882741782073637,
  "topic_means": {
    "ds": 0.2049145145580054,
    "algo": 0.110658614740027,
    "oops": 0.39973044386963463,
    "dbms": 0.0,
    "os": 0.0,
    "cn": 0.0,
    "system_design": 0.0
  },
  "consecutive_low_scores": 5,
  "safety_constraints_applied": true
}