{
  "total_episodes": 2138,
  "epoch": 5,
  "epoch_episode": 138,
  "question_number": 6,
  "topic": "algo",
  "subtopic": "Backtracking",
  "difficulty": 1.188,
  "performance": 0.2899189271866677,
  "time_taken": 10.254319853347349,
  "actor_loss": 0.00022446030794663098,
  "value_loss": 23.88261125472097,
  "entropy_loss": 0.003983462648349421,
  "topic_means": {
    "ds": 0.0,
    "algo": 0.18425388283901342,
    "oops": 0.19290732434943603,
    "dbms": 0.0,
    "os": 0.0,
    "cn": 0.1656662137550809,
    "system_design": 0.0
  },
  "consecutive_low_scores": 5,
  "safety_constraints_applied": true
}