{
  "total_episodes": 384,
  "epoch": 1,
  "epoch_episode": 384,
  "question_number": 10,
  "topic": "oops",
  "subtopic": "Classes",
  "difficulty": 1.188,
  "performance": 0.3008559939463061,
  "time_taken": 10.831348538968829,
  "actor_loss": 0.0006156604871706273,
  "value_loss": 25.42937238466909,
  "entropy_loss": -0.005155733245651087,
  "topic_means": {
    "ds": 0.10495966272249886,
    "algo": 0.2689914216988899,
    "oops": 0.34904549688822206,
    "dbms": 0.0,
    "os": 0.0,
    "cn": 0.21089606474132516,
    "system_design": 0.0
  },
  "consecutive_low_scores": 8,
  "safety_constraints_applied": true
}