{
  "total_episodes": 836,
  "epoch": 2,
  "epoch_episode": 336,
  "question_number": 2,
  "topic": "algo",
  "subtopic": "Sorting",
  "difficulty": 4.467647799000861,
  "performance": 0.47769666986187687,
  "time_taken": 9.504200111950963,
  "actor_loss": 0.0003919076200012327,
  "value_loss": 24.224610152739466,
  "entropy_loss": -5.513717656067212e-05,
  "topic_means": {
    "ds": 0.0,
    "algo": 0.47769666986187687,
    "oops": 0.1558825996669538,
    "dbms": 0.0,
    "os": 0.0,
    "cn": 0.0,
    "system_design": 0.0
  },
  "consecutive_low_scores": 1,
  "safety_constraints_applied": true
}