{
  "total_episodes": 1197,
  "epoch": 3,
  "epoch_episode": 197,
  "question_number": 8,
  "topic": "oops",
  "subtopic": "Inheritance",
  "difficulty": 2.499295330545825,
  "performance": 0.06923593736851849,
  "time_taken": 12.631996533044838,
  "actor_loss": -0.005315907536741037,
  "value_loss": 28.289496883588697,
  "entropy_loss": 0.003860501092278238,
  "topic_means": {
    "ds": 0.456480337851685,
    "algo": 0.23338527840889783,
    "oops": 0.11128919526948378,
    "dbms": 0.0,
    "os": 0.0,
    "cn": 0.0,
    "system_design": 0.0
  },
  "consecutive_low_scores": 5,
  "safety_constraints_applied": true
}