{
  "total_episodes": 1159,
  "epoch": 3,
  "epoch_episode": 159,
  "question_number": 4,
  "topic": "ds",
  "subtopic": "Linked Lists",
  "difficulty": 1.188,
  "performance": 0.18568307927662572,
  "time_taken": 15.041719133070304,
  "actor_loss": -0.0041244537784719355,
  "value_loss": 22.041356336545718,
  "entropy_loss": 0.0029903087375017885,
  "topic_means": {
    "ds": 0.23503572713539575,
    "algo": 0.0,
    "oops": 0.15539781419214163,
    "dbms": 0.0,
    "os": 0.0,
    "cn": 0.0,
    "system_design": 0.0
  },
  "consecutive_low_scores": 3,
  "safety_constraints_applied": true
}