{
  "total_episodes": 2477,
  "epoch": 5,
  "epoch_episode": 477,
  "question_number": 8,
  "topic": "oops",
  "subtopic": "Abstraction",
  "difficulty": 2.616150706539224,
  "performance": 0.37649843728155513,
  "time_taken": 9.304257458614495,
  "actor_loss": 0.014415323477156414,
  "value_loss": 31.42074744345455,
  "entropy_loss": 0.00717786496609712,
  "topic_means": {
    "ds": 0.14627357804927257,
    "algo": 0.40643086651637494,
    "oops": 0.29473921970040085,
    "dbms": 0.0,
    "os": 0.0,
    "cn": 0.0,
    "system_design": 0.0
  },
  "consecutive_low_scores": 5,
  "safety_constraints_applied": true
}