{
  "total_episodes": 1700,
  "epoch": 4,
  "epoch_episode": 200,
  "question_number": 2,
  "topic": "ds",
  "subtopic": "Heaps",
  "difficulty": 3.4984104969176917,
  "performance": 0.22724190177142267,
  "time_taken": 9.315829564569535,
  "actor_loss": -0.023338261653419335,
  "value_loss": 30.742968787121793,
  "entropy_loss": 0.00779025945231937,
  "topic_means": {
    "ds": 0.22724190177142267,
    "algo": 0.0,
    "oops": 0.0,
    "dbms": 0.0,
    "os": 0.1661368323058972,
    "cn": 0.0,
    "system_design": 0.0
  },
  "consecutive_low_scores": 1,
  "safety_constraints_applied": true
}