{
  "total_episodes": 644,
  "epoch": 2,
  "epoch_episode": 144,
  "question_number": 2,
  "topic": "oops",
  "subtopic": "Inheritance",
  "difficulty": 3.4670555703752663,
  "performance": 0.3769156131676762,
  "time_taken": 9.367268986661703,
  "actor_loss": 0.0024089506578291874,
  "value_loss": 32.584298007015576,
  "entropy_loss": -0.002460545118295526,
  "topic_means": {
    "ds": 0.15568519012508875,
    "algo": 0.0,
    "oops": 0.3769156131676762,
    "dbms": 0.0,
    "os": 0.0,
    "cn": 0.0,
    "system_design": 0.0
  },
  "consecutive_low_scores": 1,
  "safety_constraints_applied": true
}