{
  "total_episodes": 2128,
  "epoch": 5,
  "epoch_episode": 128,
  "question_number": 10,
  "topic": "oops",
  "subtopic": "Classes",
  "difficulty": 1.584,
  "performance": 0.05195724975308266,
  "time_taken": 16.85506853919608,
  "actor_loss": -0.0024768073698642635,
  "value_loss": 23.250651338627314,
  "entropy_loss": 0.004839417280085656,
  "topic_means": {
    "ds": 0.10913542406952194,
    "algo": 0.13404648997402466,
    "oops": 0.10565735679306905,
    "dbms": 0.0,
    "os": 0.0,
    "cn": 0.0,
    "system_design": 0.0
  },
  "consecutive_low_scores": 9,
  "safety_constraints_applied": true
}