{
  "total_episodes": 676,
  "epoch": 2,
  "epoch_episode": 176,
  "question_number": 2,
  "topic": "oops",
  "subtopic": "Polymorphism",
  "difficulty": 3.554853585549848,
  "performance": 0.3236053123962338,
  "time_taken": 12.71776457484568,
  "actor_loss": -0.00899757580265434,
  "value_loss": 23.268789131517803,
  "entropy_loss": -0.002945277164879174,
  "topic_means": {
    "ds": 0.0,
    "algo": 0.0,
    "oops": 0.3236053123962338,
    "dbms": 0.0,
    "os": 0.0,
    "cn": 0.0,
    "system_design": 0.18495119518328282
  },
  "consecutive_low_scores": 1,
  "safety_constraints_applied": true
}