{
  "total_episodes": 2103,
  "epoch": 5,
  "epoch_episode": 103,
  "question_number": 4,
  "topic": "oops",
  "subtopic": "Classes",
  "difficulty": 1.188,
  "performance": 0.12280379418088733,
  "time_taken": 12.175420101599741,
  "actor_loss": 0.0008543664704860926,
  "value_loss": 23.406688120517806,
  "entropy_loss": 0.0039192021875451444,
  "topic_means": {
    "ds": 0.0,
    "algo": 0.22734332248035105,
    "oops": 0.12972207846776007,
    "dbms": 0.0,
    "os": 0.0,
    "cn": 0.15582667665442107,
    "system_design": 0.0
  },
  "consecutive_low_scores": 3,
  "safety_constraints_applied": true
}