{
  "total_episodes": 964,
  "epoch": 2,
  "epoch_episode": 464,
  "question_number": 2,
  "topic": "ds",
  "subtopic": "Heaps",
  "difficulty": 3.452585859565423,
  "performance": 0.19162658392112983,
  "time_taken": 17.752311456702056,
  "actor_loss": 0.0009266443679895473,
  "value_loss": 20.653933077901733,
  "entropy_loss": 0.0018139669729562407,
  "topic_means": {
    "ds": 0.19162658392112983,
    "algo": 0.0,
    "oops": 0.15086195318847423,
    "dbms": 0.0,
    "os": 0.0,
    "cn": 0.0,
    "system_design": 0.0
  },
  "consecutive_low_scores": 1,
  "safety_constraints_applied": true
}