{
  "total_episodes": 1383,
  "epoch": 3,
  "epoch_episode": 383,
  "question_number": 4,
  "topic": "ds",
  "subtopic": "Trees",
  "difficulty": 2.3907749294780962,
  "performance": 0.3201889336966844,
  "time_taken": 9.487334110207865,
  "actor_loss": 0.003130687370741822,
  "value_loss": 25.64389271400634,
  "entropy_loss": 0.005018977283513635,
  "topic_means": {
    "ds": 0.3335139928736304,
    "algo": 0.1331742634705005,
    "oops": 0.0,
    "dbms": 0.0,
    "os": 0.0,
    "cn": 0.0,
    "system_design": 0.14237294126391703
  },
  "consecutive_low_scores": 2,
  "safety_constraints_applied": true
}