{
  "total_episodes": 1844,
  "epoch": 4,
  "epoch_episode": 344,
  "question_number": 2,
  "topic": "oops",
  "subtopic": "Polymorphism",
  "difficulty": 3.506257371918218,
  "performance": 0.1274393474187628,
  "time_taken": 18.40426344442537,
  "actor_loss": 0.017865534815921524,
  "value_loss": 27.639963869015332,
  "entropy_loss": 0.00763006809736305,
  "topic_means": {
    "ds": 0.0,
    "algo": 0.0,
    "oops": 0.1274393474187628,
    "dbms": 0.16875245730607272,
    "os": 0.0,
    "cn": 0.0,
    "system_design": 0.0
  },
  "consecutive_low_scores": 1,
  "safety_constraints_applied": true
}