{
  "total_episodes": 295,
  "epoch": 1,
  "epoch_episode": 295,
  "question_number": 4,
  "topic": "oops",
  "subtopic": "Polymorphism",
  "difficulty": 1.188,
  "performance": 0.5083517877523683,
  "time_taken": 7.494111177282198,
  "actor_loss": 0.00024560340748010223,
  "value_loss": 22.716863705239692,
  "entropy_loss": -0.00725321425244378,
  "topic_means": {
    "ds": 0.13561971751497937,
    "algo": 0.11624247839025453,
    "oops": 0.5083517877523683,
    "dbms": 0.1503577790116694,
    "os": 0.0,
    "cn": 0.0,
    "system_design": 0.0
  },
  "consecutive_low_scores": 3,
  "safety_constraints_applied": true
}