{
  "total_episodes": 1645,
  "epoch": 4,
  "epoch_episode": 145,
  "question_number": 8,
  "topic": "ds",
  "subtopic": "Arrays",
  "difficulty": 3.3601373818635607,
  "performance": 0.35161454949092014,
  "time_taken": 15.166032233044442,
  "actor_loss": 0.017317974052309282,
  "value_loss": 19.694231740665618,
  "entropy_loss": 0.006765206892291357,
  "topic_means": {
    "ds": 0.36068294868468476,
    "algo": 0.5105001191622018,
    "oops": 0.1606229144742694,
    "dbms": 0.0,
    "os": 0.0,
    "cn": 0.0,
    "system_design": 0.0
  },
  "consecutive_low_scores": 3,
  "safety_constraints_applied": true
}