{
  "total_episodes": 1808,
  "epoch": 4,
  "epoch_episode": 308,
  "question_number": 10,
  "topic": "algo",
  "subtopic": "Greedy",
  "difficulty": 1.188,
  "performance": 0.25014720380532324,
  "time_taken": 10.731169470043332,
  "actor_loss": -0.02077119129726079,
  "value_loss": 22.474710349865568,
  "entropy_loss": 0.00823265275471128,
  "topic_means": {
    "ds": 0.19646849206102637,
    "algo": 0.23554985178943535,
    "oops": 0.17744342437263794,
    "dbms": 0.0,
    "os": 0.0,
    "cn": 0.1526918676757888,
    "system_design": 0.0
  },
  "consecutive_low_scores": 9,
  "safety_constraints_applied": true
}