{
  "total_episodes": 2490,
  "epoch": 5,
  "epoch_episode": 490,
  "question_number": 6,
  "topic": "algo",
  "subtopic": "Greedy",
  "difficulty": 1.584,
  "performance": 0.07658944238762841,
  "time_taken": 11.988631872587286,
  "actor_loss": 0.0466841220148771,
  "value_loss": 24.614752416678744,
  "entropy_loss": 0.0078027061455172905,
  "topic_means": {
    "ds": 0.1323730354655572,
    "algo": 0.1151173370861653,
    "oops": 0.0,
    "dbms": 0.0,
    "os": 0.0,
    "cn": 0.0,
    "system_design": 0.0
  },
  "consecutive_low_scores": 5,
  "safety_constraints_applied": true
}