{
  "total_episodes": 1351,
  "epoch": 3,
  "epoch_episode": 351,
  "question_number": 4,
  "topic": "oops",
  "subtopic": "Polymorphism",
  "difficulty": 1.188,
  "performance": 0.18921697108271457,
  "time_taken": 11.356617441732034,
  "actor_loss": -0.002282717920163049,
  "value_loss": 22.175619487324376,
  "entropy_loss": 0.004701559166693332,
  "topic_means": {
    "ds": 0.23171527256948174,
    "algo": 0.14139459752745973,
    "oops": 0.16477630822176986,
    "dbms": 0.0,
    "os": 0.0,
    "cn": 0.0,
    "system_design": 0.0
  },
  "consecutive_low_scores": 3,
  "safety_constraints_applied": true
}