{
  "total_episodes": 1751,
  "epoch": 4,
  "epoch_episode": 251,
  "question_number": 4,
  "topic": "oops",
  "subtopic": "Design Patterns",
  "difficulty": 1.188,
  "performance": 0.11226347982931685,
  "time_taken": 19.77751358254547,
  "actor_loss": 0.022699550267078837,
  "value_loss": 31.16600562754649,
  "entropy_loss": 0.007867734414555143,
  "topic_means": {
    "ds": 0.16814623356738162,
    "algo": 0.0,
    "oops": 0.12444490013908929,
    "dbms": 0.25799938755583784,
    "os": 0.0,
    "cn": 0.0,
    "system_design": 0.0
  },
  "consecutive_low_scores": 3,
  "safety_constraints_applied": true
}