{
  "total_episodes": 333,
  "epoch": 1,
  "epoch_episode": 333,
  "question_number": 8,
  "topic": "ds",
  "subtopic": "Linked Lists",
  "difficulty": 1.188,
  "performance": 0.06439342881668855,
  "time_taken": 13.617461697751715,
  "actor_loss": 0.00023828674903811077,
  "value_loss": 25.327780008072274,
  "entropy_loss": -0.0062923484719388635,
  "topic_means": {
    "ds": 0.10351863816466758,
    "algo": 0.25730137735449543,
    "oops": 0.13459189423172555,
    "dbms": 0.0,
    "os": 0.0,
    "cn": 0.0,
    "system_design": 0.0
  },
  "consecutive_low_scores": 7,
  "safety_constraints_applied": true
}