{
  "total_episodes": 1213,
  "epoch": 3,
  "epoch_episode": 213,
  "question_number": 8,
  "topic": "ds",
  "subtopic": "Arrays",
  "difficulty": 1.188,
  "performance": 0.1737111057384384,
  "time_taken": 16.17441589102379,
  "actor_loss": 0.003691670246286858,
  "value_loss": 20.927160916714644,
  "entropy_loss": 0.003963079412454724,
  "topic_means": {
    "ds": 0.1737111057384384,
    "algo": 0.19281965179097332,
    "oops": 0.11777270592717201,
    "dbms": 0.0,
    "os": 0.0,
    "cn": 0.15962772918104018,
    "system_design": 0.0
  },
  "consecutive_low_scores": 7,
  "safety_constraints_applied": true
}