{
  "total_episodes": 2346,
  "epoch": 5,
  "epoch_episode": 346,
  "question_number": 6,
  "topic": "ds",
  "subtopic": "Graphs",
  "difficulty": 2.5798087178288385,
  "performance": 0.18097254243275668,
  "time_taken": 16.257664129039995,
  "actor_loss": -0.007585075611262754,
  "value_loss": 22.420852631063166,
  "entropy_loss": 0.006083500365072041,
  "topic_means": {
    "ds": 0.2247391367140116,
    "algo": 0.2648372207897416,
    "oops": 0.2080323892943799,
    "dbms": 0.0,
    "os": 0.0,
    "cn": 0.0,
    "system_design": 0.0
  },
  "consecutive_low_scores": 4,
  "safety_constraints_applied": true
}