{
  "total_episodes": 1805,
  "epoch": 4,
  "epoch_episode": 305,
  "question_number": 8,
  "topic": "ds",
  "subtopic": "Arrays",
  "difficulty": 3.2357528932583914,
  "performance": 0.11490111577113071,
  "time_taken": 13.030467029631515,
  "actor_loss": 0.03874952617698781,
  "value_loss": 25.80723355953979,
  "entropy_loss": 0.007816550154108728,
  "topic_means": {
    "ds": 0.10500317616656049,
    "algo": 0.38667612423459163,
    "oops": 0.20567458010221762,
    "dbms": 0.27373267680745583,
    "os": 0.0,
    "cn": 0.0,
    "system_design": 0.0
  },
  "consecutive_low_scores": 4,
  "safety_constraints_applied": true
}