{
  "total_episodes": 1956,
  "epoch": 4,
  "epoch_episode": 456,
  "question_number": 2,
  "topic": "ds",
  "subtopic": "Heaps",
  "difficulty": 3.497721319929946,
  "performance": 0.16037814062295033,
  "time_taken": 15.299332541655119,
  "actor_loss": 0.009204613367461324,
  "value_loss": 34.25022968742237,
  "entropy_loss": 0.006156301694661035,
  "topic_means": {
    "ds": 0.16037814062295033,
    "algo": 0.0,
    "oops": 0.0,
    "dbms": 0.0,
    "os": 0.0,
    "cn": 0.16590710664331526,
    "system_design": 0.0
  },
  "consecutive_low_scores": 1,
  "safety_constraints_applied": true
}