{
  "total_episodes": 391,
  "epoch": 1,
  "epoch_episode": 391,
  "question_number": 4,
  "topic": "oops",
  "subtopic": "Abstraction",
  "difficulty": 2.5177496465378635,
  "performance": 0.14007680839844194,
  "time_taken": 14.75390811798077,
  "actor_loss": -0.0024482258320455397,
  "value_loss": 26.917573020011424,
  "entropy_loss": -0.005143223371472214,
  "topic_means": {
    "ds": 0.5266582587196549,
    "algo": 0.0,
    "oops": 0.13892848216377413,
    "dbms": 0.15033377707527446,
    "os": 0.0,
    "cn": 0.0,
    "system_design": 0.0
  },
  "consecutive_low_scores": 2,
  "safety_constraints_applied": true
}