{
  "total_episodes": 1405,
  "epoch": 3,
  "epoch_episode": 405,
  "question_number": 8,
  "topic": "algo",
  "subtopic": "Greedy",
  "difficulty": 1.188,
  "performance": 0.0836693431664235,
  "time_taken": 12.739884747529098,
  "actor_loss": 0.0002781013089192895,
  "value_loss": 21.24167779179992,
  "entropy_loss": 0.005092441814739842,
  "topic_means": {
    "ds": 0.1316644263549585,
    "algo": 0.11475421380817269,
    "oops": 0.26527590065472845,
    "dbms": 0.0,
    "os": 0.0,
    "cn": 0.0,
    "system_design": 0.14489479316740142
  },
  "consecutive_low_scores": 7,
  "safety_constraints_applied": true
}