{
  "total_episodes": 340,
  "epoch": 1,
  "epoch_episode": 340,
  "question_number": 2,
  "topic": "algo",
  "subtopic": "Sorting",
  "difficulty": 4.857762179610604,
  "performance": 0.3975589056894646,
  "time_taken": 12.14059588047115,
  "actor_loss": -4.6122360959009735e-05,
  "value_loss": 28.39491318197546,
  "entropy_loss": -0.0057487563630028065,
  "topic_means": {
    "ds": 0.0,
    "algo": 0.3417398161131663,
    "oops": 0.0,
    "dbms": 0.0,
    "os": 0.0,
    "cn": 0.0,
    "system_design": 0.0
  },
  "consecutive_low_scores": 1,
  "safety_constraints_applied": true
}