{
  "total_episodes": 1524,
  "epoch": 4,
  "epoch_episode": 24,
  "question_number": 2,
  "topic": "oops",
  "subtopic": "Design Patterns",
  "difficulty": 3.4789185405921925,
  "performance": 0.13044994543303579,
  "time_taken": 14.48653053286785,
  "actor_loss": -0.004193625307869251,
  "value_loss": 26.67439223026964,
  "entropy_loss": 0.006259417028709642,
  "topic_means": {
    "ds": 0.0,
    "algo": 0.0,
    "oops": 0.13044994543303579,
    "dbms": 0.0,
    "os": 0.0,
    "cn": 0.0,
    "system_design": 0.1596395135307309
  },
  "consecutive_low_scores": 1,
  "safety_constraints_applied": true
}