{
  "total_episodes": 1988,
  "epoch": 4,
  "epoch_episode": 488,
  "question_number": 2,
  "topic": "oops",
  "subtopic": "Abstraction",
  "difficulty": 3.934844609628975,
  "performance": 0.3319032948880812,
  "time_taken": 12.734134546875813,
  "actor_loss": -0.000284040985630029,
  "value_loss": 25.085417777283418,
  "entropy_loss": 0.005871304274392463,
  "topic_means": {
    "ds": 0.0,
    "algo": 0.0,
    "oops": 0.3217590823822031,
    "dbms": 0.0,
    "os": 0.0,
    "cn": 0.0,
    "system_design": 0.0
  },
  "consecutive_low_scores": 0,
  "safety_constraints_applied": true
}