{
  "total_episodes": 2125,
  "epoch": 5,
  "epoch_episode": 125,
  "question_number": 8,
  "topic": "ds",
  "subtopic": "Arrays",
  "difficulty": 1.584,
  "performance": 0.09195861779153515,
  "time_taken": 13.834477993646273,
  "actor_loss": 0.0003738262225681358,
  "value_loss": 22.05711218982564,
  "entropy_loss": 0.004685765086095037,
  "topic_means": {
    "ds": 0.1123847990032811,
    "algo": 0.1423579228440936,
    "oops": 0.09887586440352829,
    "dbms": 0.0,
    "os": 0.0,
    "cn": 0.15520285379029014,
    "system_design": 0.0
  },
  "consecutive_low_scores": 7,
  "safety_constraints_applied": true
}