{
  "total_episodes": 679,
  "epoch": 2,
  "epoch_episode": 179,
  "question_number": 4,
  "topic": "ds",
  "subtopic": "Linked Lists",
  "difficulty": 4.119148885229153,
  "performance": 0.4329751543961819,
  "time_taken": 8.405237004891022,
  "actor_loss": -0.0014296911481837306,
  "value_loss": 23.311583253923757,
  "entropy_loss": -0.001614615926686178,
  "topic_means": {
    "ds": 0.4490858960298716,
    "algo": 0.0,
    "oops": 0.20486635153572075,
    "dbms": 0.0,
    "os": 0.0,
    "cn": 0.0,
    "system_design": 0.0
  },
  "consecutive_low_scores": 1,
  "safety_constraints_applied": true
}