{
  "total_episodes": 1866,
  "epoch": 4,
  "epoch_episode": 366,
  "question_number": 6,
  "topic": "ds",
  "subtopic": "Arrays",
  "difficulty": 1.188,
  "performance": 0.09615805260161883,
  "time_taken": 14.262244444750882,
  "actor_loss": 0.027981168512421696,
  "value_loss": 28.7069334762847,
  "entropy_loss": 0.008209507794463385,
  "topic_means": {
    "ds": 0.12425006967574496,
    "algo": 0.34104688492137947,
    "oops": 0.2519068526551626,
    "dbms": 0.0,
    "os": 0.0,
    "cn": 0.0,
    "system_design": 0.0
  },
  "consecutive_low_scores": 3,
  "safety_constraints_applied": true
}