{
  "total_episodes": 1764,
  "epoch": 4,
  "epoch_episode": 264,
  "question_number": 2,
  "topic": "oops",
  "subtopic": "Classes",
  "difficulty": 3.432815573628048,
  "performance": 0.3946308662390045,
  "time_taken": 9.154936815158353,
  "actor_loss": 0.023258023447431848,
  "value_loss": 22.648715144884942,
  "entropy_loss": 0.00774830651074621,
  "topic_means": {
    "ds": 0.14427185787601596,
    "algo": 0.0,
    "oops": 0.3946308662390045,
    "dbms": 0.0,
    "os": 0.0,
    "cn": 0.0,
    "system_design": 0.0
  },
  "consecutive_low_scores": 1,
  "safety_constraints_applied": true
}