{
  "total_episodes": 1460,
  "epoch": 3,
  "epoch_episode": 460,
  "question_number": 2,
  "topic": "ds",
  "subtopic": "Graphs",
  "difficulty": 3.954728408880386,
  "performance": 0.2616722015387218,
  "time_taken": 13.742678424608544,
  "actor_loss": 0.0026304915917380566,
  "value_loss": 23.1446951182311,
  "entropy_loss": 0.004560406260826858,
  "topic_means": {
    "ds": 0.2616722015387218,
    "algo": 0.0,
    "oops": 0.0,
    "dbms": 0.3182428029601285,
    "os": 0.0,
    "cn": 0.0,
    "system_design": 0.0
  },
  "consecutive_low_scores": 0,
  "safety_constraints_applied": true
}