{
  "total_episodes": 189,
  "epoch": 1,
  "epoch_episode": 189,
  "question_number": 8,
  "topic": "oops",
  "subtopic": "Design Patterns",
  "difficulty": 1.584,
  "performance": 0.1473238227222824,
  "time_taken": 6.488066211750197,
  "actor_loss": -0.00058496240908259,
  "value_loss": 26.44222463910417,
  "entropy_loss": -0.01001132781967914,
  "topic_means": {
    "ds": 0.0,
    "algo": 0.13407118796646245,
    "oops": 0.12434769023862546,
    "dbms": 0.0,
    "os": 0.0,
    "cn": 0.14884515278036883,
    "system_design": 0.0
  },
  "consecutive_low_scores": 7,
  "safety_constraints_applied": true
}