{
  "total_episodes": 1482,
  "epoch": 3,
  "epoch_episode": 482,
  "question_number": 6,
  "topic": "ds",
  "subtopic": "Linked Lists",
  "difficulty": 3.281959394576298,
  "performance": 0.12046510951684954,
  "time_taken": 17.54121869877959,
  "actor_loss": -0.0029954321830931016,
  "value_loss": 23.040414298514904,
  "entropy_loss": 0.005486440543878828,
  "topic_means": {
    "ds": 0.1432187975614069,
    "algo": 0.4495592543013468,
    "oops": 0.2359187493162591,
    "dbms": 0.0,
    "os": 0.0,
    "cn": 0.0,
    "system_design": 0.0
  },
  "consecutive_low_scores": 3,
  "safety_constraints_applied": true
}