{
  "total_episodes": 1847,
  "epoch": 4,
  "epoch_episode": 347,
  "question_number": 4,
  "topic": "algo",
  "subtopic": "Greedy",
  "difficulty": 1.584,
  "performance": 0.23674706224088526,
  "time_taken": 14.032728473708431,
  "actor_loss": 0.004562726421778181,
  "value_loss": 24.877455487730852,
  "entropy_loss": 0.007809816725600338,
  "topic_means": {
    "ds": 0.0,
    "algo": 0.19642640940629055,
    "oops": 0.1441761361989944,
    "dbms": 0.0,
    "os": 0.0,
    "cn": 0.0,
    "system_design": 0.0
  },
  "consecutive_low_scores": 3,
  "safety_constraints_applied": true
}