{
  "total_episodes": 2429,
  "epoch": 5,
  "epoch_episode": 429,
  "question_number": 8,
  "topic": "algo",
  "subtopic": "Greedy",
  "difficulty": 2.837941159818161,
  "performance": 0.39700515361085076,
  "time_taken": 9.579277562974335,
  "actor_loss": 0.014501768821357919,
  "value_loss": 21.86024541431732,
  "entropy_loss": 0.007638397685513544,
  "topic_means": {
    "ds": 0.13207678662730152,
    "algo": 0.4419086470337099,
    "oops": 0.36929495835683,
    "dbms": 0.0,
    "os": 0.0,
    "cn": 0.0,
    "system_design": 0.0
  },
  "consecutive_low_scores": 3,
  "safety_constraints_applied": true
}