{
  "total_episodes": 221,
  "epoch": 1,
  "epoch_episode": 221,
  "question_number": 8,
  "topic": "algo",
  "subtopic": "Greedy",
  "difficulty": 1.188,
  "performance": 0.08482039731528232,
  "time_taken": 16.363522354458865,
  "actor_loss": 0.005023221450884544,
  "value_loss": 26.576140988620114,
  "entropy_loss": -0.009354573954374851,
  "topic_means": {
    "ds": 0.12803545820657203,
    "algo": 0.11832097470100213,
    "oops": 0.2421838044297008,
    "dbms": 0.16881160949967272,
    "os": 0.0,
    "cn": 0.0,
    "system_design": 0.0
  },
  "consecutive_low_scores": 7,
  "safety_constraints_applied": true
}