{
  "total_episodes": 2000,
  "epoch": 4,
  "epoch_episode": 500,
  "question_number": 10,
  "topic": "ds",
  "subtopic": "Arrays",
  "difficulty": 2.5402627663181687,
  "performance": 0.3655428060377873,
  "time_taken": 10.22090380242272,
  "actor_loss": -0.004786750093201985,
  "value_loss": 23.15662283558215,
  "entropy_loss": 0.00666714336415534,
  "topic_means": {
    "ds": 0.3420518794441717,
    "algo": 0.39931793972598123,
    "oops": 0.10536843616185096,
    "dbms": 0.0,
    "os": 0.0,
    "cn": 0.0,
    "system_design": 0.0
  },
  "consecutive_low_scores": 3,
  "safety_constraints_applied": true
}