{
  "total_episodes": 1168,
  "epoch": 3,
  "epoch_episode": 168,
  "question_number": 10,
  "topic": "oops",
  "subtopic": "Polymorphism",
  "difficulty": 1.584,
  "performance": 0.13390769877868702,
  "time_taken": 13.702219799471976,
  "actor_loss": 0.005262557746880886,
  "value_loss": 31.902353168625133,
  "entropy_loss": 0.0027346968923789043,
  "topic_means": {
    "ds": 0.3067512931103841,
    "algo": 0.4072575734925513,
    "oops": 0.15946511383252945,
    "dbms": 0.14136142240877553,
    "os": 0.0,
    "cn": 0.0,
    "system_design": 0.0
  },
  "consecutive_low_scores": 6,
  "safety_constraints_applied": true
}