{
  "total_episodes": 605,
  "epoch": 2,
  "epoch_episode": 105,
  "question_number": 8,
  "topic": "algo",
  "subtopic": "Sorting",
  "difficulty": 1.188,
  "performance": 0.21857677951766954,
  "time_taken": 11.255114042820589,
  "actor_loss": 8.039935642837736e-05,
  "value_loss": 22.75128562998689,
  "entropy_loss": -0.0029362645953535044,
  "topic_means": {
    "ds": 0.11729946821259771,
    "algo": 0.2057327646744025,
    "oops": 0.5137774577475683,
    "dbms": 0.0,
    "os": 0.16929623475364128,
    "cn": 0.0,
    "system_design": 0.0
  },
  "consecutive_low_scores": 6,
  "safety_constraints_applied": true
}