{
  "total_episodes": 84,
  "epoch": 1,
  "epoch_episode": 84,
  "question_number": 2,
  "topic": "oops",
  "subtopic": "Classes",
  "difficulty": 3.4696362282280884,
  "performance": 0.36449159096476574,
  "time_taken": 14.189758686501852,
  "actor_loss": -0.0007271317887984456,
  "value_loss": 29.06207884175031,
  "entropy_loss": -0.01341545892480316,
  "topic_means": {
    "ds": 0.0,
    "algo": 0.0,
    "oops": 0.36449159096476574,
    "dbms": 0.0,
    "os": 0.0,
    "cn": 0.0,
    "system_design": 0.15654540940936273
  },
  "consecutive_low_scores": 1,
  "safety_constraints_applied": true
}