{
  "total_episodes": 816,
  "epoch": 2,
  "epoch_episode": 316,
  "question_number": 10,
  "topic": "ds",
  "subtopic": "Linked Lists",
  "difficulty": 1.188,
  "performance": 0.22890105309686568,
  "time_taken": 13.493415401252893,
  "actor_loss": -0.005098060684178943,
  "value_loss": 25.581302280123044,
  "entropy_loss": -0.0005509669442760174,
  "topic_means": {
    "ds": 0.3374254331675252,
    "algo": 0.10907602559543636,
    "oops": 0.11577907835174504,
    "dbms": 0.0,
    "os": 0.0,
    "cn": 0.0,
    "system_design": 0.0
  },
  "consecutive_low_scores": 8,
  "safety_constraints_applied": true
}