{
  "total_episodes": 276,
  "epoch": 1,
  "epoch_episode": 276,
  "question_number": 2,
  "topic": "oops",
  "subtopic": "Design Patterns",
  "difficulty": 4.22426124189364,
  "performance": 0.21253210330480826,
  "time_taken": 7.73865710375984,
  "actor_loss": 0.00023385882623640913,
  "value_loss": 19.912598223961922,
  "entropy_loss": -0.007350261767494988,
  "topic_means": {
    "ds": 0.0,
    "algo": 0.0,
    "oops": 0.21253210330480826,
    "dbms": 0.40808708063121313,
    "os": 0.0,
    "cn": 0.0,
    "system_design": 0.0
  },
  "consecutive_low_scores": 0,
  "safety_constraints_applied": true
}