{
  "total_episodes": 2068,
  "epoch": 5,
  "epoch_episode": 68,
  "question_number": 2,
  "topic": "algo",
  "subtopic": "Sorting",
  "difficulty": 4.5022672228767,
  "performance": 0.4510371420175694,
  "time_taken": 10.431110027328872,
  "actor_loss": -0.0003905361247822824,
  "value_loss": 22.512098983213836,
  "entropy_loss": 0.00454835480573694,
  "topic_means": {
    "ds": 0.0,
    "algo": 0.4510371420175694,
    "oops": 0.16742240762556665,
    "dbms": 0.0,
    "os": 0.0,
    "cn": 0.0,
    "system_design": 0.0
  },
  "consecutive_low_scores": 1,
  "safety_constraints_applied": true
}