{
  "total_episodes": 2064,
  "epoch": 5,
  "epoch_episode": 64,
  "question_number": 10,
  "topic": "oops",
  "subtopic": "Inheritance",
  "difficulty": 1.188,
  "performance": 0.2316226630692853,
  "time_taken": 14.182287685163397,
  "actor_loss": -0.0016616635396730136,
  "value_loss": 24.320260813701196,
  "entropy_loss": 0.004183407798542716,
  "topic_means": {
    "ds": 0.1524274397756671,
    "algo": 0.3973129216641873,
    "oops": 0.12691005141687728,
    "dbms": 0.0,
    "os": 0.0,
    "cn": 0.0,
    "system_design": 0.1640582205687417
  },
  "consecutive_low_scores": 8,
  "safety_constraints_applied": true
}