{
  "total_episodes": 1040,
  "epoch": 3,
  "epoch_episode": 40,
  "question_number": 10,
  "topic": "algo",
  "subtopic": "Sorting",
  "difficulty": 2.5476476684734144,
  "performance": 0.419591859359572,
  "time_taken": 10.633277551485795,
  "actor_loss": 0.0007145357371305606,
  "value_loss": 26.082513563157146,
  "entropy_loss": 0.002560759614527002,
  "topic_means": {
    "ds": 0.1220268426279292,
    "algo": 0.43632945011517543,
    "oops": 0.36929495835683,
    "dbms": 0.0,
    "os": 0.0,
    "cn": 0.0,
    "system_design": 0.0
  },
  "consecutive_low_scores": 4,
  "safety_constraints_applied": true
}