{
  "total_episodes": 1453,
  "epoch": 3,
  "epoch_episode": 453,
  "question_number": 8,
  "topic": "ds",
  "subtopic": "Linked Lists",
  "difficulty": 1.188,
  "performance": 0.06439342881668855,
  "time_taken": 13.617461697751715,
  "actor_loss": -0.0012635189462580718,
  "value_loss": 26.119301436595567,
  "entropy_loss": 0.005264027003551161,
  "topic_means": {
    "ds": 0.10351863816466758,
    "algo": 0.25730137735449543,
    "oops": 0.13459189423172555,
    "dbms": 0.0,
    "os": 0.0,
    "cn": 0.0,
    "system_design": 0.0
  },
  "consecutive_low_scores": 7,
  "safety_constraints_applied": true
}