{
  "total_episodes": 493,
  "epoch": 1,
  "epoch_episode": 493,
  "question_number": 8,
  "topic": "algo",
  "subtopic": "Searching",
  "difficulty": 2.5142141408357728,
  "performance": 0.32989489362438196,
  "time_taken": 10.672885877216297,
  "actor_loss": 0.00035999677705298507,
  "value_loss": 28.40278014596756,
  "entropy_loss": -0.003951027352557412,
  "topic_means": {
    "ds": 0.3361791477957678,
    "algo": 0.3738567732435222,
    "oops": 0.10536843616185096,
    "dbms": 0.0,
    "os": 0.0,
    "cn": 0.0,
    "system_design": 0.0
  },
  "consecutive_low_scores": 3,
  "safety_constraints_applied": true
}