{
  "total_episodes": 1687,
  "epoch": 4,
  "epoch_episode": 187,
  "question_number": 4,
  "topic": "ds",
  "subtopic": "Arrays",
  "difficulty": 3.1257961750476406,
  "performance": 0.23031967866800906,
  "time_taken": 14.096376535567824,
  "actor_loss": -0.01290318838378037,
  "value_loss": 26.668461725188656,
  "entropy_loss": 0.00816386813239154,
  "topic_means": {
    "ds": 0.2802922184177082,
    "algo": 0.12549783409312742,
    "oops": 0.0,
    "dbms": 0.0,
    "os": 0.0,
    "cn": 0.0,
    "system_design": 0.0
  },
  "consecutive_low_scores": 2,
  "safety_constraints_applied": true
}