{
  "total_episodes": 1072,
  "epoch": 3,
  "epoch_episode": 72,
  "question_number": 10,
  "topic": "oops",
  "subtopic": "Abstraction",
  "difficulty": 1.188,
  "performance": 0.04110945845867944,
  "time_taken": 12.509529986576522,
  "actor_loss": 0.0033046555483818053,
  "value_loss": 26.95387305470853,
  "entropy_loss": 0.0022663504235001146,
  "topic_means": {
    "ds": 0.3202314729287658,
    "algo": 0.10421532849905198,
    "oops": 0.0698072403907381,
    "dbms": 0.0,
    "os": 0.1523829162458733,
    "cn": 0.0,
    "system_design": 0.0
  },
  "consecutive_low_scores": 7,
  "safety_constraints_applied": true
}