{
  "total_episodes": 477,
  "epoch": 1,
  "epoch_episode": 477,
  "question_number": 8,
  "topic": "ds",
  "subtopic": "Graphs",
  "difficulty": 2.661504707336107,
  "performance": 0.43258819698056894,
  "time_taken": 8.468990264315385,
  "actor_loss": 0.0007352105181650175,
  "value_loss": 21.077769954219978,
  "entropy_loss": -0.0037901630699580984,
  "topic_means": {
    "ds": 0.4493835742624363,
    "algo": 0.13011981993286942,
    "oops": 0.0,
    "dbms": 0.0,
    "os": 0.0,
    "cn": 0.0,
    "system_design": 0.0
  },
  "consecutive_low_scores": 4,
  "safety_constraints_applied": true
}