{
  "total_episodes": 2388,
  "epoch": 5,
  "epoch_episode": 388,
  "question_number": 2,
  "topic": "ds",
  "subtopic": "Heaps",
  "difficulty": 3.4379425537208843,
  "performance": 0.35643952221135256,
  "time_taken": 9.783537984535805,
  "actor_loss": -0.020034969975915962,
  "value_loss": 26.133697432788118,
  "entropy_loss": 0.006608789157224791,
  "topic_means": {
    "ds": 0.2512101867258236,
    "algo": 0.0,
    "oops": 0.0,
    "dbms": 0.0,
    "os": 0.0,
    "cn": 0.0,
    "system_design": 0.0
  },
  "consecutive_low_scores": 1,
  "safety_constraints_applied": true
}