{
  "total_episodes": 621,
  "epoch": 2,
  "epoch_episode": 121,
  "question_number": 8,
  "topic": "ds",
  "subtopic": "Graphs",
  "difficulty": 1.584,
  "performance": 0.26091618258916827,
  "time_taken": 12.733563128807505,
  "actor_loss": 0.0024891056525097694,
  "value_loss": 19.60062886085155,
  "entropy_loss": -0.002905277568087178,
  "topic_means": {
    "ds": 0.3114851520123816,
    "algo": 0.2274795062506894,
    "oops": 0.5454379764745281,
    "dbms": 0.0,
    "os": 0.0,
    "cn": 0.0,
    "system_design": 0.16029320573684258
  },
  "consecutive_low_scores": 5,
  "safety_constraints_applied": true
}