{
  "total_episodes": 148,
  "epoch": 1,
  "epoch_episode": 148,
  "question_number": 2,
  "topic": "oops",
  "subtopic": "Classes",
  "difficulty": 3.4393845933483473,
  "performance": 0.14958101291286935,
  "time_taken": 13.863926803512552,
  "actor_loss": -0.009108243342011144,
  "value_loss": 23.536463157603603,
  "entropy_loss": -0.011241021684121433,
  "topic_means": {
    "ds": 0.0,
    "algo": 0.0,
    "oops": 0.14958101291286935,
    "dbms": 0.0,
    "os": 0.0,
    "cn": 0.14646153111611582,
    "system_design": 0.0
  },
  "consecutive_low_scores": 1,
  "safety_constraints_applied": true
}