{
  "total_episodes": 1712,
  "epoch": 4,
  "epoch_episode": 212,
  "question_number": 10,
  "topic": "ds",
  "subtopic": "Linked Lists",
  "difficulty": 2.333095938122447,
  "performance": 0.24868514935813515,
  "time_taken": 12.862666836024797,
  "actor_loss": 0.04679591425681924,
  "value_loss": 27.77414334934402,
  "entropy_loss": 0.008227272060021183,
  "topic_means": {
    "ds": 0.33999785537874583,
    "algo": 0.09920656020965006,
    "oops": 0.13409259144766852,
    "dbms": 0.0,
    "os": 0.0,
    "cn": 0.0,
    "system_design": 0.0
  },
  "consecutive_low_scores": 6,
  "safety_constraints_applied": true
}