{
  "total_episodes": 784,
  "epoch": 2,
  "epoch_episode": 284,
  "question_number": 10,
  "topic": "ds",
  "subtopic": "Trees",
  "difficulty": 1.188,
  "performance": 0.07077312061547178,
  "time_taken": 17.215552372114598,
  "actor_loss": -0.003137977361445219,
  "value_loss": 23.797520753385875,
  "entropy_loss": -0.0011496290223031126,
  "topic_means": {
    "ds": 0.10652132485477797,
    "algo": 0.29835337037397536,
    "oops": 0.2568462528921082,
    "dbms": 0.0,
    "os": 0.0,
    "cn": 0.0,
    "system_design": 0.0
  },
  "consecutive_low_scores": 8,
  "safety_constraints_applied": true
}