{
  "total_episodes": 1591,
  "epoch": 4,
  "epoch_episode": 91,
  "question_number": 4,
  "topic": "algo",
  "subtopic": "Searching",
  "difficulty": 1.584,
  "performance": 0.15208946343821647,
  "time_taken": 11.062901934268718,
  "actor_loss": -0.0003408641436343868,
  "value_loss": 32.42337888837132,
  "entropy_loss": 0.006501934844956897,
  "topic_means": {
    "ds": 0.0,
    "algo": 0.16844968508970107,
    "oops": 0.0,
    "dbms": 0.0,
    "os": 0.22628068926120506,
    "cn": 0.0,
    "system_design": 0.0
  },
  "consecutive_low_scores": 3,
  "safety_constraints_applied": true
}