{
  "total_episodes": 1050,
  "epoch": 3,
  "epoch_episode": 50,
  "question_number": 6,
  "topic": "oops",
  "subtopic": "Classes",
  "difficulty": 1.188,
  "performance": 0.10389930000461643,
  "time_taken": 11.964856017098182,
  "actor_loss": 0.001861882816355881,
  "value_loss": 23.05178913548178,
  "entropy_loss": 0.002571963493433689,
  "topic_means": {
    "ds": 0.12536100504032946,
    "algo": 0.0,
    "oops": 0.1220445476260542,
    "dbms": 0.0,
    "os": 0.0,
    "cn": 0.0,
    "system_design": 0.0
  },
  "consecutive_low_scores": 5,
  "safety_constraints_applied": true
}