{
  "total_episodes": 362,
  "epoch": 1,
  "epoch_episode": 362,
  "question_number": 6,
  "topic": "algo",
  "subtopic": "Backtracking",
  "difficulty": 1.188,
  "performance": 0.1655677367396473,
  "time_taken": 12.419109822009611,
  "actor_loss": -0.005342242718601633,
  "value_loss": 26.312193231298988,
  "entropy_loss": -0.005617416210085464,
  "topic_means": {
    "ds": 0.0,
    "algo": 0.2139304743914366,
    "oops": 0.24150999792263658,
    "dbms": 0.0,
    "os": 0.0,
    "cn": 0.0,
    "system_design": 0.14290671890958562
  },
  "consecutive_low_scores": 5,
  "safety_constraints_applied": true
}