{
  "total_episodes": 1284,
  "epoch": 3,
  "epoch_episode": 284,
  "question_number": 2,
  "topic": "oops",
  "subtopic": "Design Patterns",
  "difficulty": 3.615292471883549,
  "performance": 0.5024193594706958,
  "time_taken": 9.815682017729609,
  "actor_loss": -0.00021841075544395196,
  "value_loss": 31.687707870385577,
  "entropy_loss": 0.004598372623095737,
  "topic_means": {
    "ds": 0.2050974906278496,
    "algo": 0.0,
    "oops": 0.5024193594706958,
    "dbms": 0.0,
    "os": 0.0,
    "cn": 0.0,
    "system_design": 0.0
  },
  "consecutive_low_scores": 1,
  "safety_constraints_applied": true
}