{
  "total_episodes": 176,
  "epoch": 1,
  "epoch_episode": 176,
  "question_number": 10,
  "topic": "oops",
  "subtopic": "Inheritance",
  "difficulty": 1.188,
  "performance": 0.1705423095052822,
  "time_taken": 13.272246057273781,
  "actor_loss": 0.010636918556184503,
  "value_loss": 26.240628154641293,
  "entropy_loss": -0.010169831493064186,
  "topic_means": {
    "ds": 0.09215103904267008,
    "algo": 0.12937343360439502,
    "oops": 0.30728157124933975,
    "dbms": 0.0,
    "os": 0.0,
    "cn": 0.0,
    "system_design": 0.0
  },
  "consecutive_low_scores": 7,
  "safety_constraints_applied": true
}