{
  "total_episodes": 480,
  "epoch": 1,
  "epoch_episode": 480,
  "question_number": 10,
  "topic": "ds",
  "subtopic": "Trees",
  "difficulty": 2.3921366117173744,
  "performance": 0.5088063024815546,
  "time_taken": 9.24503168805794,
  "actor_loss": 0.00163650648354343,
  "value_loss": 22.820486486087972,
  "entropy_loss": -0.003957159503023023,
  "topic_means": {
    "ds": 0.46529807739965373,
    "algo": 0.09849615303072828,
    "oops": 0.0,
    "dbms": 0.0,
    "os": 0.0,
    "cn": 0.0,
    "system_design": 0.0
  },
  "consecutive_low_scores": 4,
  "safety_constraints_applied": true
}