{
  "total_episodes": 2279,
  "epoch": 5,
  "epoch_episode": 279,
  "question_number": 4,
  "topic": "oops",
  "subtopic": "Design Patterns",
  "difficulty": 2.4977634618813815,
  "performance": 0.21597791619160775,
  "time_taken": 11.609551788183342,
  "actor_loss": 0.004470404529384223,
  "value_loss": 27.776075653685666,
  "entropy_loss": 0.0061759033969209605,
  "topic_means": {
    "ds": 0.46600980156236527,
    "algo": 0.16385012002909985,
    "oops": 0.18530404417990542,
    "dbms": 0.0,
    "os": 0.0,
    "cn": 0.0,
    "system_design": 0.0
  },
  "consecutive_low_scores": 2,
  "safety_constraints_applied": true
}