{
  "total_episodes": 1133,
  "epoch": 3,
  "epoch_episode": 133,
  "question_number": 8,
  "topic": "oops",
  "subtopic": "Classes",
  "difficulty": 2.701464854873776,
  "performance": 0.2582384097527055,
  "time_taken": 7.654540493897236,
  "actor_loss": -0.0028934216002385127,
  "value_loss": 21.568680169988117,
  "entropy_loss": 0.0025092262975514486,
  "topic_means": {
    "ds": 0.40712170353129823,
    "algo": 0.0,
    "oops": 0.28325578098340126,
    "dbms": 0.2584654033865357,
    "os": 0.0,
    "cn": 0.0,
    "system_design": 0.0
  },
  "consecutive_low_scores": 2,
  "safety_constraints_applied": true
}