{
  "interview_num": 1260,
  "stats": {
    "average_score": 0.27716352311215836,
    "time_efficiency": 0.4067780024994206,
    "topic_performances": {
      "ds": 0.34803834108789183,
      "algo": 0.12937880105162178,
      "oops": 0.4198697590984005,
      "dbms": 0.2266026494336027,
      "os": 0.0,
      "cn": 0.0,
      "system_design": 0.0
    },
    "current_streak": 0,
    "difficulty_level": 1.0
  },
  "timestamp": "20250503_213501"
}