{
  "episode": 2480,
  "epoch": 5,
  "mean_reward": 0.18985869296974928,
  "best_reward": 0.4567905254997499,
  "avg_reward_100": 0.2180232094469404,
  "avg_policy_loss_100": 0.0001579613116243208,
  "avg_value_loss_100": 8.796431298023144,
  "timestamp": "20250507_112413"
}