{
  "episode": 930,
  "epoch": 2,
  "mean_reward": 0.21502674257535212,
  "best_reward": 0.4567905254997499,
  "avg_reward_100": 0.21532176804503972,
  "avg_policy_loss_100": -1.7542834176506745e-05,
  "avg_value_loss_100": 8.77237678704173,
  "timestamp": "20250507_112138"
}