{
  "episode": 1330,
  "epoch": 3,
  "mean_reward": 0.24259193868734305,
  "best_reward": 0.4567905254997499,
  "timestamp": "20250503_213507"
}