{
  "episode": 1350,
  "epoch": 3,
  "mean_reward": 0.17344923693496153,
  "best_reward": 0.4567905254997499,
  "avg_reward_100": 0.2150398377965196,
  "avg_policy_loss_100": 0.00017345825451379446,
  "avg_value_loss_100": 8.500207861964082,
  "timestamp": "20250507_112214"
}