{
  "interview_num": 2110,
  "stats": {
    "average_score": 0.19191652422384245,
    "time_efficiency": 0.19363836733199413,
    "topic_performances": {
      "ds": 0.2262459425361306,
      "algo": 0.325265801298669,
      "oops": 0.11566743206477555,
      "dbms": 0.0,
      "os": 0.0,
      "cn": 0.0,
      "system_design": 0.0
    },
    "current_streak": 0,
    "difficulty_level": 1.0
  },
  "timestamp": "20250503_220036"
}