{
  "interview_num": 900,
  "stats": {
    "average_score": 0.17321856115657813,
    "time_efficiency": 0.1578677293393898,
    "topic_performances": {
      "ds": 0.09217732984695676,
      "algo": 0.4161162760382275,
      "oops": 0.11383186643863324,
      "dbms": 0.16809360419392305,
      "os": 0.0,
      "cn": 0.0,
      "system_design": 0.0
    },
    "current_streak": 0,
    "difficulty_level": 1.0
  },
  "timestamp": "20250503_215849"
}