{
  "episode": 1510,
  "epoch": 4,
  "mean_reward": 0.28412984348368797,
  "best_reward": 0.4567905254997499,
  "timestamp": "20250503_215941"
}