{
  "episode": 2410,
  "epoch": 5,
  "mean_reward": 0.2200278970650571,
  "best_reward": 0.4567905254997499,
  "avg_reward_100": 0.2169674965104672,
  "avg_policy_loss_100": 0.00010221071798410286,
  "avg_value_loss_100": 8.724571124689966,
  "timestamp": "20250507_112405"
}