{
  "episode": 160,
  "epoch": 1,
  "mean_reward": 0.1748226886426106,
  "best_reward": 0.4567905254997499,
  "timestamp": "20250503_215800"
}