{
  "episode": 760,
  "epoch": 2,
  "mean_reward": 0.22739309196559296,
  "best_reward": 0.4567905254997499,
  "avg_reward_100": 0.22116217759256113,
  "avg_policy_loss_100": 0.00016085303761496176,
  "avg_value_loss_100": 8.737944053721264,
  "timestamp": "20250507_112124"
}