{
  "episode": 1810,
  "epoch": 4,
  "mean_reward": 0.15150490999832913,
  "best_reward": 0.4567905254997499,
  "avg_reward_100": 0.21822739518712553,
  "avg_policy_loss_100": 0.00021610397621838956,
  "avg_value_loss_100": 8.70082577017986,
  "timestamp": "20250507_112258"
}