{
  "episode": 990,
  "epoch": 2,
  "mean_reward": 0.2261107573401265,
  "best_reward": 0.4567905254997499,
  "timestamp": "20250503_211001"
}