{
  "episode": 90,
  "epoch": 1,
  "mean_reward": 0.22035443104166377,
  "best_reward": 0.3715275417899425,
  "avg_reward_100": 0.2072235385993099,
  "avg_policy_loss_100": 0.017480205560106283,
  "avg_value_loss_100": 8.88135147731737,
  "timestamp": "20250507_112035"
}