{
  "interview_num": 280,
  "stats": {
    "average_score": 0.13840892848773673,
    "time_efficiency": 0.1678664075468436,
    "topic_performances": {
      "ds": 0.08983237067504721,
      "algo": 0.3512560688684601,
      "oops": 0.13192232579207205,
      "dbms": 0.0,
      "os": 0.0,
      "cn": 0.0,
      "system_design": 0.14581443014043005
    },
    "current_streak": 0,
    "difficulty_level": 1.0
  },
  "timestamp": "20250503_215807"
}