{
  "episode": 2000,
  "epoch": 4,
  "mean_reward": 0.22815154936335805,
  "best_reward": 0.4567905254997499,
  "avg_reward_100": 0.2089465101541302,
  "avg_policy_loss_100": 0.00011274569094042967,
  "avg_value_loss_100": 8.616915222652851,
  "timestamp": "20250507_112319"
}