{
  "interview_num": 1560,
  "stats": {
    "average_score": 0.2363844744926785,
    "time_efficiency": 0.06928000040518262,
    "topic_performances": {
      "ds": 0.20532970341277726,
      "algo": 0.24720678044257366,
      "oops": 0.25591086623779236,
      "dbms": 0.0,
      "os": 0.0,
      "cn": 0.0,
      "system_design": 0.0
    },
    "current_streak": 0,
    "difficulty_level": 1.0
  },
  "timestamp": "20250503_215946"
}