{
  "episode": 440,
  "epoch": 1,
  "mean_reward": 0.1567568229367467,
  "best_reward": 0.4567905254997499,
  "timestamp": "20250503_215817"
}