{
  "episode": 630,
  "epoch": 2,
  "mean_reward": 0.28469095531712185,
  "best_reward": 0.4567905254997499,
  "timestamp": "20250503_210933"
}