{
  "episode": 490,
  "epoch": 1,
  "mean_reward": 0.27562725090330226,
  "best_reward": 0.4567905254997499,
  "avg_reward_100": 0.2119233486503084,
  "avg_policy_loss_100": -6.243087512824001e-05,
  "avg_value_loss_100": 8.802537494140134,
  "timestamp": "20250507_112102"
}