{
  "episode": 2340,
  "epoch": 5,
  "mean_reward": 0.23091446361367113,
  "best_reward": 0.4567905254997499,
  "timestamp": "20250503_220059"
}