{
  "episode": 560,
  "epoch": 2,
  "mean_reward": 0.15560372329971753,
  "best_reward": 0.4567905254997499,
  "timestamp": "20250503_213409"
}