{
  "interview_num": 2250,
  "stats": {
    "average_score": 0.1737050055856529,
    "time_efficiency": 0.4140851511410924,
    "topic_performances": {
      "ds": 0.13907290593033594,
      "algo": 0.09663688679048961,
      "oops": 0.23379871672487762,
      "dbms": 0.0,
      "os": 0.0,
      "cn": 0.0,
      "system_design": 0.0
    },
    "current_streak": 0,
    "difficulty_level": 10.0
  },
  "timestamp": "20250503_211156"
}