{
  "episode": 820,
  "epoch": 2,
  "mean_reward": 0.13843316733942543,
  "best_reward": 0.4567905254997499,
  "timestamp": "20250503_210948"
}