{
  "episode": 890,
  "epoch": 2,
  "mean_reward": 0.13712134161137957,
  "best_reward": 0.4567905254997499,
  "timestamp": "20250503_210954"
}