{
  "episode": 1980,
  "epoch": 4,
  "mean_reward": 0.36373269392497737,
  "best_reward": 0.4567905254997499,
  "timestamp": "20250503_220024"
}