{
  "episode": 2140,
  "epoch": 5,
  "mean_reward": 0.23755507999453834,
  "best_reward": 0.4567905254997499,
  "timestamp": "20250503_213618"
}