{
  "episode": 2440,
  "epoch": 5,
  "mean_reward": 0.3022190370248672,
  "best_reward": 0.4567905254997499,
  "avg_reward_100": 0.21147953204157766,
  "avg_policy_loss_100": 0.00016179445750172616,
  "avg_value_loss_100": 8.664313751500899,
  "timestamp": "20250507_112409"
}