{
  "episode": 1550,
  "epoch": 4,
  "mean_reward": 0.24043456844255387,
  "best_reward": 0.4567905254997499,
  "timestamp": "20250503_215945"
}