{
  "episode": 1670,
  "epoch": 4,
  "mean_reward": 0.24684627229853415,
  "best_reward": 0.4567905254997499,
  "avg_reward_100": 0.21451535878612663,
  "avg_policy_loss_100": 0.00015556995891687406,
  "avg_value_loss_100": 8.808270686102857,
  "timestamp": "20250507_112245"
}