{
  "episode": 2340,
  "epoch": 5,
  "mean_reward": 0.260647568955764,
  "best_reward": 0.4567905254997499,
  "avg_reward_100": 0.22861036858793304,
  "avg_policy_loss_100": 5.424517111541856e-05,
  "avg_value_loss_100": 8.623867956895149,
  "timestamp": "20250507_112357"
}