{
  "interview_num": 510,
  "stats": {
    "average_score": 0.2398165496478232,
    "time_efficiency": 0.6189654039828307,
    "topic_performances": {
      "ds": 0.08632947317249824,
      "algo": 0.33195396401021277,
      "oops": 0.20567458010221762,
      "dbms": 0.27373267680745583,
      "os": 0.0,
      "cn": 0.0,
      "system_design": 0.0
    },
    "current_streak": 0,
    "difficulty_level": 10.0
  },
  "timestamp": "20250503_210924"
}