{
  "episode": 410,
  "epoch": 5,
  "mean_reward": 0.81240470581413,
  "best_reward": 0.9066554298388896,
  "timestamp": "20250503_190645"
}