{
  "episode": 30,
  "epoch": 1,
  "mean_reward": 0.17812816534570233,
  "best_reward": 0.4567905254997499,
  "timestamp": "20250503_213333"
}