{
  "episode": 450,
  "epoch": 1,
  "mean_reward": 0.18959418349084073,
  "best_reward": 0.4567905254997499,
  "timestamp": "20250503_213400"
}