{
  "interview_num": 690,
  "stats": {
    "average_score": 0.12413482059438892,
    "time_efficiency": 0.10628151884164372,
    "topic_performances": {
      "ds": 0.18399272309291548,
      "algo": 0.09730693314498282,
      "oops": 0.11312481557801542,
      "dbms": 0.0,
      "os": 0.0,
      "cn": 0.0,
      "system_design": 0.0
    },
    "current_streak": 0,
    "difficulty_level": 1.0
  },
  "timestamp": "20250503_213418"
}