{
  "episode": 1560,
  "epoch": 4,
  "mean_reward": 0.26402291245935344,
  "best_reward": 0.4567905254997499,
  "timestamp": "20250503_211051"
}