{
  "interview_num": 440,
  "stats": {
    "average_score": 0.1567568229367467,
    "time_efficiency": 0.21106429784084685,
    "topic_performances": {
      "ds": 0.3374254331675252,
      "algo": 0.10907602559543636,
      "oops": 0.11577907835174504,
      "dbms": 0.0,
      "os": 0.0,
      "cn": 0.0,
      "system_design": 0.0
    },
    "current_streak": 0,
    "difficulty_level": 1.0
  },
  "timestamp": "20250503_215817"
}