{
  "interview_num": 89,
  "stats": {
    "average_score": 0.7025370988624389,
    "time_efficiency": 0.17859100209957984,
    "topic_performances": {
      "ds": 0.7335192148063028,
      "algo": 0.8929771954112657,
      "oops": 0.6214847219776782,
      "dbms": 0.695137562821029,
      "os": 0.7198848291017512,
      "cn": 0.712130228864988,
      "system_design": 0.0
    },
    "current_streak": 2,
    "difficulty_level": 10.0
  },
  "timestamp": "20250503_190339"
}