{
  "episode": 1360,
  "epoch": 3,
  "mean_reward": 0.20625690012392112,
  "best_reward": 0.4567905254997499,
  "timestamp": "20250503_215928"
}