{
  "episode": 20,
  "epoch": 1,
  "mean_reward": 0.178341696760451,
  "best_reward": 0.4567905254997499,
  "timestamp": "20250503_213332"
}