{
  "episode": 1340,
  "epoch": 3,
  "mean_reward": 0.24892925118154893,
  "best_reward": 0.4567905254997499,
  "avg_reward_100": 0.21637144783206533,
  "avg_policy_loss_100": 0.0001824938846597574,
  "avg_value_loss_100": 8.457596197836597,
  "timestamp": "20250507_112213"
}