{
  "episode": 1010,
  "epoch": 3,
  "mean_reward": 0.21283767701965267,
  "best_reward": 0.4567905254997499,
  "timestamp": "20250503_211003"
}