{
  "interview_num": 1690,
  "stats": {
    "average_score": 0.27166233619403196,
    "time_efficiency": 0.18547772842249302,
    "topic_performances": {
      "ds": 0.33336777388854655,
      "algo": 0.18197779273127704,
      "oops": 0.4790105288877822,
      "dbms": 0.0,
      "os": 0.0,
      "cn": 0.0,
      "system_design": 0.0
    },
    "current_streak": 0,
    "difficulty_level": 10.0
  },
  "timestamp": "20250503_213538"
}