{
  "episode": 1940,
  "epoch": 4,
  "mean_reward": 0.1764072731633201,
  "best_reward": 0.4567905254997499,
  "avg_reward_100": 0.21478392418159192,
  "avg_policy_loss_100": 0.00014313779274561784,
  "avg_value_loss_100": 8.695596434029605,
  "timestamp": "20250507_112312"
}