{
  "episode": 1170,
  "epoch": 3,
  "mean_reward": 0.14682871253460922,
  "best_reward": 0.4567905254997499,
  "timestamp": "20250503_215911"
}