{
  "interview_num": 2160,
  "stats": {
    "average_score": 0.18840277347404827,
    "time_efficiency": 0.21355319030275005,
    "topic_performances": {
      "ds": 0.09749339449633365,
      "algo": 0.33508786189757356,
      "oops": 0.08373203455372918,
      "dbms": 0.0,
      "os": 0.0,
      "cn": 0.0,
      "system_design": 0.0
    },
    "current_streak": 0,
    "difficulty_level": 1.0
  },
  "timestamp": "20250503_220041"
}