{
  "episode": 1920,
  "epoch": 4,
  "mean_reward": 0.2827741217270434,
  "best_reward": 0.4567905254997499,
  "timestamp": "20250503_220018"
}