{
  "episode": 60,
  "epoch": 1,
  "mean_reward": 0.13039265899408914,
  "best_reward": 0.4567905254997499,
  "timestamp": "20250503_213335"
}