{
  "episode": 1660,
  "epoch": 4,
  "mean_reward": 0.1542475547542191,
  "best_reward": 0.4567905254997499,
  "timestamp": "20250503_211100"
}