{
  "episode": 1910,
  "epoch": 4,
  "mean_reward": 0.2010411935563759,
  "best_reward": 0.4567905254997499,
  "avg_reward_100": 0.2083061454407531,
  "avg_policy_loss_100": 0.00012280049157972577,
  "avg_value_loss_100": 8.554984532606301,
  "timestamp": "20250507_112309"
}