{
  "episode": 550,
  "epoch": 2,
  "mean_reward": 0.19410925842927154,
  "best_reward": 0.4567905254997499,
  "timestamp": "20250503_210927"
}