{
  "episode": 1460,
  "epoch": 3,
  "mean_reward": 0.28302078647777396,
  "best_reward": 0.4567905254997499,
  "timestamp": "20250503_211042"
}