{
  "episode": 960,
  "epoch": 2,
  "mean_reward": 0.2398165496478232,
  "best_reward": 0.4567905254997499,
  "avg_reward_100": 0.21771119951855067,
  "avg_policy_loss_100": -0.00010037736189833554,
  "avg_value_loss_100": 8.852728966473238,
  "timestamp": "20250507_112140"
}