{
  "episode": 620,
  "epoch": 2,
  "mean_reward": 0.34365642500564964,
  "best_reward": 0.4567905254997499,
  "timestamp": "20250503_215829"
}