{
  "total_episodes": 826,
  "epoch": 2,
  "epoch_episode": 326,
  "question_number": 6,
  "topic": "oops",
  "subtopic": "Abstraction",
  "difficulty": 4.216767284677632,
  "performance": 0.3017294919448049,
  "time_taken": 12.13880138881873,
  "actor_loss": -0.00021594727041669286,
  "value_loss": 28.773568902914157,
  "entropy_loss": -0.001247532819225507,
  "topic_means": {
    "ds": 0.0,
    "algo": 0.0,
    "oops": 0.0,
    "dbms": 0.0,
    "os": 0.0,
    "cn": 0.0,
    "system_design": 0.0
  },
  "consecutive_low_scores": 0,
  "safety_constraints_applied": false
}