{
  "total_episodes": 890,
  "epoch": 2,
  "epoch_episode": 390,
  "question_number": 6,
  "topic": "oops",
  "subtopic": "Design Patterns",
  "difficulty": 4.258249291133104,
  "performance": 0.1312184974866396,
  "time_taken": 16.11526715652631,
  "actor_loss": 0.0013760311064775633,
  "value_loss": 23.620761892825016,
  "entropy_loss": -0.0008337174155320636,
  "topic_means": {
    "ds": 0.0,
    "algo": 0.0,
    "oops": 0.0,
    "dbms": 0.0,
    "os": 0.0,
    "cn": 0.0,
    "system_design": 0.0
  },
  "consecutive_low_scores": 0,
  "safety_constraints_applied": false
}