{
  "total_episodes": 692,
  "epoch": 2,
  "epoch_episode": 192,
  "question_number": 2,
  "topic": "oops",
  "subtopic": "Inheritance",
  "difficulty": 3.797186790334981,
  "performance": 0.39577846571281494,
  "time_taken": 11.505343238327136,
  "actor_loss": 0.0004402596925390537,
  "value_loss": 19.75188603532003,
  "entropy_loss": -0.0012152020234787065,
  "topic_means": {
    "ds": 0.0,
    "algo": 0.0,
    "oops": 0.0,
    "dbms": 0.0,
    "os": 0.0,
    "cn": 0.0,
    "system_design": 0.0
  },
  "consecutive_low_scores": 0,
  "safety_constraints_applied": false
}