{
  "total_episodes": 893,
  "epoch": 2,
  "epoch_episode": 393,
  "question_number": 8,
  "topic": "ds",
  "subtopic": "Arrays",
  "difficulty": 2.64,
  "performance": 0.19352863918641866,
  "time_taken": 14.994289858606852,
  "actor_loss": 0.0010982975079715889,
  "value_loss": 29.13038879967288,
  "entropy_loss": -0.0008477050118246704,
  "topic_means": {
    "ds": 0.0,
    "algo": 0.0,
    "oops": 0.0,
    "dbms": 0.0,
    "os": 0.0,
    "cn": 0.0,
    "system_design": 0.0
  },
  "consecutive_low_scores": 0,
  "safety_constraints_applied": false
}