{
  "total_episodes": 1447,
  "epoch": 3,
  "epoch_episode": 447,
  "question_number": 4,
  "topic": "ds",
  "subtopic": "Linked Lists",
  "difficulty": 2.64,
  "performance": 0.13138236238575168,
  "time_taken": 15.390707225453028,
  "actor_loss": 0.002805121529163726,
  "value_loss": 22.144130127804864,
  "entropy_loss": -0.0008996606400974817,
  "topic_means": {
    "ds": 0.0,
    "algo": 0.0,
    "oops": 0.0,
    "dbms": 0.0,
    "os": 0.0,
    "cn": 0.0,
    "system_design": 0.0
  },
  "consecutive_low_scores": 0,
  "safety_constraints_applied": false
}