{
  "total_episodes": 1069,
  "epoch": 3,
  "epoch_episode": 69,
  "question_number": 8,
  "topic": "ds",
  "subtopic": "Arrays",
  "difficulty": 5.392921488763986,
  "performance": 0.11490111577113071,
  "time_taken": 13.030467029631515,
  "actor_loss": -0.0025851951725261923,
  "value_loss": 26.087153661270598,
  "entropy_loss": -0.0002133876235347471,
  "topic_means": {
    "ds": 0.0,
    "algo": 0.0,
    "oops": 0.0,
    "dbms": 0.0,
    "os": 0.0,
    "cn": 0.0,
    "system_design": 0.0
  },
  "consecutive_low_scores": 0,
  "safety_constraints_applied": false
}