{
  "total_episodes": 221,
  "epoch": 1,
  "epoch_episode": 221,
  "question_number": 8,
  "topic": "algo",
  "subtopic": "Searching",
  "difficulty": 4.224133731574107,
  "performance": 0.5923338524098023,
  "time_taken": 6.298711161658426,
  "actor_loss": -0.002187972613371169,
  "value_loss": 23.25338372436331,
  "entropy_loss": -0.00764734461186378,
  "topic_means": {
    "ds": 0.0,
    "algo": 0.0,
    "oops": 0.0,
    "dbms": 0.0,
    "os": 0.0,
    "cn": 0.0,
    "system_design": 0.0
  },
  "consecutive_low_scores": 0,
  "safety_constraints_applied": false
}