{
  "total_episodes": 477,
  "epoch": 1,
  "epoch_episode": 477,
  "question_number": 8,
  "topic": "ds",
  "subtopic": "Linked Lists",
  "difficulty": 4.06737673357117,
  "performance": 0.08953429682857367,
  "time_taken": 9.542498979723527,
  "actor_loss": 0.0013169787261577159,
  "value_loss": 20.410088696374842,
  "entropy_loss": -0.0028407538615713027,
  "topic_means": {
    "ds": 0.0,
    "algo": 0.0,
    "oops": 0.0,
    "dbms": 0.0,
    "os": 0.0,
    "cn": 0.0,
    "system_design": 0.0
  },
  "consecutive_low_scores": 0,
  "safety_constraints_applied": false
}