{
  "total_episodes": 1063,
  "epoch": 3,
  "epoch_episode": 63,
  "question_number": 4,
  "topic": "algo",
  "subtopic": "Greedy",
  "difficulty": 4.306147742129464,
  "performance": 0.2720551729501465,
  "time_taken": 9.366135861484523,
  "actor_loss": -3.027775434794773e-05,
  "value_loss": 30.184675845559592,
  "entropy_loss": -6.411670303830617e-05,
  "topic_means": {
    "ds": 0.0,
    "algo": 0.0,
    "oops": 0.0,
    "dbms": 0.0,
    "os": 0.0,
    "cn": 0.0,
    "system_design": 0.0
  },
  "consecutive_low_scores": 0,
  "safety_constraints_applied": false
}