{
  "total_episodes": 1344,
  "epoch": 3,
  "epoch_episode": 344,
  "question_number": 10,
  "topic": "algo",
  "subtopic": "Searching",
  "difficulty": 2.64,
  "performance": 0.22042983120651644,
  "time_taken": 10.766209651776643,
  "actor_loss": 0.002848648611305535,
  "value_loss": 24.54302948506244,
  "entropy_loss": -0.0008634323283588823,
  "topic_means": {
    "ds": 0.0,
    "algo": 0.0,
    "oops": 0.0,
    "dbms": 0.0,
    "os": 0.0,
    "cn": 0.0,
    "system_design": 0.0
  },
  "consecutive_low_scores": 0,
  "safety_constraints_applied": false
}