{
  "total_episodes": 669,
  "epoch": 2,
  "epoch_episode": 169,
  "question_number": 8,
  "topic": "algo",
  "subtopic": "Greedy",
  "difficulty": 4.5,
  "performance": 0.39700515361085076,
  "time_taken": 9.579277562974335,
  "actor_loss": 0.000615260737739521,
  "value_loss": 24.87536327045274,
  "entropy_loss": -0.0013899271007559127,
  "topic_means": {
    "ds": 0.0,
    "algo": 0.0,
    "oops": 0.0,
    "dbms": 0.0,
    "os": 0.0,
    "cn": 0.0,
    "system_design": 0.0
  },
  "consecutive_low_scores": 0,
  "safety_constraints_applied": true
}