{
  "total_episodes": 695,
  "epoch": 2,
  "epoch_episode": 195,
  "question_number": 4,
  "topic": "ds",
  "subtopic": "Arrays",
  "difficulty": 2.64,
  "performance": 0.397992644165652,
  "time_taken": 8.925646324861761,
  "actor_loss": 0.005757195107852336,
  "value_loss": 20.373190652842617,
  "entropy_loss": -0.0012942567929521908,
  "topic_means": {
    "ds": 0.0,
    "algo": 0.0,
    "oops": 0.0,
    "dbms": 0.0,
    "os": 0.0,
    "cn": 0.0,
    "system_design": 0.0
  },
  "consecutive_low_scores": 0,
  "safety_constraints_applied": false
}