{
  "total_episodes": 1044,
  "epoch": 3,
  "epoch_episode": 44,
  "question_number": 2,
  "topic": "oops",
  "subtopic": "Inheritance",
  "difficulty": 3.7742865797444503,
  "performance": 0.27184891157604374,
  "time_taken": 10.294372144618356,
  "actor_loss": 0.0005362061909928758,
  "value_loss": 23.36499020209946,
  "entropy_loss": -0.0002130077764996437,
  "topic_means": {
    "ds": 0.0,
    "algo": 0.0,
    "oops": 0.0,
    "dbms": 0.0,
    "os": 0.0,
    "cn": 0.0,
    "system_design": 0.0
  },
  "consecutive_low_scores": 0,
  "safety_constraints_applied": false
}