{
  "total_episodes": 436,
  "epoch": 1,
  "epoch_episode": 436,
  "question_number": 2,
  "topic": "algo",
  "subtopic": "Searching",
  "difficulty": 5.122262258631105,
  "performance": 0.14986580623651838,
  "time_taken": 16.786522238235705,
  "actor_loss": 0.00023565098319405022,
  "value_loss": 25.500075061125326,
  "entropy_loss": -0.0030777050640031305,
  "topic_means": {
    "ds": 0.0,
    "algo": 0.0,
    "oops": 0.0,
    "dbms": 0.0,
    "os": 0.0,
    "cn": 0.0,
    "system_design": 0.0
  },
  "consecutive_low_scores": 0,
  "safety_constraints_applied": false
}