{
  "total_episodes": 637,
  "epoch": 2,
  "epoch_episode": 137,
  "question_number": 8,
  "topic": "algo",
  "subtopic": "Dynamic Programming",
  "difficulty": 5.5,
  "performance": 0.12736650544946992,
  "time_taken": 14.933246403299956,
  "actor_loss": 0.0038027550765772147,
  "value_loss": 24.388443096144865,
  "entropy_loss": -0.0018674392772815042,
  "topic_means": {
    "ds": 0.0,
    "algo": 0.0,
    "oops": 0.0,
    "dbms": 0.0,
    "os": 0.0,
    "cn": 0.0,
    "system_design": 0.0
  },
  "consecutive_low_scores": 0,
  "safety_constraints_applied": true
}