{
  "total_episodes": 868,
  "epoch": 2,
  "epoch_episode": 368,
  "question_number": 2,
  "topic": "algo",
  "subtopic": "Greedy",
  "difficulty": 5.283738686777761,
  "performance": 0.43701086274948286,
  "time_taken": 8.589564400139714,
  "actor_loss": -0.002289362640476386,
  "value_loss": 28.145007512451564,
  "entropy_loss": -0.001151684880969187,
  "topic_means": {
    "ds": 0.0,
    "algo": 0.0,
    "oops": 0.0,
    "dbms": 0.0,
    "os": 0.0,
    "cn": 0.0,
    "system_design": 0.0
  },
  "consecutive_low_scores": 0,
  "safety_constraints_applied": false
}