{
  "total_episodes": 1396,
  "epoch": 3,
  "epoch_episode": 396,
  "question_number": 2,
  "topic": "algo",
  "subtopic": "Sorting",
  "difficulty": 4.91683807555131,
  "performance": 0.13328036384963143,
  "time_taken": 10.97143660844498,
  "actor_loss": -0.0004931058229300525,
  "value_loss": 28.354987959325058,
  "entropy_loss": -0.0013630550004167252,
  "topic_means": {
    "ds": 0.0,
    "algo": 0.0,
    "oops": 0.0,
    "dbms": 0.0,
    "os": 0.0,
    "cn": 0.0,
    "system_design": 0.0
  },
  "consecutive_low_scores": 0,
  "safety_constraints_applied": false
}