{
  "total_episodes": 666,
  "epoch": 2,
  "epoch_episode": 166,
  "question_number": 6,
  "topic": "oops",
  "subtopic": "Polymorphism",
  "difficulty": 1.98,
  "performance": 0.0748009954548356,
  "time_taken": 13.966353479491469,
  "actor_loss": 0.0003014184179909923,
  "value_loss": 19.97585201411977,
  "entropy_loss": -0.001445504212465768,
  "topic_means": {
    "ds": 0.0,
    "algo": 0.0,
    "oops": 0.0,
    "dbms": 0.0,
    "os": 0.0,
    "cn": 0.0,
    "system_design": 0.0
  },
  "consecutive_low_scores": 0,
  "safety_constraints_applied": false
}