{
  "total_episodes": 170,
  "epoch": 1,
  "epoch_episode": 170,
  "question_number": 6,
  "topic": "oops",
  "subtopic": "Abstraction",
  "difficulty": 1.98,
  "performance": 0.08830143016975942,
  "time_taken": 14.625253571490635,
  "actor_loss": 0.00023099803373082228,
  "value_loss": 23.04782081420833,
  "entropy_loss": -0.009054311599103934,
  "topic_means": {
    "ds": 0.0,
    "algo": 0.0,
    "oops": 0.0,
    "dbms": 0.0,
    "os": 0.0,
    "cn": 0.0,
    "system_design": 0.0
  },
  "consecutive_low_scores": 0,
  "safety_constraints_applied": false
}