{
  "total_episodes": 135,
  "epoch": 1,
  "epoch_episode": 135,
  "question_number": 4,
  "topic": "ds",
  "subtopic": "Trees",
  "difficulty": 4.052046725128791,
  "performance": 0.18566712885536757,
  "time_taken": 15.078829347029526,
  "actor_loss": 0.00018405379360851917,
  "value_loss": 23.08487433623514,
  "entropy_loss": -0.00957879393100839,
  "topic_means": {
    "ds": 0.0,
    "algo": 0.0,
    "oops": 0.0,
    "dbms": 0.0,
    "os": 0.0,
    "cn": 0.0,
    "system_design": 0.0
  },
  "consecutive_low_scores": 0,
  "safety_constraints_applied": false
}