{
  "total_episodes": 580,
  "epoch": 2,
  "epoch_episode": 80,
  "question_number": 2,
  "topic": "oops",
  "subtopic": "Abstraction",
  "difficulty": 3.762716483918502,
  "performance": 0.36320982867384677,
  "time_taken": 11.754131712716188,
  "actor_loss": 0.0010221934032499814,
  "value_loss": 24.449833992248426,
  "entropy_loss": -0.0022731404761634696,
  "topic_means": {
    "ds": 0.0,
    "algo": 0.0,
    "oops": 0.0,
    "dbms": 0.0,
    "os": 0.0,
    "cn": 0.0,
    "system_design": 0.0
  },
  "consecutive_low_scores": 0,
  "safety_constraints_applied": false
}