{
  "total_episodes": 823,
  "epoch": 2,
  "epoch_episode": 323,
  "question_number": 4,
  "topic": "algo",
  "subtopic": "Searching",
  "difficulty": 5.278483912409782,
  "performance": 0.10342346857503534,
  "time_taken": 15.723051410467097,
  "actor_loss": -0.0017385604135855951,
  "value_loss": 21.713442414625288,
  "entropy_loss": -0.0011366606873545752,
  "topic_means": {
    "ds": 0.0,
    "algo": 0.0,
    "oops": 0.0,
    "dbms": 0.0,
    "os": 0.0,
    "cn": 0.0,
    "system_design": 0.0
  },
  "consecutive_low_scores": 0,
  "safety_constraints_applied": false
}