{
  "total_episodes": 487,
  "epoch": 1,
  "epoch_episode": 487,
  "question_number": 4,
  "topic": "oops",
  "subtopic": "Inheritance",
  "difficulty": 1.98,
  "performance": 0.13559875919563416,
  "time_taken": 16.18050298251285,
  "actor_loss": 0.0009414310988022125,
  "value_loss": 24.183680228713353,
  "entropy_loss": -0.002738136520125396,
  "topic_means": {
    "ds": 0.0,
    "algo": 0.0,
    "oops": 0.0,
    "dbms": 0.0,
    "os": 0.0,
    "cn": 0.0,
    "system_design": 0.0
  },
  "consecutive_low_scores": 0,
  "safety_constraints_applied": false
}