{
  "total_episodes": 928,
  "epoch": 2,
  "epoch_episode": 428,
  "question_number": 10,
  "topic": "oops",
  "subtopic": "Polymorphism",
  "difficulty": 4.012092868125073,
  "performance": 0.049656580421969826,
  "time_taken": 19.545907057248055,
  "actor_loss": -0.002092797030590578,
  "value_loss": 19.56112558786174,
  "entropy_loss": -0.000252997385277264,
  "topic_means": {
    "ds": 0.0,
    "algo": 0.0,
    "oops": 0.0,
    "dbms": 0.0,
    "os": 0.0,
    "cn": 0.0,
    "system_design": 0.0
  },
  "consecutive_low_scores": 0,
  "safety_constraints_applied": false
}