{
  "total_episodes": 100,
  "epoch": 1,
  "epoch_episode": 100,
  "question_number": 2,
  "topic": "algo",
  "subtopic": "Dynamic Programming",
  "difficulty": 3.433183853418359,
  "performance": 0.644768360066193,
  "time_taken": 7.613630284413814,
  "actor_loss": -0.00011070392938651897,
  "value_loss": 22.889651253871005,
  "entropy_loss": -0.01049541384553523,
  "topic_means": {
    "ds": 0.0,
    "algo": 0.0,
    "oops": 0.0,
    "dbms": 0.0,
    "os": 0.0,
    "cn": 0.0,
    "system_design": 0.0
  },
  "consecutive_low_scores": 0,
  "safety_constraints_applied": false
}