{
  "total_episodes": 605,
  "epoch": 2,
  "epoch_episode": 105,
  "question_number": 8,
  "topic": "algo",
  "subtopic": "Sorting",
  "difficulty": 1.98,
  "performance": 0.14726074084834528,
  "time_taken": 10.997390518176774,
  "actor_loss": -0.0002824805200179445,
  "value_loss": 23.3783473486497,
  "entropy_loss": -0.00217614279833681,
  "topic_means": {
    "ds": 0.0,
    "algo": 0.0,
    "oops": 0.0,
    "dbms": 0.0,
    "os": 0.0,
    "cn": 0.0,
    "system_design": 0.0
  },
  "consecutive_low_scores": 0,
  "safety_constraints_applied": false
}