{
  "total_episodes": 541,
  "epoch": 2,
  "epoch_episode": 41,
  "question_number": 8,
  "topic": "oops",
  "subtopic": "Abstraction",
  "difficulty": 4.494004891441948,
  "performance": 0.0979344733366698,
  "time_taken": 14.026364755138282,
  "actor_loss": 0.0006336532276683537,
  "value_loss": 26.441628070202672,
  "entropy_loss": -0.002476493133939839,
  "topic_means": {
    "ds": 0.0,
    "algo": 0.0,
    "oops": 0.0,
    "dbms": 0.0,
    "os": 0.0,
    "cn": 0.0,
    "system_design": 0.0
  },
  "consecutive_low_scores": 0,
  "safety_constraints_applied": false
}