{
  "total_episodes": 352,
  "epoch": 1,
  "epoch_episode": 352,
  "question_number": 10,
  "topic": "oops",
  "subtopic": "Inheritance",
  "difficulty": 1.98,
  "performance": 0.06880624255207504,
  "time_taken": 21.48646694510729,
  "actor_loss": 0.003982123923070648,
  "value_loss": 31.10267369790801,
  "entropy_loss": -0.00420679017754942,
  "topic_means": {
    "ds": 0.0,
    "algo": 0.0,
    "oops": 0.0,
    "dbms": 0.0,
    "os": 0.0,
    "cn": 0.0,
    "system_design": 0.0
  },
  "consecutive_low_scores": 0,
  "safety_constraints_applied": false
}