{
  "total_episodes": 1092,
  "epoch": 3,
  "epoch_episode": 92,
  "question_number": 2,
  "topic": "oops",
  "subtopic": "Design Patterns",
  "difficulty": 3.8270747542551047,
  "performance": 0.20698309178721805,
  "time_taken": 8.961432432782964,
  "actor_loss": -0.0009328136717050136,
  "value_loss": 26.577707298206114,
  "entropy_loss": -0.0002687163110460887,
  "topic_means": {
    "ds": 0.0,
    "algo": 0.0,
    "oops": 0.0,
    "dbms": 0.0,
    "os": 0.0,
    "cn": 0.0,
    "system_design": 0.0
  },
  "consecutive_low_scores": 0,
  "safety_constraints_applied": false
}