{
  "total_episodes": 1268,
  "epoch": 3,
  "epoch_episode": 268,
  "question_number": 2,
  "topic": "oops",
  "subtopic": "Polymorphism",
  "difficulty": 4.045195755187572,
  "performance": 0.334646830385951,
  "time_taken": 10.428709719150858,
  "actor_loss": 0.0025373499412528304,
  "value_loss": 23.10361780177077,
  "entropy_loss": -0.0004078393326815147,
  "topic_means": {
    "ds": 0.0,
    "algo": 0.0,
    "oops": 0.0,
    "dbms": 0.0,
    "os": 0.0,
    "cn": 0.0,
    "system_design": 0.0
  },
  "consecutive_low_scores": 0,
  "safety_constraints_applied": false
}