{
  "total_episodes": 397,
  "epoch": 1,
  "epoch_episode": 397,
  "question_number": 8,
  "topic": "algo",
  "subtopic": "Greedy",
  "difficulty": 1.98,
  "performance": 0.27154684476487806,
  "time_taken": 12.357983529744399,
  "actor_loss": -0.001221009394182486,
  "value_loss": 23.807130813243447,
  "entropy_loss": -0.0034228388302138973,
  "topic_means": {
    "ds": 0.0,
    "algo": 0.0,
    "oops": 0.0,
    "dbms": 0.0,
    "os": 0.0,
    "cn": 0.0,
    "system_design": 0.0
  },
  "consecutive_low_scores": 0,
  "safety_constraints_applied": false
}