{
  "total_episodes": 253,
  "epoch": 1,
  "epoch_episode": 253,
  "question_number": 8,
  "topic": "oops",
  "subtopic": "Design Patterns",
  "difficulty": 2.64,
  "performance": 0.12032028893595088,
  "time_taken": 11.085717947346842,
  "actor_loss": -0.0017750971059405395,
  "value_loss": 31.819127034201916,
  "entropy_loss": -0.00667164527184169,
  "topic_means": {
    "ds": 0.0,
    "algo": 0.0,
    "oops": 0.0,
    "dbms": 0.0,
    "os": 0.0,
    "cn": 0.0,
    "system_design": 0.0
  },
  "consecutive_low_scores": 0,
  "safety_constraints_applied": false
}