{
  "total_episodes": 948,
  "epoch": 2,
  "epoch_episode": 448,
  "question_number": 2,
  "topic": "ds",
  "subtopic": "Linked Lists",
  "difficulty": 4.152935831175568,
  "performance": 0.36258146929913915,
  "time_taken": 13.947593159051152,
  "actor_loss": 0.0018571949390066432,
  "value_loss": 23.182355608875856,
  "entropy_loss": -0.0003866296755259048,
  "topic_means": {
    "ds": 0.0,
    "algo": 0.0,
    "oops": 0.0,
    "dbms": 0.0,
    "os": 0.0,
    "cn": 0.0,
    "system_design": 0.0
  },
  "consecutive_low_scores": 0,
  "safety_constraints_applied": false
}