{
  "total_episodes": 1111,
  "epoch": 3,
  "epoch_episode": 111,
  "question_number": 4,
  "topic": "ds",
  "subtopic": "Heaps",
  "difficulty": 2.64,
  "performance": 0.10110097426538449,
  "time_taken": 12.110146598585686,
  "actor_loss": -0.0002965476558140029,
  "value_loss": 22.25674663114931,
  "entropy_loss": -0.00018989673139502874,
  "topic_means": {
    "ds": 0.0,
    "algo": 0.0,
    "oops": 0.0,
    "dbms": 0.0,
    "os": 0.0,
    "cn": 0.0,
    "system_design": 0.0
  },
  "consecutive_low_scores": 0,
  "safety_constraints_applied": false
}