{
  "total_episodes": 298,
  "epoch": 1,
  "epoch_episode": 298,
  "question_number": 6,
  "topic": "ds",
  "subtopic": "Arrays",
  "difficulty": 4.5,
  "performance": 0.424303458215324,
  "time_taken": 10.529924155889915,
  "actor_loss": -0.0007872223703599711,
  "value_loss": 30.08000560601247,
  "entropy_loss": -0.005604187989201319,
  "topic_means": {
    "ds": 0.0,
    "algo": 0.0,
    "oops": 0.0,
    "dbms": 0.0,
    "os": 0.0,
    "cn": 0.0,
    "system_design": 0.0
  },
  "consecutive_low_scores": 0,
  "safety_constraints_applied": true
}