{
  "total_episodes": 1191,
  "epoch": 3,
  "epoch_episode": 191,
  "question_number": 4,
  "topic": "ds",
  "subtopic": "Heaps",
  "difficulty": 1.98,
  "performance": 0.10194360550131487,
  "time_taken": 13.440439079891506,
  "actor_loss": 0.0020736582849178705,
  "value_loss": 26.270943428424385,
  "entropy_loss": -0.0006127692034839339,
  "topic_means": {
    "ds": 0.0,
    "algo": 0.0,
    "oops": 0.0,
    "dbms": 0.0,
    "os": 0.0,
    "cn": 0.0,
    "system_design": 0.0
  },
  "consecutive_low_scores": 0,
  "safety_constraints_applied": false
}