{
  "total_episodes": 400,
  "epoch": 1,
  "epoch_episode": 400,
  "question_number": 10,
  "topic": "ds",
  "subtopic": "Arrays",
  "difficulty": 4.5,
  "performance": 0.11888887879424576,
  "time_taken": 16.000107036349007,
  "actor_loss": 0.005821055335181078,
  "value_loss": 25.876777873295833,
  "entropy_loss": -0.0032165813897045677,
  "topic_means": {
    "ds": 0.0,
    "algo": 0.0,
    "oops": 0.0,
    "dbms": 0.0,
    "os": 0.0,
    "cn": 0.0,
    "system_design": 0.0
  },
  "consecutive_low_scores": 0,
  "safety_constraints_applied": true
}