{
  "total_episodes": 884,
  "epoch": 2,
  "epoch_episode": 384,
  "question_number": 2,
  "topic": "ds",
  "subtopic": "Linked Lists",
  "difficulty": 4.01724512096328,
  "performance": 0.34662542137184765,
  "time_taken": 9.528913364783687,
  "actor_loss": -0.0003370281052144812,
  "value_loss": 25.339665408587447,
  "entropy_loss": -0.0009666470596510686,
  "topic_means": {
    "ds": 0.0,
    "algo": 0.0,
    "oops": 0.0,
    "dbms": 0.0,
    "os": 0.0,
    "cn": 0.0,
    "system_design": 0.0
  },
  "consecutive_low_scores": 0,
  "safety_constraints_applied": false
}