{
  "total_episodes": 276,
  "epoch": 1,
  "epoch_episode": 276,
  "question_number": 2,
  "topic": "ds",
  "subtopic": "Arrays",
  "difficulty": 4.100993481003257,
  "performance": 0.3159947099571962,
  "time_taken": 12.372170569512319,
  "actor_loss": 0.00010562339879737793,
  "value_loss": 20.15412568368552,
  "entropy_loss": -0.005869505789686346,
  "topic_means": {
    "ds": 0.0,
    "algo": 0.0,
    "oops": 0.0,
    "dbms": 0.0,
    "os": 0.0,
    "cn": 0.0,
    "system_design": 0.0
  },
  "consecutive_low_scores": 0,
  "safety_constraints_applied": false
}