{
  "total_episodes": 810,
  "epoch": 2,
  "epoch_episode": 310,
  "question_number": 6,
  "topic": "algo",
  "subtopic": "Greedy",
  "difficulty": 4.5,
  "performance": 0.08867927993009579,
  "time_taken": 12.819469128416003,
  "actor_loss": 0.00010264106938805834,
  "value_loss": 20.997849509228907,
  "entropy_loss": -0.0009366168289391104,
  "topic_means": {
    "ds": 0.0,
    "algo": 0.0,
    "oops": 0.0,
    "dbms": 0.0,
    "os": 0.0,
    "cn": 0.0,
    "system_design": 0.0
  },
  "consecutive_low_scores": 0,
  "safety_constraints_applied": true
}