{
  "total_episodes": 247,
  "epoch": 1,
  "epoch_episode": 247,
  "question_number": 4,
  "topic": "oops",
  "subtopic": "Inheritance",
  "difficulty": 1.98,
  "performance": 0.13299674762267027,
  "time_taken": 13.35659939796816,
  "actor_loss": 0.0005628237487632345,
  "value_loss": 25.078530552147207,
  "entropy_loss": -0.006820776266668225,
  "topic_means": {
    "ds": 0.0,
    "algo": 0.0,
    "oops": 0.0,
    "dbms": 0.0,
    "os": 0.0,
    "cn": 0.0,
    "system_design": 0.0
  },
  "consecutive_low_scores": 0,
  "safety_constraints_applied": false
}