{
  "total_episodes": 640,
  "epoch": 2,
  "epoch_episode": 140,
  "question_number": 10,
  "topic": "oops",
  "subtopic": "Polymorphism",
  "difficulty": 1.98,
  "performance": 0.049952721866770966,
  "time_taken": 10.081008887273104,
  "actor_loss": 0.005248953835650334,
  "value_loss": 25.188802686391405,
  "entropy_loss": -0.0014527345792479285,
  "topic_means": {
    "ds": 0.0,
    "algo": 0.0,
    "oops": 0.0,
    "dbms": 0.0,
    "os": 0.0,
    "cn": 0.0,
    "system_design": 0.0
  },
  "consecutive_low_scores": 0,
  "safety_constraints_applied": false
}