{
  "total_episodes": 346,
  "epoch": 1,
  "epoch_episode": 346,
  "question_number": 6,
  "topic": "algo",
  "subtopic": "Sorting",
  "difficulty": 5.5,
  "performance": 0.5159292402442438,
  "time_taken": 6.8142715855738,
  "actor_loss": 0.0016086680763597494,
  "value_loss": 21.151134878166634,
  "entropy_loss": -0.004588044350512963,
  "topic_means": {
    "ds": 0.0,
    "algo": 0.0,
    "oops": 0.0,
    "dbms": 0.0,
    "os": 0.0,
    "cn": 0.0,
    "system_design": 0.0
  },
  "consecutive_low_scores": 0,
  "safety_constraints_applied": true
}