{
  "total_episodes": 183,
  "epoch": 1,
  "epoch_episode": 183,
  "question_number": 4,
  "topic": "ds",
  "subtopic": "Graphs",
  "difficulty": 2.64,
  "performance": 0.19153464150856697,
  "time_taken": 12.765025252165323,
  "actor_loss": -0.000839700784017573,
  "value_loss": 26.844772741097206,
  "entropy_loss": -0.00863991222557962,
  "topic_means": {
    "ds": 0.0,
    "algo": 0.0,
    "oops": 0.0,
    "dbms": 0.0,
    "os": 0.0,
    "cn": 0.0,
    "system_design": 0.0
  },
  "consecutive_low_scores": 0,
  "safety_constraints_applied": false
}