{
  "total_episodes": 160,
  "epoch": 1,
  "epoch_episode": 160,
  "question_number": 10,
  "topic": "oops",
  "subtopic": "Inheritance",
  "difficulty": 4.372119406793209,
  "performance": 0.29101709989473745,
  "time_taken": 11.86758879008438,
  "actor_loss": 0.0019958889487343375,
  "value_loss": 30.49125855782853,
  "entropy_loss": -0.009076709757861403,
  "topic_means": {
    "ds": 0.0,
    "algo": 0.0,
    "oops": 0.0,
    "dbms": 0.0,
    "os": 0.0,
    "cn": 0.0,
    "system_design": 0.0
  },
  "consecutive_low_scores": 0,
  "safety_constraints_applied": false
}