{
  "total_episodes": 148,
  "epoch": 1,
  "epoch_episode": 148,
  "question_number": 2,
  "topic": "algo",
  "subtopic": "Greedy",
  "difficulty": 5.364689412693866,
  "performance": 0.14479077225392548,
  "time_taken": 10.163061537797718,
  "actor_loss": 0.00011977151612208337,
  "value_loss": 31.707245861520683,
  "entropy_loss": -0.009266941022386512,
  "topic_means": {
    "ds": 0.0,
    "algo": 0.0,
    "oops": 0.0,
    "dbms": 0.0,
    "os": 0.0,
    "cn": 0.0,
    "system_design": 0.0
  },
  "consecutive_low_scores": 0,
  "safety_constraints_applied": false
}