{
  "total_episodes": 55,
  "epoch": 1,
  "epoch_episode": 55,
  "question_number": 4,
  "topic": "oops",
  "subtopic": "Abstraction",
  "difficulty": 1.1,
  "performance": 0.12088874505770078,
  "time_taken": 10.302798148714576,
  "actor_loss": 0.00011551182514434253,
  "value_loss": 29.484608651454163,
  "entropy_loss": -0.01161315055233068,
  "topic_means": {
    "ds": 0.0,
    "algo": 0.0,
    "oops": 0.0,
    "dbms": 0.0,
    "os": 0.0,
    "cn": 0.0,
    "system_design": 0.0
  },
  "consecutive_low_scores": 0,
  "safety_constraints_applied": false
}