{
  "total_episodes": 1172,
  "epoch": 3,
  "epoch_episode": 172,
  "question_number": 2,
  "topic": "oops",
  "subtopic": "Polymorphism",
  "difficulty": 3.8196465649907596,
  "performance": 0.13856265773893173,
  "time_taken": 12.367189604822071,
  "actor_loss": 0.0014043312537115066,
  "value_loss": 29.62962799687927,
  "entropy_loss": -0.0009119898239031979,
  "topic_means": {
    "ds": 0.0,
    "algo": 0.0,
    "oops": 0.0,
    "dbms": 0.0,
    "os": 0.0,
    "cn": 0.0,
    "system_design": 0.0
  },
  "consecutive_low_scores": 0,
  "safety_constraints_applied": false
}