{
  "total_episodes": 912,
  "epoch": 2,
  "epoch_episode": 412,
  "question_number": 10,
  "topic": "ds",
  "subtopic": "Linked Lists",
  "difficulty": 1.1292377388625388,
  "performance": 0.19001748461266513,
  "time_taken": 13.980453946614404,
  "actor_loss": -0.008039711318707227,
  "value_loss": 24.86498798506607,
  "entropy_loss": -0.0004667636662940377,
  "topic_means": {
    "ds": 0.0,
    "algo": 0.0,
    "oops": 0.0,
    "dbms": 0.0,
    "os": 0.0,
    "cn": 0.0,
    "system_design": 0.0
  },
  "consecutive_low_scores": 0,
  "safety_constraints_applied": false
}