{
  "total_episodes": 167,
  "epoch": 1,
  "epoch_episode": 167,
  "question_number": 4,
  "topic": "algo",
  "subtopic": "Sorting",
  "difficulty": 5.324830783285506,
  "performance": 0.3727450603276898,
  "time_taken": 12.16125178934086,
  "actor_loss": 0.00026600317501416295,
  "value_loss": 26.176118149665466,
  "entropy_loss": -0.008934081468111681,
  "topic_means": {
    "ds": 0.0,
    "algo": 0.0,
    "oops": 0.0,
    "dbms": 0.0,
    "os": 0.0,
    "cn": 0.0,
    "system_design": 0.0
  },
  "consecutive_low_scores": 0,
  "safety_constraints_applied": false
}