{
  "total_episodes": 1408,
  "epoch": 3,
  "epoch_episode": 408,
  "question_number": 10,
  "topic": "oops",
  "subtopic": "Polymorphism",
  "difficulty": 1.98,
  "performance": 0.09848851630801966,
  "time_taken": 14.650275865022413,
  "actor_loss": 0.002709301158405205,
  "value_loss": 23.12816802341144,
  "entropy_loss": -0.0008996349816520933,
  "topic_means": {
    "ds": 0.0,
    "algo": 0.0,
    "oops": 0.0,
    "dbms": 0.0,
    "os": 0.0,
    "cn": 0.0,
    "system_design": 0.0
  },
  "consecutive_low_scores": 0,
  "safety_constraints_applied": false
}