{
  "total_episodes": 1136,
  "epoch": 3,
  "epoch_episode": 136,
  "question_number": 10,
  "topic": "algo",
  "subtopic": "Searching",
  "difficulty": 2.64,
  "performance": 0.08235592378545671,
  "time_taken": 12.333540820239783,
  "actor_loss": 0.00029684202428557004,
  "value_loss": 23.515223384031763,
  "entropy_loss": -0.00030828357857824956,
  "topic_means": {
    "ds": 0.0,
    "algo": 0.0,
    "oops": 0.0,
    "dbms": 0.0,
    "os": 0.0,
    "cn": 0.0,
    "system_design": 0.0
  },
  "consecutive_low_scores": 0,
  "safety_constraints_applied": false
}