{
  "total_episodes": 1207,
  "epoch": 3,
  "epoch_episode": 207,
  "question_number": 4,
  "topic": "oops",
  "subtopic": "Design Patterns",
  "difficulty": 2.64,
  "performance": 0.12987513855201163,
  "time_taken": 15.579296799959533,
  "actor_loss": -0.0011986338219633409,
  "value_loss": 26.5691262213387,
  "entropy_loss": -0.0007892316089499367,
  "topic_means": {
    "ds": 0.0,
    "algo": 0.0,
    "oops": 0.0,
    "dbms": 0.0,
    "os": 0.0,
    "cn": 0.0,
    "system_design": 0.0
  },
  "consecutive_low_scores": 0,
  "safety_constraints_applied": false
}