{
  "total_episodes": 1280,
  "epoch": 3,
  "epoch_episode": 280,
  "question_number": 10,
  "topic": "oops",
  "subtopic": "Polymorphism",
  "difficulty": 4.101964681872928,
  "performance": 0.3710984345337592,
  "time_taken": 14.933407084625916,
  "actor_loss": -0.0023102931109317236,
  "value_loss": 20.0121836306454,
  "entropy_loss": -0.00022893458128170119,
  "topic_means": {
    "ds": 0.0,
    "algo": 0.0,
    "oops": 0.0,
    "dbms": 0.0,
    "os": 0.0,
    "cn": 0.0,
    "system_design": 0.0
  },
  "consecutive_low_scores": 0,
  "safety_constraints_applied": false
}