{
  "total_episodes": 784,
  "epoch": 2,
  "epoch_episode": 284,
  "question_number": 10,
  "topic": "algo",
  "subtopic": "Searching",
  "difficulty": 4.061132532763665,
  "performance": 0.32649854319617233,
  "time_taken": 9.097645392042544,
  "actor_loss": -0.0008364998163006805,
  "value_loss": 26.334142863510767,
  "entropy_loss": -0.0009927882024274456,
  "topic_means": {
    "ds": 0.0,
    "algo": 0.0,
    "oops": 0.0,
    "dbms": 0.0,
    "os": 0.0,
    "cn": 0.0,
    "system_design": 0.0
  },
  "consecutive_low_scores": 0,
  "safety_constraints_applied": false
}