{
  "total_episodes": 1373,
  "epoch": 3,
  "epoch_episode": 373,
  "question_number": 8,
  "topic": "oops",
  "subtopic": "Inheritance",
  "difficulty": 1.98,
  "performance": 0.09963780557984767,
  "time_taken": 16.677344411072536,
  "actor_loss": -0.0008845528877513102,
  "value_loss": 15.948175341164406,
  "entropy_loss": -0.0010258269512783064,
  "topic_means": {
    "ds": 0.0,
    "algo": 0.0,
    "oops": 0.0,
    "dbms": 0.0,
    "os": 0.0,
    "cn": 0.0,
    "system_design": 0.0
  },
  "consecutive_low_scores": 0,
  "safety_constraints_applied": false
}