{
  "total_episodes": 1316,
  "epoch": 3,
  "epoch_episode": 316,
  "question_number": 2,
  "topic": "oops",
  "subtopic": "Polymorphism",
  "difficulty": 3.7781060142610023,
  "performance": 0.30852448157537604,
  "time_taken": 10.719230895139718,
  "actor_loss": -0.0009064953991807057,
  "value_loss": 25.359783743275244,
  "entropy_loss": -0.0006127712868373621,
  "topic_means": {
    "ds": 0.0,
    "algo": 0.0,
    "oops": 0.0,
    "dbms": 0.0,
    "os": 0.0,
    "cn": 0.0,
    "system_design": 0.0
  },
  "consecutive_low_scores": 0,
  "safety_constraints_applied": false
}