{
  "total_episodes": 932,
  "epoch": 2,
  "epoch_episode": 432,
  "question_number": 2,
  "topic": "algo",
  "subtopic": "Greedy",
  "difficulty": 4.885428300574664,
  "performance": 0.20339145262485422,
  "time_taken": 15.955007322664514,
  "actor_loss": -0.0002400531509862157,
  "value_loss": 23.350297552059907,
  "entropy_loss": -0.000659194352214036,
  "topic_means": {
    "ds": 0.0,
    "algo": 0.0,
    "oops": 0.0,
    "dbms": 0.0,
    "os": 0.0,
    "cn": 0.0,
    "system_design": 0.0
  },
  "consecutive_low_scores": 0,
  "safety_constraints_applied": false
}