{
  "total_episodes": 1469,
  "epoch": 3,
  "epoch_episode": 469,
  "question_number": 8,
  "topic": "oops",
  "subtopic": "Abstraction",
  "difficulty": 2.64,
  "performance": 0.06142723233026348,
  "time_taken": 14.050381720028048,
  "actor_loss": 0.0009156675159949817,
  "value_loss": 31.910262551203765,
  "entropy_loss": -0.0009318491175474347,
  "topic_means": {
    "ds": 0.0,
    "algo": 0.0,
    "oops": 0.0,
    "dbms": 0.0,
    "os": 0.0,
    "cn": 0.0,
    "system_design": 0.0
  },
  "consecutive_low_scores": 0,
  "safety_constraints_applied": false
}