{
  "total_episodes": 845,
  "epoch": 2,
  "epoch_episode": 345,
  "question_number": 8,
  "topic": "ds",
  "subtopic": "Arrays",
  "difficulty": 1.98,
  "performance": 0.0981766435099955,
  "time_taken": 16.772035827784034,
  "actor_loss": 0.0009698947882688165,
  "value_loss": 25.7084040923775,
  "entropy_loss": -0.0009962096695137579,
  "topic_means": {
    "ds": 0.0,
    "algo": 0.0,
    "oops": 0.0,
    "dbms": 0.0,
    "os": 0.0,
    "cn": 0.0,
    "system_design": 0.0
  },
  "consecutive_low_scores": 0,
  "safety_constraints_applied": false
}