{
  "total_episodes": 234,
  "epoch": 1,
  "epoch_episode": 234,
  "question_number": 6,
  "topic": "oops",
  "subtopic": "Polymorphism",
  "difficulty": 4.416620697767771,
  "performance": 0.07690904487125597,
  "time_taken": 12.740225506635072,
  "actor_loss": 0.001081836806448853,
  "value_loss": 19.008493009432815,
  "entropy_loss": -0.007227143987092103,
  "topic_means": {
    "ds": 0.0,
    "algo": 0.0,
    "oops": 0.0,
    "dbms": 0.0,
    "os": 0.0,
    "cn": 0.0,
    "system_design": 0.0
  },
  "consecutive_low_scores": 0,
  "safety_constraints_applied": false
}