{
  "total_episodes": 484,
  "epoch": 1,
  "epoch_episode": 484,
  "question_number": 2,
  "topic": "ds",
  "subtopic": "Arrays",
  "difficulty": 3.8008903398337917,
  "performance": 0.3258136618824117,
  "time_taken": 14.085626508447126,
  "actor_loss": -0.0023083117472774022,
  "value_loss": 22.01277151595983,
  "entropy_loss": -0.0028177204760108576,
  "topic_means": {
    "ds": 0.0,
    "algo": 0.0,
    "oops": 0.0,
    "dbms": 0.0,
    "os": 0.0,
    "cn": 0.0,
    "system_design": 0.0
  },
  "consecutive_low_scores": 0,
  "safety_constraints_applied": false
}