{
  "total_episodes": 301,
  "epoch": 1,
  "epoch_episode": 301,
  "question_number": 8,
  "topic": "algo",
  "subtopic": "Searching",
  "difficulty": 1.98,
  "performance": 0.11582233282633883,
  "time_taken": 13.267366425684093,
  "actor_loss": 0.001883518529094685,
  "value_loss": 25.117735818054964,
  "entropy_loss": -0.005517846991868938,
  "topic_means": {
    "ds": 0.0,
    "algo": 0.0,
    "oops": 0.0,
    "dbms": 0.0,
    "os": 0.0,
    "cn": 0.0,
    "system_design": 0.0
  },
  "consecutive_low_scores": 0,
  "safety_constraints_applied": false
}