{
  "total_episodes": 983,
  "epoch": 2,
  "epoch_episode": 483,
  "question_number": 4,
  "topic": "oops",
  "subtopic": "Inheritance",
  "difficulty": 1.98,
  "performance": 0.2133557308998829,
  "time_taken": 9.88085112103956,
  "actor_loss": 0.0005515109334273141,
  "value_loss": 35.55271893702313,
  "entropy_loss": -0.0002285906236849117,
  "topic_means": {
    "ds": 0.0,
    "algo": 0.0,
    "oops": 0.0,
    "dbms": 0.0,
    "os": 0.0,
    "cn": 0.0,
    "system_design": 0.0
  },
  "consecutive_low_scores": 0,
  "safety_constraints_applied": false
}