{
  "total_episodes": 1181,
  "epoch": 3,
  "epoch_episode": 181,
  "question_number": 8,
  "topic": "algo",
  "subtopic": "Greedy",
  "difficulty": 5.5,
  "performance": 0.10827582826610858,
  "time_taken": 13.99333169232599,
  "actor_loss": 1.8837133015893286e-05,
  "value_loss": 21.037985182991445,
  "entropy_loss": -0.0007968265873882936,
  "topic_means": {
    "ds": 0.0,
    "algo": 0.0,
    "oops": 0.0,
    "dbms": 0.0,
    "os": 0.0,
    "cn": 0.0,
    "system_design": 0.0
  },
  "consecutive_low_scores": 0,
  "safety_constraints_applied": true
}