{
  "total_episodes": 746,
  "epoch": 2,
  "epoch_episode": 246,
  "question_number": 6,
  "topic": "ds",
  "subtopic": "Linked Lists",
  "difficulty": 1.98,
  "performance": 0.09979759033991686,
  "time_taken": 15.448573312007545,
  "actor_loss": -0.0005785918657358257,
  "value_loss": 25.115311866764394,
  "entropy_loss": -0.0011562075448577254,
  "topic_means": {
    "ds": 0.0,
    "algo": 0.0,
    "oops": 0.0,
    "dbms": 0.0,
    "os": 0.0,
    "cn": 0.0,
    "system_design": 0.0
  },
  "consecutive_low_scores": 0,
  "safety_constraints_applied": false
}