{
  "total_episodes": 1015,
  "epoch": 3,
  "epoch_episode": 15,
  "question_number": 4,
  "topic": "ds",
  "subtopic": "Heaps",
  "difficulty": 2.64,
  "performance": 0.13547712377710758,
  "time_taken": 11.450228444892035,
  "actor_loss": -0.003271374935322538,
  "value_loss": 28.257780866054077,
  "entropy_loss": -0.00011116801817386682,
  "topic_means": {
    "ds": 0.0,
    "algo": 0.0,
    "oops": 0.0,
    "dbms": 0.0,
    "os": 0.0,
    "cn": 0.0,
    "system_design": 0.0
  },
  "consecutive_low_scores": 0,
  "safety_constraints_applied": false
}