{
  "total_episodes": 631,
  "epoch": 2,
  "epoch_episode": 131,
  "question_number": 4,
  "topic": "oops",
  "subtopic": "Design Patterns",
  "difficulty": 5.180751488006894,
  "performance": 0.13085070542730248,
  "time_taken": 11.86408110465379,
  "actor_loss": 0.0014415541687783384,
  "value_loss": 28.642490055871292,
  "entropy_loss": -0.0018245238161936253,
  "topic_means": {
    "ds": 0.0,
    "algo": 0.0,
    "oops": 0.0,
    "dbms": 0.0,
    "os": 0.0,
    "cn": 0.0,
    "system_design": 0.0
  },
  "consecutive_low_scores": 0,
  "safety_constraints_applied": false
}