{
  "total_episodes": 1200,
  "epoch": 3,
  "epoch_episode": 200,
  "question_number": 10,
  "topic": "ds",
  "subtopic": "Trees",
  "difficulty": 1.98,
  "performance": 0.057824864949659854,
  "time_taken": 13.91376062069542,
  "actor_loss": -0.0016331667209122359,
  "value_loss": 27.122666359123826,
  "entropy_loss": -0.0006294648972298128,
  "topic_means": {
    "ds": 0.0,
    "algo": 0.0,
    "oops": 0.0,
    "dbms": 0.0,
    "os": 0.0,
    "cn": 0.0,
    "system_design": 0.0
  },
  "consecutive_low_scores": 0,
  "safety_constraints_applied": false
}