{
  "total_episodes": 13,
  "epoch": 1,
  "epoch_episode": 13,
  "question_number": 8,
  "topic": "ds",
  "subtopic": "Trees",
  "difficulty": 2.508338778560627,
  "performance": 0.2044918140804547,
  "time_taken": 15.013632647872,
  "actor_loss": -0.0007162821483376703,
  "value_loss": 38.171548955242564,
  "entropy_loss": -0.013087243303232143,
  "topic_means": {
    "ds": 0.0,
    "algo": 0.0,
    "oops": 0.0,
    "dbms": 0.0,
    "os": 0.0,
    "cn": 0.0,
    "system_design": 0.0
  },
  "consecutive_low_scores": 0,
  "safety_constraints_applied": false
}