{
  "total_episodes": 1242,
  "epoch": 3,
  "epoch_episode": 242,
  "question_number": 6,
  "topic": "ds",
  "subtopic": "Trees",
  "difficulty": 1.98,
  "performance": 0.3775065854159086,
  "time_taken": 10.301203955853067,
  "actor_loss": 0.0007997171050488031,
  "value_loss": 25.84851733249255,
  "entropy_loss": -0.0002762678373874691,
  "topic_means": {
    "ds": 0.0,
    "algo": 0.0,
    "oops": 0.0,
    "dbms": 0.0,
    "os": 0.0,
    "cn": 0.0,
    "system_design": 0.0
  },
  "consecutive_low_scores": 0,
  "safety_constraints_applied": false
}