{
  "total_episodes": 256,
  "epoch": 1,
  "epoch_episode": 256,
  "question_number": 10,
  "topic": "ds",
  "subtopic": "Linked Lists",
  "difficulty": 2.64,
  "performance": 0.08284373434571027,
  "time_taken": 11.656520832268908,
  "actor_loss": 0.0017973710208144746,
  "value_loss": 21.262979692577527,
  "entropy_loss": -0.006360260765812494,
  "topic_means": {
    "ds": 0.0,
    "algo": 0.0,
    "oops": 0.0,
    "dbms": 0.0,
    "os": 0.0,
    "cn": 0.0,
    "system_design": 0.0
  },
  "consecutive_low_scores": 0,
  "safety_constraints_applied": false
}