{
  "total_episodes": 1085,
  "epoch": 3,
  "epoch_episode": 85,
  "question_number": 8,
  "topic": "ds",
  "subtopic": "Trees",
  "difficulty": 1.98,
  "performance": 0.06496414796596342,
  "time_taken": 12.464996142165788,
  "actor_loss": 0.0005228000458000884,
  "value_loss": 23.189788900292395,
  "entropy_loss": 8.582839013871718e-05,
  "topic_means": {
    "ds": 0.0,
    "algo": 0.0,
    "oops": 0.0,
    "dbms": 0.0,
    "os": 0.0,
    "cn": 0.0,
    "system_design": 0.0
  },
  "consecutive_low_scores": 0,
  "safety_constraints_applied": false
}