{
  "total_episodes": 685,
  "epoch": 2,
  "epoch_episode": 185,
  "question_number": 8,
  "topic": "algo",
  "subtopic": "Sorting",
  "difficulty": 4.293087680312501,
  "performance": 0.08512402848710128,
  "time_taken": 11.436408298583714,
  "actor_loss": -0.0008908888138224807,
  "value_loss": 27.75554338073706,
  "entropy_loss": -0.0014389880333601113,
  "topic_means": {
    "ds": 0.0,
    "algo": 0.0,
    "oops": 0.0,
    "dbms": 0.0,
    "os": 0.0,
    "cn": 0.0,
    "system_design": 0.0
  },
  "consecutive_low_scores": 0,
  "safety_constraints_applied": false
}