{
  "total_episodes": 84,
  "epoch": 1,
  "epoch_episode": 84,
  "question_number": 2,
  "topic": "ds",
  "subtopic": "Trees",
  "difficulty": 3.774393091702704,
  "performance": 0.18167075150351525,
  "time_taken": 12.067106449160251,
  "actor_loss": 7.412321737293899e-05,
  "value_loss": 26.57534346044063,
  "entropy_loss": -0.010907786472287294,
  "topic_means": {
    "ds": 0.0,
    "algo": 0.0,
    "oops": 0.0,
    "dbms": 0.0,
    "os": 0.0,
    "cn": 0.0,
    "system_design": 0.0
  },
  "consecutive_low_scores": 0,
  "safety_constraints_applied": false
}