{
  "total_episodes": 394,
  "epoch": 1,
  "epoch_episode": 394,
  "question_number": 6,
  "topic": "algo",
  "subtopic": "Backtracking",
  "difficulty": 1.98,
  "performance": 0.1655677367396473,
  "time_taken": 12.419109822009611,
  "actor_loss": 6.368127706557932e-05,
  "value_loss": 22.551477504060593,
  "entropy_loss": -0.0036181855977374536,
  "topic_means": {
    "ds": 0.0,
    "algo": 0.0,
    "oops": 0.0,
    "dbms": 0.0,
    "os": 0.0,
    "cn": 0.0,
    "system_design": 0.0
  },
  "consecutive_low_scores": 0,
  "safety_constraints_applied": false
}