{
  "total_episodes": 756,
  "epoch": 2,
  "epoch_episode": 256,
  "question_number": 2,
  "topic": "oops",
  "subtopic": "Abstraction",
  "difficulty": 3.8068081433739303,
  "performance": 0.1885502286106798,
  "time_taken": 11.454129389728973,
  "actor_loss": 0.00011237222191041902,
  "value_loss": 22.962879923151753,
  "entropy_loss": -0.0010683979216097278,
  "topic_means": {
    "ds": 0.0,
    "algo": 0.0,
    "oops": 0.0,
    "dbms": 0.0,
    "os": 0.0,
    "cn": 0.0,
    "system_design": 0.0
  },
  "consecutive_low_scores": 0,
  "safety_constraints_applied": false
}