{
  "total_episodes": 138,
  "epoch": 1,
  "epoch_episode": 138,
  "question_number": 6,
  "topic": "ds",
  "subtopic": "Linked Lists",
  "difficulty": 4.414266468816224,
  "performance": 0.0862345871153366,
  "time_taken": 10.282130792638194,
  "actor_loss": 0.00025690549263386006,
  "value_loss": 25.83832830790501,
  "entropy_loss": -0.009560603026151105,
  "topic_means": {
    "ds": 0.0,
    "algo": 0.0,
    "oops": 0.0,
    "dbms": 0.0,
    "os": 0.0,
    "cn": 0.0,
    "system_design": 0.0
  },
  "consecutive_low_scores": 0,
  "safety_constraints_applied": false
}