{
  "total_episodes": 1463,
  "epoch": 3,
  "epoch_episode": 463,
  "question_number": 4,
  "topic": "ds",
  "subtopic": "Heaps",
  "difficulty": 4.089697413699876,
  "performance": 0.23501472960485092,
  "time_taken": 14.515640898361683,
  "actor_loss": -9.1324249858174e-05,
  "value_loss": 24.43932862438498,
  "entropy_loss": -0.0009581291704289866,
  "topic_means": {
    "ds": 0.0,
    "algo": 0.0,
    "oops": 0.0,
    "dbms": 0.0,
    "os": 0.0,
    "cn": 0.0,
    "system_design": 0.0
  },
  "consecutive_low_scores": 0,
  "safety_constraints_applied": false
}