{
  "total_episodes": 1399,
  "epoch": 3,
  "epoch_episode": 399,
  "question_number": 4,
  "topic": "algo",
  "subtopic": "Greedy",
  "difficulty": 4.272845050260113,
  "performance": 0.466773756841537,
  "time_taken": 7.2048426146528985,
  "actor_loss": -0.0002519234522384603,
  "value_loss": 32.049331646405776,
  "entropy_loss": -0.001505464861377834,
  "topic_means": {
    "ds": 0.0,
    "algo": 0.0,
    "oops": 0.0,
    "dbms": 0.0,
    "os": 0.0,
    "cn": 0.0,
    "system_design": 0.0
  },
  "consecutive_low_scores": 0,
  "safety_constraints_applied": false
}