{
  "total_episodes": 583,
  "epoch": 2,
  "epoch_episode": 83,
  "question_number": 4,
  "topic": "algo",
  "subtopic": "Dynamic Programming",
  "difficulty": 4.018912084547692,
  "performance": 0.4585651217825617,
  "time_taken": 10.794944051162268,
  "actor_loss": -0.007285631377650178,
  "value_loss": 22.25324324915145,
  "entropy_loss": -0.0019977644087831475,
  "topic_means": {
    "ds": 0.0,
    "algo": 0.0,
    "oops": 0.0,
    "dbms": 0.0,
    "os": 0.0,
    "cn": 0.0,
    "system_design": 0.0
  },
  "consecutive_low_scores": 0,
  "safety_constraints_applied": false
}