{
  "total_episodes": 570,
  "epoch": 2,
  "epoch_episode": 70,
  "question_number": 6,
  "topic": "ds",
  "subtopic": "Graphs",
  "difficulty": 4.052797197417155,
  "performance": 0.376913180854406,
  "time_taken": 11.727283272212317,
  "actor_loss": 0.0004775596699906348,
  "value_loss": 22.234778313991736,
  "entropy_loss": -0.0023334792581059015,
  "topic_means": {
    "ds": 0.0,
    "algo": 0.0,
    "oops": 0.0,
    "dbms": 0.0,
    "os": 0.0,
    "cn": 0.0,
    "system_design": 0.0
  },
  "consecutive_low_scores": 0,
  "safety_constraints_applied": false
}