{
  "total_episodes": 1165,
  "epoch": 3,
  "epoch_episode": 165,
  "question_number": 8,
  "topic": "algo",
  "subtopic": "Backtracking",
  "difficulty": 2.64,
  "performance": 0.1588401642197587,
  "time_taken": 13.51178949696325,
  "actor_loss": 0.001712505579072101,
  "value_loss": 21.288177224072417,
  "entropy_loss": -0.0007784122703247518,
  "topic_means": {
    "ds": 0.0,
    "algo": 0.0,
    "oops": 0.0,
    "dbms": 0.0,
    "os": 0.0,
    "cn": 0.0,
    "system_design": 0.0
  },
  "consecutive_low_scores": 0,
  "safety_constraints_applied": false
}