{
  "total_episodes": 816,
  "epoch": 2,
  "epoch_episode": 316,
  "question_number": 10,
  "topic": "algo",
  "subtopic": "Searching",
  "difficulty": 1.98,
  "performance": 0.4069245706563755,
  "time_taken": 13.996456188970518,
  "actor_loss": -0.0006187148140533235,
  "value_loss": 23.64483787157316,
  "entropy_loss": -0.0009189532556265646,
  "topic_means": {
    "ds": 0.0,
    "algo": 0.0,
    "oops": 0.0,
    "dbms": 0.0,
    "os": 0.0,
    "cn": 0.0,
    "system_design": 0.0
  },
  "consecutive_low_scores": 0,
  "safety_constraints_applied": false
}