{
  "total_episodes": 1364,
  "epoch": 3,
  "epoch_episode": 364,
  "question_number": 2,
  "topic": "oops",
  "subtopic": "Polymorphism",
  "difficulty": 3.938136110951043,
  "performance": 0.15927402304056099,
  "time_taken": 12.700049065077286,
  "actor_loss": 0.0022616681608669136,
  "value_loss": 19.63839188647177,
  "entropy_loss": -0.0008972269816240493,
  "topic_means": {
    "ds": 0.0,
    "algo": 0.0,
    "oops": 0.0,
    "dbms": 0.0,
    "os": 0.0,
    "cn": 0.0,
    "system_design": 0.0
  },
  "consecutive_low_scores": 0,
  "safety_constraints_applied": false
}