{
  "total_episodes": 1415,
  "epoch": 3,
  "epoch_episode": 415,
  "question_number": 4,
  "topic": "algo",
  "subtopic": "Greedy",
  "difficulty": 4.204004740188978,
  "performance": 0.12221909913139174,
  "time_taken": 10.528200634339692,
  "actor_loss": 0.0007223234583403609,
  "value_loss": 27.47578012338254,
  "entropy_loss": -0.001345141134427759,
  "topic_means": {
    "ds": 0.0,
    "algo": 0.0,
    "oops": 0.0,
    "dbms": 0.0,
    "os": 0.0,
    "cn": 0.0,
    "system_design": 0.0
  },
  "consecutive_low_scores": 0,
  "safety_constraints_applied": false
}