{
  "total_episodes": 1040,
  "epoch": 3,
  "epoch_episode": 40,
  "question_number": 10,
  "topic": "oops",
  "subtopic": "Design Patterns",
  "difficulty": 2.64,
  "performance": 0.3019542187886871,
  "time_taken": 12.597774030595447,
  "actor_loss": -0.006228784144743928,
  "value_loss": 29.46458242136808,
  "entropy_loss": -0.00028807963311143926,
  "topic_means": {
    "ds": 0.0,
    "algo": 0.0,
    "oops": 0.0,
    "dbms": 0.0,
    "os": 0.0,
    "cn": 0.0,
    "system_design": 0.0
  },
  "consecutive_low_scores": 0,
  "safety_constraints_applied": false
}