{
  "total_episodes": 1239,
  "epoch": 3,
  "epoch_episode": 239,
  "question_number": 4,
  "topic": "oops",
  "subtopic": "Abstraction",
  "difficulty": 1.98,
  "performance": 0.24525441644088186,
  "time_taken": 15.105126494384082,
  "actor_loss": 0.00224571562055597,
  "value_loss": 19.13575278356819,
  "entropy_loss": -0.0001272937506709747,
  "topic_means": {
    "ds": 0.0,
    "algo": 0.0,
    "oops": 0.0,
    "dbms": 0.0,
    "os": 0.0,
    "cn": 0.0,
    "system_design": 0.0
  },
  "consecutive_low_scores": 0,
  "safety_constraints_applied": false
}