{
  "total_episodes": 516,
  "epoch": 2,
  "epoch_episode": 16,
  "question_number": 2,
  "topic": "algo",
  "subtopic": "Greedy",
  "difficulty": 4.86443089395152,
  "performance": 0.13090373176159772,
  "time_taken": 11.82073461827523,
  "actor_loss": -0.0026411657672256146,
  "value_loss": 27.968592432283554,
  "entropy_loss": -0.0026876469424967223,
  "topic_means": {
    "ds": 0.0,
    "algo": 0.0,
    "oops": 0.0,
    "dbms": 0.0,
    "os": 0.0,
    "cn": 0.0,
    "system_design": 0.0
  },
  "consecutive_low_scores": 0,
  "safety_constraints_applied": false
}