{
  "total_episodes": 212,
  "epoch": 1,
  "epoch_episode": 212,
  "question_number": 2,
  "topic": "ds",
  "subtopic": "Heaps",
  "difficulty": 3.905900107970987,
  "performance": 0.14420923394339413,
  "time_taken": 13.346490622392817,
  "actor_loss": 0.00013943423284683043,
  "value_loss": 28.864816880109437,
  "entropy_loss": -0.00775709230979193,
  "topic_means": {
    "ds": 0.0,
    "algo": 0.0,
    "oops": 0.0,
    "dbms": 0.0,
    "os": 0.0,
    "cn": 0.0,
    "system_design": 0.0
  },
  "consecutive_low_scores": 0,
  "safety_constraints_applied": false
}