{
  "total_episodes": 1072,
  "epoch": 3,
  "epoch_episode": 72,
  "question_number": 10,
  "topic": "ds",
  "subtopic": "Linked Lists",
  "difficulty": 1.98,
  "performance": 0.19001748461266513,
  "time_taken": 13.980453946614404,
  "actor_loss": 0.0019067417240467345,
  "value_loss": 29.041692018924778,
  "entropy_loss": -0.00018619416468108988,
  "topic_means": {
    "ds": 0.0,
    "algo": 0.0,
    "oops": 0.0,
    "dbms": 0.0,
    "os": 0.0,
    "cn": 0.0,
    "system_design": 0.0
  },
  "consecutive_low_scores": 0,
  "safety_constraints_applied": false
}