{
  "total_episodes": 1213,
  "epoch": 3,
  "epoch_episode": 213,
  "question_number": 8,
  "topic": "oops",
  "subtopic": "Design Patterns",
  "difficulty": 1.98,
  "performance": 0.06581698103563718,
  "time_taken": 10.81415480682364,
  "actor_loss": 0.002064809186311692,
  "value_loss": 27.719179733987897,
  "entropy_loss": -0.0003479295048126448,
  "topic_means": {
    "ds": 0.0,
    "algo": 0.0,
    "oops": 0.0,
    "dbms": 0.0,
    "os": 0.0,
    "cn": 0.0,
    "system_design": 0.0
  },
  "consecutive_low_scores": 0,
  "safety_constraints_applied": false
}