{
  "total_episodes": 250,
  "epoch": 1,
  "epoch_episode": 250,
  "question_number": 6,
  "topic": "oops",
  "subtopic": "Design Patterns",
  "difficulty": 1.98,
  "performance": 0.20615982640501945,
  "time_taken": 9.581466793808698,
  "actor_loss": 0.00037436758227791454,
  "value_loss": 27.811548810136696,
  "entropy_loss": -0.006753335710368543,
  "topic_means": {
    "ds": 0.0,
    "algo": 0.0,
    "oops": 0.0,
    "dbms": 0.0,
    "os": 0.0,
    "cn": 0.0,
    "system_design": 0.0
  },
  "consecutive_low_scores": 0,
  "safety_constraints_applied": false
}