{
  "total_episodes": 976,
  "epoch": 2,
  "epoch_episode": 476,
  "question_number": 10,
  "topic": "ds",
  "subtopic": "Linked Lists",
  "difficulty": 1.98,
  "performance": 0.1064184584755839,
  "time_taken": 12.61091821961289,
  "actor_loss": 0.001979380145678732,
  "value_loss": 24.863005505978247,
  "entropy_loss": 4.6394092261347376e-05,
  "topic_means": {
    "ds": 0.0,
    "algo": 0.0,
    "oops": 0.0,
    "dbms": 0.0,
    "os": 0.0,
    "cn": 0.0,
    "system_design": 0.0
  },
  "consecutive_low_scores": 0,
  "safety_constraints_applied": false
}