{
  "total_episodes": 1149,
  "epoch": 3,
  "epoch_episode": 149,
  "question_number": 8,
  "topic": "ds",
  "subtopic": "Arrays",
  "difficulty": 1.98,
  "performance": 0.0987994245479552,
  "time_taken": 12.068511577003358,
  "actor_loss": 0.0007912016192438518,
  "value_loss": 30.041068104694414,
  "entropy_loss": -0.0005913334918870783,
  "topic_means": {
    "ds": 0.0,
    "algo": 0.0,
    "oops": 0.0,
    "dbms": 0.0,
    "os": 0.0,
    "cn": 0.0,
    "system_design": 0.0
  },
  "consecutive_low_scores": 0,
  "safety_constraints_applied": false
}