{
  "total_episodes": 1152,
  "epoch": 3,
  "epoch_episode": 152,
  "question_number": 10,
  "topic": "algo",
  "subtopic": "Greedy",
  "difficulty": 1.98,
  "performance": 0.052223309842841875,
  "time_taken": 17.264019962331393,
  "actor_loss": -0.0005588414468040627,
  "value_loss": 26.464770491212043,
  "entropy_loss": -0.0004429171639092796,
  "topic_means": {
    "ds": 0.0,
    "algo": 0.0,
    "oops": 0.0,
    "dbms": 0.0,
    "os": 0.0,
    "cn": 0.0,
    "system_design": 0.0
  },
  "consecutive_low_scores": 0,
  "safety_constraints_applied": false
}