{
  "total_episodes": 650,
  "epoch": 2,
  "epoch_episode": 150,
  "question_number": 6,
  "topic": "oops",
  "subtopic": "Classes",
  "difficulty": 1.98,
  "performance": 0.20754508999952986,
  "time_taken": 13.18335409093716,
  "actor_loss": 0.0002747666919697848,
  "value_loss": 23.90311251425119,
  "entropy_loss": -0.0016704368087762296,
  "topic_means": {
    "ds": 0.0,
    "algo": 0.0,
    "oops": 0.0,
    "dbms": 0.0,
    "os": 0.0,
    "cn": 0.0,
    "system_design": 0.0
  },
  "consecutive_low_scores": 0,
  "safety_constraints_applied": false
}