{
  "total_episodes": 1296,
  "epoch": 3,
  "epoch_episode": 296,
  "question_number": 10,
  "topic": "algo",
  "subtopic": "Sorting",
  "difficulty": 1.98,
  "performance": 0.10565779979284433,
  "time_taken": 14.468090820005912,
  "actor_loss": 0.0035142788915034848,
  "value_loss": 25.963243605705117,
  "entropy_loss": -0.00039887459336494715,
  "topic_means": {
    "ds": 0.0,
    "algo": 0.0,
    "oops": 0.0,
    "dbms": 0.0,
    "os": 0.0,
    "cn": 0.0,
    "system_design": 0.0
  },
  "consecutive_low_scores": 0,
  "safety_constraints_applied": false
}