{
  "total_episodes": 1492,
  "epoch": 3,
  "epoch_episode": 492,
  "question_number": 2,
  "topic": "oops",
  "subtopic": "Polymorphism",
  "difficulty": 3.845604711900129,
  "performance": 0.31098435791156626,
  "time_taken": 10.41010399768921,
  "actor_loss": 0.0010645448497666548,
  "value_loss": 30.00782698059403,
  "entropy_loss": -0.000693342676501099,
  "topic_means": {
    "ds": 0.0,
    "algo": 0.0,
    "oops": 0.0,
    "dbms": 0.0,
    "os": 0.0,
    "cn": 0.0,
    "system_design": 0.0
  },
  "consecutive_low_scores": 0,
  "safety_constraints_applied": false
}