{
  "total_episodes": 832,
  "epoch": 2,
  "epoch_episode": 332,
  "question_number": 10,
  "topic": "algo",
  "subtopic": "Dynamic Programming",
  "difficulty": 1.98,
  "performance": 0.08595866855855927,
  "time_taken": 11.669789398457809,
  "actor_loss": 0.001245056708021329,
  "value_loss": 22.879336358735078,
  "entropy_loss": -0.0007896706970373698,
  "topic_means": {
    "ds": 0.0,
    "algo": 0.0,
    "oops": 0.0,
    "dbms": 0.0,
    "os": 0.0,
    "cn": 0.0,
    "system_design": 0.0
  },
  "consecutive_low_scores": 0,
  "safety_constraints_applied": false
}