{
  "total_episodes": 768,
  "epoch": 2,
  "epoch_episode": 268,
  "question_number": 10,
  "topic": "ds",
  "subtopic": "Heaps",
  "difficulty": 2.64,
  "performance": 0.16130961582400816,
  "time_taken": 15.131217318625094,
  "actor_loss": -0.006798754456876509,
  "value_loss": 20.264393684056515,
  "entropy_loss": -0.0008662455071332474,
  "topic_means": {
    "ds": 0.0,
    "algo": 0.0,
    "oops": 0.0,
    "dbms": 0.0,
    "os": 0.0,
    "cn": 0.0,
    "system_design": 0.0
  },
  "consecutive_low_scores": 0,
  "safety_constraints_applied": false
}