{
  "total_episodes": 20,
  "epoch": 1,
  "epoch_episode": 20,
  "question_number": 2,
  "topic": "ds",
  "subtopic": "Trees",
  "difficulty": 3.7844741217899447,
  "performance": 0.33740981604472414,
  "time_taken": 9.427727402436584,
  "actor_loss": 3.881347525804269e-05,
  "value_loss": 30.307205454934206,
  "entropy_loss": -0.01263086502987482,
  "topic_means": {
    "ds": 0.0,
    "algo": 0.0,
    "oops": 0.0,
    "dbms": 0.0,
    "os": 0.0,
    "cn": 0.0,
    "system_design": 0.0
  },
  "consecutive_low_scores": 0,
  "safety_constraints_applied": false
}