{
  "total_episodes": 458,
  "epoch": 1,
  "epoch_episode": 458,
  "question_number": 6,
  "topic": "oops",
  "subtopic": "Classes",
  "difficulty": 1.98,
  "performance": 0.10389930000461643,
  "time_taken": 11.964856017098182,
  "actor_loss": -0.0008662629211310405,
  "value_loss": 27.893765741411407,
  "entropy_loss": -0.0029756845856617176,
  "topic_means": {
    "ds": 0.0,
    "algo": 0.0,
    "oops": 0.0,
    "dbms": 0.0,
    "os": 0.0,
    "cn": 0.0,
    "system_design": 0.0
  },
  "consecutive_low_scores": 0,
  "safety_constraints_applied": false
}