{
  "total_episodes": 836,
  "epoch": 2,
  "epoch_episode": 336,
  "question_number": 2,
  "topic": "oops",
  "subtopic": "Polymorphism",
  "difficulty": 4.162516126973911,
  "performance": 0.5008847742828862,
  "time_taken": 11.614254769964148,
  "actor_loss": 0.0001545702805297207,
  "value_loss": 27.962695219963177,
  "entropy_loss": -0.0010916671900126935,
  "topic_means": {
    "ds": 0.0,
    "algo": 0.0,
    "oops": 0.0,
    "dbms": 0.0,
    "os": 0.0,
    "cn": 0.0,
    "system_design": 0.0
  },
  "consecutive_low_scores": 0,
  "safety_constraints_applied": false
}