{
  "total_episodes": 672,
  "epoch": 2,
  "epoch_episode": 172,
  "question_number": 10,
  "topic": "algo",
  "subtopic": "Searching",
  "difficulty": 4.001810248258031,
  "performance": 0.2789648403731268,
  "time_taken": 11.031825799108647,
  "actor_loss": 0.003140373712220141,
  "value_loss": 28.955449603939975,
  "entropy_loss": -0.0013083727567964828,
  "topic_means": {
    "ds": 0.0,
    "algo": 0.0,
    "oops": 0.0,
    "dbms": 0.0,
    "os": 0.0,
    "cn": 0.0,
    "system_design": 0.0
  },
  "consecutive_low_scores": 0,
  "safety_constraints_applied": false
}