{
  "total_episodes": 1312,
  "epoch": 3,
  "epoch_episode": 312,
  "question_number": 10,
  "topic": "oops",
  "subtopic": "Design Patterns",
  "difficulty": 2.64,
  "performance": 0.08172883866021992,
  "time_taken": 11.051470177713163,
  "actor_loss": -1.2995632961473533e-05,
  "value_loss": 23.742761285375863,
  "entropy_loss": -0.0005460464462766228,
  "topic_means": {
    "ds": 0.0,
    "algo": 0.0,
    "oops": 0.0,
    "dbms": 0.0,
    "os": 0.0,
    "cn": 0.0,
    "system_design": 0.0
  },
  "consecutive_low_scores": 0,
  "safety_constraints_applied": false
}