{
  "total_episodes": 356,
  "epoch": 1,
  "epoch_episode": 356,
  "question_number": 2,
  "topic": "algo",
  "subtopic": "Searching",
  "difficulty": 4.901339826450883,
  "performance": 0.6118822958905037,
  "time_taken": 7.42592538892321,
  "actor_loss": -0.00027540996793584406,
  "value_loss": 25.36539553149289,
  "entropy_loss": -0.004236008342451832,
  "topic_means": {
    "ds": 0.0,
    "algo": 0.0,
    "oops": 0.0,
    "dbms": 0.0,
    "os": 0.0,
    "cn": 0.0,
    "system_design": 0.0
  },
  "consecutive_low_scores": 0,
  "safety_constraints_applied": false
}