{
  "total_episodes": 336,
  "epoch": 1,
  "epoch_episode": 336,
  "question_number": 10,
  "topic": "oops",
  "subtopic": "Inheritance",
  "difficulty": 1.98,
  "performance": 0.3606489429354258,
  "time_taken": 10.68074262646612,
  "actor_loss": 0.0008025852383499191,
  "value_loss": 26.83189779348937,
  "entropy_loss": -0.0046516351130205785,
  "topic_means": {
    "ds": 0.0,
    "algo": 0.0,
    "oops": 0.0,
    "dbms": 0.0,
    "os": 0.0,
    "cn": 0.0,
    "system_design": 0.0
  },
  "consecutive_low_scores": 0,
  "safety_constraints_applied": false
}