{
  "total_episodes": 1248,
  "epoch": 3,
  "epoch_episode": 248,
  "question_number": 10,
  "topic": "algo",
  "subtopic": "Greedy",
  "difficulty": 1.98,
  "performance": 0.07440471562103573,
  "time_taken": 14.524545100546693,
  "actor_loss": -0.00467058695677367,
  "value_loss": 34.704746132040704,
  "entropy_loss": -0.0004081161330209041,
  "topic_means": {
    "ds": 0.0,
    "algo": 0.0,
    "oops": 0.0,
    "dbms": 0.0,
    "os": 0.0,
    "cn": 0.0,
    "system_design": 0.0
  },
  "consecutive_low_scores": 0,
  "safety_constraints_applied": false
}