{
  "total_episodes": 1261,
  "epoch": 3,
  "epoch_episode": 261,
  "question_number": 8,
  "topic": "ds",
  "subtopic": "Heaps",
  "difficulty": 2.64,
  "performance": 0.07043605874169395,
  "time_taken": 8.177110834777977,
  "actor_loss": 0.00019417237803957718,
  "value_loss": 23.366409600728893,
  "entropy_loss": -0.000499284399471795,
  "topic_means": {
    "ds": 0.0,
    "algo": 0.0,
    "oops": 0.0,
    "dbms": 0.0,
    "os": 0.0,
    "cn": 0.0,
    "system_design": 0.0
  },
  "consecutive_low_scores": 0,
  "safety_constraints_applied": false
}