{
  "total_episodes": 324,
  "epoch": 1,
  "epoch_episode": 324,
  "question_number": 2,
  "topic": "ds",
  "subtopic": "Arrays",
  "difficulty": 3.8245950991702533,
  "performance": 0.3931646253989812,
  "time_taken": 14.039503344863112,
  "actor_loss": 0.00042227429144615393,
  "value_loss": 26.457849123850526,
  "entropy_loss": -0.005020781414247806,
  "topic_means": {
    "ds": 0.0,
    "algo": 0.0,
    "oops": 0.0,
    "dbms": 0.0,
    "os": 0.0,
    "cn": 0.0,
    "system_design": 0.0
  },
  "consecutive_low_scores": 0,
  "safety_constraints_applied": false
}