{
  "total_episodes": 647,
  "epoch": 2,
  "epoch_episode": 147,
  "question_number": 4,
  "topic": "oops",
  "subtopic": "Design Patterns",
  "difficulty": 2.64,
  "performance": 0.10469956316410002,
  "time_taken": 18.51265513288942,
  "actor_loss": 0.00209926603168993,
  "value_loss": 21.267408295635725,
  "entropy_loss": -0.0016250107942350541,
  "topic_means": {
    "ds": 0.0,
    "algo": 0.0,
    "oops": 0.0,
    "dbms": 0.0,
    "os": 0.0,
    "cn": 0.0,
    "system_design": 0.0
  },
  "consecutive_low_scores": 0,
  "safety_constraints_applied": false
}