{
  "total_episodes": 1293,
  "epoch": 3,
  "epoch_episode": 293,
  "question_number": 8,
  "topic": "oops",
  "subtopic": "Polymorphism",
  "difficulty": 4.168035589626749,
  "performance": 0.17181340326650735,
  "time_taken": 16.750446805730085,
  "actor_loss": -0.00025089985424086474,
  "value_loss": 26.992556560676412,
  "entropy_loss": -0.0006930709314033118,
  "topic_means": {
    "ds": 0.0,
    "algo": 0.0,
    "oops": 0.0,
    "dbms": 0.0,
    "os": 0.0,
    "cn": 0.0,
    "system_design": 0.0
  },
  "consecutive_low_scores": 0,
  "safety_constraints_applied": false
}