{
  "total_episodes": 1184,
  "epoch": 3,
  "epoch_episode": 184,
  "question_number": 10,
  "topic": "oops",
  "subtopic": "Abstraction",
  "difficulty": 2.64,
  "performance": 0.1935897027756175,
  "time_taken": 13.744119417819308,
  "actor_loss": -0.0023307871204840177,
  "value_loss": 22.827747366874487,
  "entropy_loss": -0.0008683589881344604,
  "topic_means": {
    "ds": 0.0,
    "algo": 0.0,
    "oops": 0.0,
    "dbms": 0.0,
    "os": 0.0,
    "cn": 0.0,
    "system_design": 0.0
  },
  "consecutive_low_scores": 0,
  "safety_constraints_applied": false
}