{
  "total_episodes": 1210,
  "epoch": 3,
  "epoch_episode": 210,
  "question_number": 6,
  "topic": "algo",
  "subtopic": "Backtracking",
  "difficulty": 1.98,
  "performance": 0.2899189271866677,
  "time_taken": 10.254319853347349,
  "actor_loss": 0.001140483534267219,
  "value_loss": 25.443042415962044,
  "entropy_loss": -0.0006969659926620881,
  "topic_means": {
    "ds": 0.0,
    "algo": 0.0,
    "oops": 0.0,
    "dbms": 0.0,
    "os": 0.0,
    "cn": 0.0,
    "system_design": 0.0
  },
  "consecutive_low_scores": 0,
  "safety_constraints_applied": false
}