{
  "total_episodes": 512,
  "epoch": 2,
  "epoch_episode": 12,
  "question_number": 10,
  "topic": "algo",
  "subtopic": "Backtracking",
  "difficulty": 2.64,
  "performance": 0.06765102710242574,
  "time_taken": 17.697545110996952,
  "actor_loss": -0.002009140212016608,
  "value_loss": 22.308302575736878,
  "entropy_loss": -0.0025724950225596258,
  "topic_means": {
    "ds": 0.0,
    "algo": 0.0,
    "oops": 0.0,
    "dbms": 0.0,
    "os": 0.0,
    "cn": 0.0,
    "system_design": 0.0
  },
  "consecutive_low_scores": 0,
  "safety_constraints_applied": false
}