{
  "total_episodes": 1204,
  "epoch": 3,
  "epoch_episode": 204,
  "question_number": 2,
  "topic": "algo",
  "subtopic": "Sorting",
  "difficulty": 5.401201743101068,
  "performance": 0.404385588496395,
  "time_taken": 13.375379632614376,
  "actor_loss": 0.0002916844816053775,
  "value_loss": 28.03191924382667,
  "entropy_loss": -0.0007112141986551591,
  "topic_means": {
    "ds": 0.0,
    "algo": 0.0,
    "oops": 0.0,
    "dbms": 0.0,
    "os": 0.0,
    "cn": 0.0,
    "system_design": 0.0
  },
  "consecutive_low_scores": 0,
  "safety_constraints_applied": false
}