{
  "total_episodes": 1498,
  "epoch": 3,
  "epoch_episode": 498,
  "question_number": 6,
  "topic": "oops",
  "subtopic": "Polymorphism",
  "difficulty": 1.98,
  "performance": 0.32447630858419807,
  "time_taken": 12.521790705280816,
  "actor_loss": -0.0012371677258687982,
  "value_loss": 33.49991567409303,
  "entropy_loss": -0.0005677242971245776,
  "topic_means": {
    "ds": 0.0,
    "algo": 0.0,
    "oops": 0.0,
    "dbms": 0.0,
    "os": 0.0,
    "cn": 0.0,
    "system_design": 0.0
  },
  "consecutive_low_scores": 0,
  "safety_constraints_applied": false
}