{
  "total_episodes": 602,
  "epoch": 2,
  "epoch_episode": 102,
  "question_number": 6,
  "topic": "ds",
  "subtopic": "Arrays",
  "difficulty": 2.64,
  "performance": 0.11468644732061338,
  "time_taken": 10.286018498094908,
  "actor_loss": 0.00016196054115219307,
  "value_loss": 23.997916180899608,
  "entropy_loss": -0.002208228252766561,
  "topic_means": {
    "ds": 0.0,
    "algo": 0.0,
    "oops": 0.0,
    "dbms": 0.0,
    "os": 0.0,
    "cn": 0.0,
    "system_design": 0.0
  },
  "consecutive_low_scores": 0,
  "safety_constraints_applied": false
}