{
  "total_episodes": 548,
  "epoch": 2,
  "epoch_episode": 48,
  "question_number": 2,
  "topic": "ds",
  "subtopic": "Trees",
  "difficulty": 4.193644241916665,
  "performance": 0.40177012899821757,
  "time_taken": 11.333424861218063,
  "actor_loss": 0.0005007091159162692,
  "value_loss": 22.14301970232714,
  "entropy_loss": -0.0025187941773678712,
  "topic_means": {
    "ds": 0.0,
    "algo": 0.0,
    "oops": 0.0,
    "dbms": 0.0,
    "os": 0.0,
    "cn": 0.0,
    "system_design": 0.0
  },
  "consecutive_low_scores": 0,
  "safety_constraints_applied": false
}