{
  "total_episodes": 1012,
  "epoch": 3,
  "epoch_episode": 12,
  "question_number": 2,
  "topic": "algo",
  "subtopic": "Greedy",
  "difficulty": 5.023011001118275,
  "performance": 0.3436598803087898,
  "time_taken": 14.656374093631324,
  "actor_loss": -0.0016991383358242631,
  "value_loss": 21.300111165361564,
  "entropy_loss": 0.00012846330761717345,
  "topic_means": {
    "ds": 0.0,
    "algo": 0.0,
    "oops": 0.0,
    "dbms": 0.0,
    "os": 0.0,
    "cn": 0.0,
    "system_design": 0.0
  },
  "consecutive_low_scores": 0,
  "safety_constraints_applied": false
}