{
  "total_episodes": 480,
  "epoch": 1,
  "epoch_episode": 480,
  "question_number": 10,
  "topic": "ds",
  "subtopic": "Linked Lists",
  "difficulty": 3.9800666657715467,
  "performance": 0.10165726399519814,
  "time_taken": 12.457988149967045,
  "actor_loss": -0.0021900509592901823,
  "value_loss": 23.956406952591877,
  "entropy_loss": -0.002676803900277456,
  "topic_means": {
    "ds": 0.0,
    "algo": 0.0,
    "oops": 0.0,
    "dbms": 0.0,
    "os": 0.0,
    "cn": 0.0,
    "system_design": 0.0
  },
  "consecutive_low_scores": 0,
  "safety_constraints_applied": false
}