{
  "total_episodes": 1252,
  "epoch": 3,
  "epoch_episode": 252,
  "question_number": 2,
  "topic": "algo",
  "subtopic": "Greedy",
  "difficulty": 5.457830023464065,
  "performance": 0.14755300859464174,
  "time_taken": 17.31812295252798,
  "actor_loss": -0.0008335925471233418,
  "value_loss": 26.530527909430152,
  "entropy_loss": -0.0004511190464131395,
  "topic_means": {
    "ds": 0.0,
    "algo": 0.0,
    "oops": 0.0,
    "dbms": 0.0,
    "os": 0.0,
    "cn": 0.0,
    "system_design": 0.0
  },
  "consecutive_low_scores": 0,
  "safety_constraints_applied": false
}