{
  "total_episodes": 874,
  "epoch": 2,
  "epoch_episode": 374,
  "question_number": 6,
  "topic": "algo",
  "subtopic": "Sorting",
  "difficulty": 4.142683590150249,
  "performance": 0.258561051659798,
  "time_taken": 11.61511669634295,
  "actor_loss": 0.00028944985123827843,
  "value_loss": 27.00285287616007,
  "entropy_loss": -0.0012083543373023228,
  "topic_means": {
    "ds": 0.0,
    "algo": 0.0,
    "oops": 0.0,
    "dbms": 0.0,
    "os": 0.0,
    "cn": 0.0,
    "system_design": 0.0
  },
  "consecutive_low_scores": 0,
  "safety_constraints_applied": false
}