{
  "total_episodes": 800,
  "epoch": 2,
  "epoch_episode": 300,
  "question_number": 10,
  "topic": "ds",
  "subtopic": "Graphs",
  "difficulty": 1.98,
  "performance": 0.06606770117367963,
  "time_taken": 11.433031787740127,
  "actor_loss": -8.224893857331789e-05,
  "value_loss": 24.570985382712923,
  "entropy_loss": -0.0009387455784179913,
  "topic_means": {
    "ds": 0.0,
    "algo": 0.0,
    "oops": 0.0,
    "dbms": 0.0,
    "os": 0.0,
    "cn": 0.0,
    "system_design": 0.0
  },
  "consecutive_low_scores": 0,
  "safety_constraints_applied": false
}