{
  "total_episodes": 413,
  "epoch": 1,
  "epoch_episode": 413,
  "question_number": 8,
  "topic": "algo",
  "subtopic": "Dynamic Programming",
  "difficulty": 4.454711429519437,
  "performance": 0.32085569561597116,
  "time_taken": 11.52700584123538,
  "actor_loss": 0.001321249417137068,
  "value_loss": 22.020632897024335,
  "entropy_loss": -0.003256233938890419,
  "topic_means": {
    "ds": 0.0,
    "algo": 0.0,
    "oops": 0.0,
    "dbms": 0.0,
    "os": 0.0,
    "cn": 0.0,
    "system_design": 0.0
  },
  "consecutive_low_scores": 0,
  "safety_constraints_applied": false
}