{
  "total_episodes": 308,
  "epoch": 1,
  "epoch_episode": 308,
  "question_number": 2,
  "topic": "oops",
  "subtopic": "Classes",
  "difficulty": 3.7833230526831825,
  "performance": 0.14958101291286935,
  "time_taken": 13.863926803512552,
  "actor_loss": 0.00015054409064372832,
  "value_loss": 27.271747561592093,
  "entropy_loss": -0.005451181131750517,
  "topic_means": {
    "ds": 0.0,
    "algo": 0.0,
    "oops": 0.0,
    "dbms": 0.0,
    "os": 0.0,
    "cn": 0.0,
    "system_design": 0.0
  },
  "consecutive_low_scores": 0,
  "safety_constraints_applied": false
}