{
  "total_episodes": 311,
  "epoch": 1,
  "epoch_episode": 311,
  "question_number": 4,
  "topic": "algo",
  "subtopic": "Greedy",
  "difficulty": 4.434175319602079,
  "performance": 0.10479061712913941,
  "time_taken": 20.202193790131883,
  "actor_loss": -0.0004949833753606234,
  "value_loss": 28.787813426083737,
  "entropy_loss": -0.00521237835386596,
  "topic_means": {
    "ds": 0.0,
    "algo": 0.0,
    "oops": 0.0,
    "dbms": 0.0,
    "os": 0.0,
    "cn": 0.0,
    "system_design": 0.0
  },
  "consecutive_low_scores": 0,
  "safety_constraints_applied": false
}