{
  "total_episodes": 624,
  "epoch": 2,
  "epoch_episode": 124,
  "question_number": 10,
  "topic": "oops",
  "subtopic": "Abstraction",
  "difficulty": 3.894861289770938,
  "performance": 0.09492084701747575,
  "time_taken": 11.55769623745618,
  "actor_loss": 0.0056549436175156184,
  "value_loss": 25.77155411305801,
  "entropy_loss": -0.0019034409499006741,
  "topic_means": {
    "ds": 0.0,
    "algo": 0.0,
    "oops": 0.0,
    "dbms": 0.0,
    "os": 0.0,
    "cn": 0.0,
    "system_design": 0.0
  },
  "consecutive_low_scores": 0,
  "safety_constraints_applied": false
}