{
  "total_episodes": 237,
  "epoch": 1,
  "epoch_episode": 237,
  "question_number": 8,
  "topic": "algo",
  "subtopic": "Greedy",
  "difficulty": 4.111636352175683,
  "performance": 0.051428170115330574,
  "time_taken": 14.227969026207347,
  "actor_loss": -0.0005340861447398631,
  "value_loss": 22.922562232893178,
  "entropy_loss": -0.007122887337682601,
  "topic_means": {
    "ds": 0.0,
    "algo": 0.0,
    "oops": 0.0,
    "dbms": 0.0,
    "os": 0.0,
    "cn": 0.0,
    "system_design": 0.0
  },
  "consecutive_low_scores": 0,
  "safety_constraints_applied": false
}