{
  "total_episodes": 701,
  "epoch": 2,
  "epoch_episode": 201,
  "question_number": 8,
  "topic": "oops",
  "subtopic": "Inheritance",
  "difficulty": 4.4729228555457965,
  "performance": 0.2663151102352673,
  "time_taken": 14.693820850497172,
  "actor_loss": -0.004371598222624753,
  "value_loss": 24.719087967196266,
  "entropy_loss": -0.0015587034238943949,
  "topic_means": {
    "ds": 0.0,
    "algo": 0.0,
    "oops": 0.0,
    "dbms": 0.0,
    "os": 0.0,
    "cn": 0.0,
    "system_design": 0.0
  },
  "consecutive_low_scores": 0,
  "safety_constraints_applied": false
}