{
  "total_episodes": 407,
  "epoch": 1,
  "epoch_episode": 407,
  "question_number": 4,
  "topic": "oops",
  "subtopic": "Design Patterns",
  "difficulty": 5.258733147284667,
  "performance": 0.3195794642452149,
  "time_taken": 10.469131360461132,
  "actor_loss": 0.0021425077614465843,
  "value_loss": 22.526085763608837,
  "entropy_loss": -0.003166077966749628,
  "topic_means": {
    "ds": 0.0,
    "algo": 0.0,
    "oops": 0.0,
    "dbms": 0.0,
    "os": 0.0,
    "cn": 0.0,
    "system_design": 0.0
  },
  "consecutive_low_scores": 0,
  "safety_constraints_applied": false
}