{
  "total_episodes": 567,
  "epoch": 2,
  "epoch_episode": 67,
  "question_number": 4,
  "topic": "ds",
  "subtopic": "Linked Lists",
  "difficulty": 1.98,
  "performance": 0.1973899474139974,
  "time_taken": 12.385238317592417,
  "actor_loss": 0.001906093028191943,
  "value_loss": 30.514240980182052,
  "entropy_loss": -0.002206025739634988,
  "topic_means": {
    "ds": 0.0,
    "algo": 0.0,
    "oops": 0.0,
    "dbms": 0.0,
    "os": 0.0,
    "cn": 0.0,
    "system_design": 0.0
  },
  "consecutive_low_scores": 0,
  "safety_constraints_applied": false
}