{
  "total_episodes": 141,
  "epoch": 1,
  "epoch_episode": 141,
  "question_number": 8,
  "topic": "ds",
  "subtopic": "Trees",
  "difficulty": 1.98,
  "performance": 0.06158975442441125,
  "time_taken": 13.47801805974622,
  "actor_loss": -0.0011645026766347664,
  "value_loss": 27.43573009903405,
  "entropy_loss": -0.009435395600676095,
  "topic_means": {
    "ds": 0.0,
    "algo": 0.0,
    "oops": 0.0,
    "dbms": 0.0,
    "os": 0.0,
    "cn": 0.0,
    "system_design": 0.0
  },
  "consecutive_low_scores": 0,
  "safety_constraints_applied": false
}