{
  "total_episodes": 269,
  "epoch": 1,
  "epoch_episode": 269,
  "question_number": 8,
  "topic": "oops",
  "subtopic": "Inheritance",
  "difficulty": 4.436551982453735,
  "performance": 0.37170767063318216,
  "time_taken": 12.262306093635932,
  "actor_loss": 0.0018104212617745398,
  "value_loss": 23.13653818013775,
  "entropy_loss": -0.006158069084167605,
  "topic_means": {
    "ds": 0.0,
    "algo": 0.0,
    "oops": 0.0,
    "dbms": 0.0,
    "os": 0.0,
    "cn": 0.0,
    "system_design": 0.0
  },
  "consecutive_low_scores": 0,
  "safety_constraints_applied": false
}