{
  "total_episodes": 576,
  "epoch": 2,
  "epoch_episode": 76,
  "question_number": 10,
  "topic": "oops",
  "subtopic": "Polymorphism",
  "difficulty": 1.98,
  "performance": 0.10072911333932165,
  "time_taken": 16.27108568623162,
  "actor_loss": 0.004016417317899432,
  "value_loss": 21.37581398099485,
  "entropy_loss": -0.0021411196497096783,
  "topic_means": {
    "ds": 0.0,
    "algo": 0.0,
    "oops": 0.0,
    "dbms": 0.0,
    "os": 0.0,
    "cn": 0.0,
    "system_design": 0.0
  },
  "consecutive_low_scores": 0,
  "safety_constraints_applied": false
}