{
  "total_episodes": 266,
  "epoch": 1,
  "epoch_episode": 266,
  "question_number": 6,
  "topic": "ds",
  "subtopic": "Graphs",
  "difficulty": 4.299681196381398,
  "performance": 0.18097254243275668,
  "time_taken": 16.257664129039995,
  "actor_loss": -0.0007135977849362346,
  "value_loss": 27.72553817823586,
  "entropy_loss": -0.006357110489564779,
  "topic_means": {
    "ds": 0.0,
    "algo": 0.0,
    "oops": 0.0,
    "dbms": 0.0,
    "os": 0.0,
    "cn": 0.0,
    "system_design": 0.0
  },
  "consecutive_low_scores": 0,
  "safety_constraints_applied": false
}