{
  "total_episodes": 925,
  "epoch": 2,
  "epoch_episode": 425,
  "question_number": 8,
  "topic": "oops",
  "subtopic": "Design Patterns",
  "difficulty": 2.64,
  "performance": 0.056995628243214025,
  "time_taken": 13.671190806641263,
  "actor_loss": 0.00014692080742762377,
  "value_loss": 27.160512815502017,
  "entropy_loss": -0.0004495770629127125,
  "topic_means": {
    "ds": 0.0,
    "algo": 0.0,
    "oops": 0.0,
    "dbms": 0.0,
    "os": 0.0,
    "cn": 0.0,
    "system_design": 0.0
  },
  "consecutive_low_scores": 0,
  "safety_constraints_applied": false
}