{
  "total_episodes": 964,
  "epoch": 2,
  "epoch_episode": 464,
  "question_number": 2,
  "topic": "oops",
  "subtopic": "Classes",
  "difficulty": 4.106052643116115,
  "performance": 0.2450365128547157,
  "time_taken": 15.8569743751838,
  "actor_loss": -0.0008181936153918552,
  "value_loss": 27.774378984971,
  "entropy_loss": -9.185703577033763e-05,
  "topic_means": {
    "ds": 0.0,
    "algo": 0.0,
    "oops": 0.0,
    "dbms": 0.0,
    "os": 0.0,
    "cn": 0.0,
    "system_design": 0.0
  },
  "consecutive_low_scores": 0,
  "safety_constraints_applied": false
}