{
  "total_episodes": 362,
  "epoch": 1,
  "epoch_episode": 362,
  "question_number": 6,
  "topic": "algo",
  "subtopic": "Greedy",
  "difficulty": 4.5,
  "performance": 0.08867927993009579,
  "time_taken": 12.819469128416003,
  "actor_loss": -0.0004592614158934376,
  "value_loss": 19.324069979412204,
  "entropy_loss": -0.004053584558637265,
  "topic_means": {
    "ds": 0.0,
    "algo": 0.0,
    "oops": 0.0,
    "dbms": 0.0,
    "os": 0.0,
    "cn": 0.0,
    "system_design": 0.0
  },
  "consecutive_low_scores": 0,
  "safety_constraints_applied": true
}