{
  "total_episodes": 653,
  "epoch": 2,
  "epoch_episode": 153,
  "question_number": 8,
  "topic": "ds",
  "subtopic": "Arrays",
  "difficulty": 1.98,
  "performance": 0.35544123356762447,
  "time_taken": 9.760346536685786,
  "actor_loss": -0.0007300242416487586,
  "value_loss": 25.85481462114702,
  "entropy_loss": -0.0016455161739852599,
  "topic_means": {
    "ds": 0.0,
    "algo": 0.0,
    "oops": 0.0,
    "dbms": 0.0,
    "os": 0.0,
    "cn": 0.0,
    "system_design": 0.0
  },
  "consecutive_low_scores": 0,
  "safety_constraints_applied": false
}