{
  "total_episodes": 586,
  "epoch": 2,
  "epoch_episode": 86,
  "question_number": 6,
  "topic": "algo",
  "subtopic": "Sorting",
  "difficulty": 5.475395168966211,
  "performance": 0.21742292735247626,
  "time_taken": 8.699617937337607,
  "actor_loss": -0.00017836920394631654,
  "value_loss": 24.582585101827036,
  "entropy_loss": -0.002125230104616959,
  "topic_means": {
    "ds": 0.0,
    "algo": 0.0,
    "oops": 0.0,
    "dbms": 0.0,
    "os": 0.0,
    "cn": 0.0,
    "system_design": 0.0
  },
  "consecutive_low_scores": 0,
  "safety_constraints_applied": false
}