{
  "total_episodes": 762,
  "epoch": 2,
  "epoch_episode": 262,
  "question_number": 6,
  "topic": "oops",
  "subtopic": "Classes",
  "difficulty": 4.11376642938705,
  "performance": 0.11156727656383482,
  "time_taken": 13.378791766205904,
  "actor_loss": 0.00020856254539147122,
  "value_loss": 20.691258839071015,
  "entropy_loss": -0.0009456098444162205,
  "topic_means": {
    "ds": 0.0,
    "algo": 0.0,
    "oops": 0.0,
    "dbms": 0.0,
    "os": 0.0,
    "cn": 0.0,
    "system_design": 0.0
  },
  "consecutive_low_scores": 0,
  "safety_constraints_applied": false
}