{
  "total_episodes": 144,
  "epoch": 1,
  "epoch_episode": 144,
  "question_number": 10,
  "topic": "ds",
  "subtopic": "Linked Lists",
  "difficulty": 1.98,
  "performance": 0.1064184584755839,
  "time_taken": 12.61091821961289,
  "actor_loss": 0.0009363843921681568,
  "value_loss": 32.49652486047508,
  "entropy_loss": -0.009264972116978031,
  "topic_means": {
    "ds": 0.0,
    "algo": 0.0,
    "oops": 0.0,
    "dbms": 0.0,
    "os": 0.0,
    "cn": 0.0,
    "system_design": 0.0
  },
  "consecutive_low_scores": 0,
  "safety_constraints_applied": false
}