{
  "total_episodes": 1360,
  "epoch": 3,
  "epoch_episode": 360,
  "question_number": 10,
  "topic": "ds",
  "subtopic": "Arrays",
  "difficulty": 1.98,
  "performance": 0.20640447680734125,
  "time_taken": 12.483289168076434,
  "actor_loss": 0.0024922470066512546,
  "value_loss": 24.60724157526666,
  "entropy_loss": -0.0007918841915176228,
  "topic_means": {
    "ds": 0.0,
    "algo": 0.0,
    "oops": 0.0,
    "dbms": 0.0,
    "os": 0.0,
    "cn": 0.0,
    "system_design": 0.0
  },
  "consecutive_low_scores": 0,
  "safety_constraints_applied": false
}