{
  "total_episodes": 615,
  "epoch": 2,
  "epoch_episode": 115,
  "question_number": 4,
  "topic": "oops",
  "subtopic": "Design Patterns",
  "difficulty": 2.64,
  "performance": 0.1317873994770719,
  "time_taken": 15.235907090679044,
  "actor_loss": 0.00012266801102173673,
  "value_loss": 25.284532294192445,
  "entropy_loss": -0.0019725497749150524,
  "topic_means": {
    "ds": 0.0,
    "algo": 0.0,
    "oops": 0.0,
    "dbms": 0.0,
    "os": 0.0,
    "cn": 0.0,
    "system_design": 0.0
  },
  "consecutive_low_scores": 0,
  "safety_constraints_applied": false
}