{
  "total_episodes": 1287,
  "epoch": 3,
  "epoch_episode": 287,
  "question_number": 4,
  "topic": "ds",
  "subtopic": "Arrays",
  "difficulty": 1.98,
  "performance": 0.11734169376211742,
  "time_taken": 11.339740935439801,
  "actor_loss": -0.0025864173076630987,
  "value_loss": 23.5867940861775,
  "entropy_loss": -0.00022961511362467623,
  "topic_means": {
    "ds": 0.0,
    "algo": 0.0,
    "oops": 0.0,
    "dbms": 0.0,
    "os": 0.0,
    "cn": 0.0,
    "system_design": 0.0
  },
  "consecutive_low_scores": 0,
  "safety_constraints_applied": false
}