{
  "total_episodes": 743,
  "epoch": 2,
  "epoch_episode": 243,
  "question_number": 4,
  "topic": "oops",
  "subtopic": "Inheritance",
  "difficulty": 4.081502032316305,
  "performance": 0.3609198719998451,
  "time_taken": 13.703188069086055,
  "actor_loss": 0.0006250008899578614,
  "value_loss": 28.900019947819636,
  "entropy_loss": -0.0012308821204107764,
  "topic_means": {
    "ds": 0.0,
    "algo": 0.0,
    "oops": 0.0,
    "dbms": 0.0,
    "os": 0.0,
    "cn": 0.0,
    "system_design": 0.0
  },
  "consecutive_low_scores": 0,
  "safety_constraints_applied": false
}