{
  "total_episodes": 1101,
  "epoch": 3,
  "epoch_episode": 101,
  "question_number": 8,
  "topic": "ds",
  "subtopic": "Heaps",
  "difficulty": 1.98,
  "performance": 0.09166605716566585,
  "time_taken": 7.338493788171493,
  "actor_loss": 0.0008585110151436804,
  "value_loss": 22.109191048932807,
  "entropy_loss": -0.00024585985017767947,
  "topic_means": {
    "ds": 0.0,
    "algo": 0.0,
    "oops": 0.0,
    "dbms": 0.0,
    "os": 0.0,
    "cn": 0.0,
    "system_design": 0.0
  },
  "consecutive_low_scores": 0,
  "safety_constraints_applied": false
}