{
  "total_episodes": 1383,
  "epoch": 3,
  "epoch_episode": 383,
  "question_number": 4,
  "topic": "ds",
  "subtopic": "Heaps",
  "difficulty": 4.141791858197286,
  "performance": 0.3985914258328542,
  "time_taken": 11.343185775640599,
  "actor_loss": -0.0026471571481680913,
  "value_loss": 24.22660103482706,
  "entropy_loss": -0.0013940917826554113,
  "topic_means": {
    "ds": 0.0,
    "algo": 0.0,
    "oops": 0.0,
    "dbms": 0.0,
    "os": 0.0,
    "cn": 0.0,
    "system_design": 0.0
  },
  "consecutive_low_scores": 0,
  "safety_constraints_applied": false
}