{
  "total_episodes": 663,
  "epoch": 2,
  "epoch_episode": 163,
  "question_number": 4,
  "topic": "algo",
  "subtopic": "Greedy",
  "difficulty": 2.64,
  "performance": 0.23674706224088526,
  "time_taken": 14.032728473708431,
  "actor_loss": -0.004480645523282147,
  "value_loss": 27.76125225388747,
  "entropy_loss": -0.0014596771559787663,
  "topic_means": {
    "ds": 0.0,
    "algo": 0.0,
    "oops": 0.0,
    "dbms": 0.0,
    "os": 0.0,
    "cn": 0.0,
    "system_design": 0.0
  },
  "consecutive_low_scores": 0,
  "safety_constraints_applied": false
}