{
  "total_episodes": 420,
  "epoch": 1,
  "epoch_episode": 420,
  "question_number": 2,
  "topic": "ds",
  "subtopic": "Heaps",
  "difficulty": 3.777362452500533,
  "performance": 0.2077018361986393,
  "time_taken": 10.592419543276149,
  "actor_loss": 0.00012262721832553158,
  "value_loss": 25.85696600046785,
  "entropy_loss": -0.003262581629912968,
  "topic_means": {
    "ds": 0.0,
    "algo": 0.0,
    "oops": 0.0,
    "dbms": 0.0,
    "os": 0.0,
    "cn": 0.0,
    "system_design": 0.0
  },
  "consecutive_low_scores": 0,
  "safety_constraints_applied": false
}