{
  "total_episodes": 992,
  "epoch": 2,
  "epoch_episode": 492,
  "question_number": 10,
  "topic": "algo",
  "subtopic": "Searching",
  "difficulty": 1.98,
  "performance": 0.24595088738141985,
  "time_taken": 8.693922762917696,
  "actor_loss": -0.0012783311367306157,
  "value_loss": 21.306676353308948,
  "entropy_loss": 8.280392681101652e-05,
  "topic_means": {
    "ds": 0.0,
    "algo": 0.0,
    "oops": 0.0,
    "dbms": 0.0,
    "os": 0.0,
    "cn": 0.0,
    "system_design": 0.0
  },
  "consecutive_low_scores": 0,
  "safety_constraints_applied": false
}