{
  "total_episodes": 52,
  "epoch": 1,
  "epoch_episode": 52,
  "question_number": 2,
  "topic": "algo",
  "subtopic": "Dynamic Programming",
  "difficulty": 4.8692300719369666,
  "performance": 0.2763577830585649,
  "time_taken": 12.871956805876941,
  "actor_loss": 0.00039872440939262704,
  "value_loss": 25.86630722844209,
  "entropy_loss": -0.011636275329896527,
  "topic_means": {
    "ds": 0.0,
    "algo": 0.0,
    "oops": 0.0,
    "dbms": 0.0,
    "os": 0.0,
    "cn": 0.0,
    "system_design": 0.0
  },
  "consecutive_low_scores": 0,
  "safety_constraints_applied": false
}