{
  "total_episodes": 880,
  "epoch": 2,
  "epoch_episode": 380,
  "question_number": 10,
  "topic": "algo",
  "subtopic": "Greedy",
  "difficulty": 2.64,
  "performance": 0.09774607444330159,
  "time_taken": 14.858213661605223,
  "actor_loss": -0.0027595802225782165,
  "value_loss": 25.865894443109617,
  "entropy_loss": -0.0009070853556520707,
  "topic_means": {
    "ds": 0.0,
    "algo": 0.0,
    "oops": 0.0,
    "dbms": 0.0,
    "os": 0.0,
    "cn": 0.0,
    "system_design": 0.0
  },
  "consecutive_low_scores": 0,
  "safety_constraints_applied": false
}