{
  "total_episodes": 778,
  "epoch": 2,
  "epoch_episode": 278,
  "question_number": 6,
  "topic": "oops",
  "subtopic": "Polymorphism",
  "difficulty": 4.323840596468084,
  "performance": 0.3794464018257927,
  "time_taken": 7.237949739266672,
  "actor_loss": -5.3671286375681776e-05,
  "value_loss": 20.65794021875705,
  "entropy_loss": -0.0011853317163600483,
  "topic_means": {
    "ds": 0.0,
    "algo": 0.0,
    "oops": 0.0,
    "dbms": 0.0,
    "os": 0.0,
    "cn": 0.0,
    "system_design": 0.0
  },
  "consecutive_low_scores": 0,
  "safety_constraints_applied": false
}