{
  "total_episodes": 426,
  "epoch": 1,
  "epoch_episode": 426,
  "question_number": 6,
  "topic": "ds",
  "subtopic": "Trees",
  "difficulty": 1.98,
  "performance": 0.49932693535372374,
  "time_taken": 11.17393253600685,
  "actor_loss": 0.00012237964892753347,
  "value_loss": 23.44643004009651,
  "entropy_loss": -0.0032089033738510984,
  "topic_means": {
    "ds": 0.0,
    "algo": 0.0,
    "oops": 0.0,
    "dbms": 0.0,
    "os": 0.0,
    "cn": 0.0,
    "system_design": 0.0
  },
  "consecutive_low_scores": 0,
  "safety_constraints_applied": false
}