{
  "total_episodes": 1482,
  "epoch": 3,
  "epoch_episode": 482,
  "question_number": 6,
  "topic": "algo",
  "subtopic": "Dynamic Programming",
  "difficulty": 1.98,
  "performance": 0.14929532858884031,
  "time_taken": 13.194202357538877,
  "actor_loss": 0.0014376384866380022,
  "value_loss": 27.563526657811718,
  "entropy_loss": -0.0008506605910786399,
  "topic_means": {
    "ds": 0.0,
    "algo": 0.0,
    "oops": 0.0,
    "dbms": 0.0,
    "os": 0.0,
    "cn": 0.0,
    "system_design": 0.0
  },
  "consecutive_low_scores": 0,
  "safety_constraints_applied": false
}