{
  "total_episodes": 176,
  "epoch": 1,
  "epoch_episode": 176,
  "question_number": 10,
  "topic": "ds",
  "subtopic": "Heaps",
  "difficulty": 5.342458744475346,
  "performance": 0.17366247989933845,
  "time_taken": 10.845465241724689,
  "actor_loss": 0.0031028498463162232,
  "value_loss": 22.593364527831945,
  "entropy_loss": -0.008655975263506803,
  "topic_means": {
    "ds": 0.0,
    "algo": 0.0,
    "oops": 0.0,
    "dbms": 0.0,
    "os": 0.0,
    "cn": 0.0,
    "system_design": 0.0
  },
  "consecutive_low_scores": 0,
  "safety_constraints_applied": false
}