{
  "total_episodes": 1328,
  "epoch": 3,
  "epoch_episode": 328,
  "question_number": 10,
  "topic": "algo",
  "subtopic": "Greedy",
  "difficulty": 5.151158877299788,
  "performance": 0.40034293606929616,
  "time_taken": 9.747235875329885,
  "actor_loss": -8.742866269191956e-05,
  "value_loss": 21.978410016311877,
  "entropy_loss": -0.0007460371203621379,
  "topic_means": {
    "ds": 0.0,
    "algo": 0.0,
    "oops": 0.0,
    "dbms": 0.0,
    "os": 0.0,
    "cn": 0.0,
    "system_design": 0.0
  },
  "consecutive_low_scores": 0,
  "safety_constraints_applied": false
}