{
  "total_episodes": 288,
  "epoch": 1,
  "epoch_episode": 288,
  "question_number": 10,
  "topic": "ds",
  "subtopic": "Linked Lists",
  "difficulty": 2.64,
  "performance": 0.099778958881502,
  "time_taken": 14.985710975550854,
  "actor_loss": 0.0025815519630241193,
  "value_loss": 24.54048953488091,
  "entropy_loss": -0.005639231763721541,
  "topic_means": {
    "ds": 0.0,
    "algo": 0.0,
    "oops": 0.0,
    "dbms": 0.0,
    "os": 0.0,
    "cn": 0.0,
    "system_design": 0.0
  },
  "consecutive_low_scores": 0,
  "safety_constraints_applied": false
}