{
  "total_episodes": 224,
  "epoch": 1,
  "epoch_episode": 224,
  "question_number": 10,
  "topic": "algo",
  "subtopic": "Greedy",
  "difficulty": 4.1847050266443935,
  "performance": 0.15742587903228744,
  "time_taken": 12.191150511812413,
  "actor_loss": -0.003500758871395335,
  "value_loss": 26.89901246203174,
  "entropy_loss": -0.0074591151712071644,
  "topic_means": {
    "ds": 0.0,
    "algo": 0.0,
    "oops": 0.0,
    "dbms": 0.0,
    "os": 0.0,
    "cn": 0.0,
    "system_design": 0.0
  },
  "consecutive_low_scores": 0,
  "safety_constraints_applied": false
}