{
  "total_episodes": 1338,
  "epoch": 3,
  "epoch_episode": 338,
  "question_number": 6,
  "topic": "oops",
  "subtopic": "Polymorphism",
  "difficulty": 1.98,
  "performance": 0.23217934710875265,
  "time_taken": 14.196390757137554,
  "actor_loss": 5.767360731727955e-05,
  "value_loss": 25.048286931831193,
  "entropy_loss": -0.0010459104781777937,
  "topic_means": {
    "ds": 0.0,
    "algo": 0.0,
    "oops": 0.0,
    "dbms": 0.0,
    "os": 0.0,
    "cn": 0.0,
    "system_design": 0.0
  },
  "consecutive_low_scores": 0,
  "safety_constraints_applied": false
}