{
  "total_episodes": 1479,
  "epoch": 3,
  "epoch_episode": 479,
  "question_number": 4,
  "topic": "ds",
  "subtopic": "Linked Lists",
  "difficulty": 5.09725580923925,
  "performance": 0.10590447422931577,
  "time_taken": 16.274122149945153,
  "actor_loss": -0.0009284522016816107,
  "value_loss": 34.61387106894978,
  "entropy_loss": -0.0009352849166923145,
  "topic_means": {
    "ds": 0.0,
    "algo": 0.0,
    "oops": 0.0,
    "dbms": 0.0,
    "os": 0.0,
    "cn": 0.0,
    "system_design": 0.0
  },
  "consecutive_low_scores": 0,
  "safety_constraints_applied": false
}