{
  "total_episodes": 1472,
  "epoch": 3,
  "epoch_episode": 472,
  "question_number": 10,
  "topic": "oops",
  "subtopic": "Polymorphism",
  "difficulty": 1.98,
  "performance": 0.10334747166647107,
  "time_taken": 13.112988930347544,
  "actor_loss": 0.0027610863663729652,
  "value_loss": 22.209941637390358,
  "entropy_loss": -0.0004627828362627078,
  "topic_means": {
    "ds": 0.0,
    "algo": 0.0,
    "oops": 0.0,
    "dbms": 0.0,
    "os": 0.0,
    "cn": 0.0,
    "system_design": 0.0
  },
  "consecutive_low_scores": 0,
  "safety_constraints_applied": false
}