{
  "total_episodes": 711,
  "epoch": 2,
  "epoch_episode": 211,
  "question_number": 4,
  "topic": "algo",
  "subtopic": "Searching",
  "difficulty": 1.98,
  "performance": 0.11187919445895766,
  "time_taken": 17.485474996481944,
  "actor_loss": -4.1215655344996326e-05,
  "value_loss": 21.02605817950468,
  "entropy_loss": -0.0012713645361880459,
  "topic_means": {
    "ds": 0.0,
    "algo": 0.0,
    "oops": 0.0,
    "dbms": 0.0,
    "os": 0.0,
    "cn": 0.0,
    "system_design": 0.0
  },
  "consecutive_low_scores": 0,
  "safety_constraints_applied": false
}