{
  "total_episodes": 788,
  "epoch": 2,
  "epoch_episode": 288,
  "question_number": 2,
  "topic": "oops",
  "subtopic": "Polymorphism",
  "difficulty": 4.347733845600538,
  "performance": 0.15342455945128472,
  "time_taken": 16.839108773559772,
  "actor_loss": -0.0012573715190251505,
  "value_loss": 30.141933854998165,
  "entropy_loss": -0.0010633921118547766,
  "topic_means": {
    "ds": 0.0,
    "algo": 0.0,
    "oops": 0.0,
    "dbms": 0.0,
    "os": 0.0,
    "cn": 0.0,
    "system_design": 0.0
  },
  "consecutive_low_scores": 0,
  "safety_constraints_applied": false
}