{
  "total_episodes": 1306,
  "epoch": 3,
  "epoch_episode": 306,
  "question_number": 6,
  "topic": "oops",
  "subtopic": "Polymorphism",
  "difficulty": 5.412279267264268,
  "performance": 0.144909288112342,
  "time_taken": 16.557875227169035,
  "actor_loss": 8.946288423098206e-05,
  "value_loss": 25.508366890575594,
  "entropy_loss": -0.000715942292217897,
  "topic_means": {
    "ds": 0.0,
    "algo": 0.0,
    "oops": 0.0,
    "dbms": 0.0,
    "os": 0.0,
    "cn": 0.0,
    "system_design": 0.0
  },
  "consecutive_low_scores": 0,
  "safety_constraints_applied": false
}