{
  "total_episodes": 1005,
  "epoch": 3,
  "epoch_episode": 5,
  "question_number": 8,
  "topic": "algo",
  "subtopic": "Dynamic Programming",
  "difficulty": 2.64,
  "performance": 0.09433698381244554,
  "time_taken": 18.654066866700724,
  "actor_loss": 0.0011346528692258643,
  "value_loss": 28.330511368366974,
  "entropy_loss": -0.00013467720484239835,
  "topic_means": {
    "ds": 0.0,
    "algo": 0.0,
    "oops": 0.0,
    "dbms": 0.0,
    "os": 0.0,
    "cn": 0.0,
    "system_design": 0.0
  },
  "consecutive_low_scores": 0,
  "safety_constraints_applied": false
}