{
  "total_episodes": 263,
  "epoch": 1,
  "epoch_episode": 263,
  "question_number": 4,
  "topic": "oops",
  "subtopic": "Design Patterns",
  "difficulty": 2.64,
  "performance": 0.2837330350855894,
  "time_taken": 8.440164294347747,
  "actor_loss": 0.00035121511803477606,
  "value_loss": 26.659932115282782,
  "entropy_loss": -0.006306880496861481,
  "topic_means": {
    "ds": 0.0,
    "algo": 0.0,
    "oops": 0.0,
    "dbms": 0.0,
    "os": 0.0,
    "cn": 0.0,
    "system_design": 0.0
  },
  "consecutive_low_scores": 0,
  "safety_constraints_applied": false
}