{
  "total_episodes": 26,
  "epoch": 1,
  "epoch_episode": 26,
  "question_number": 6,
  "topic": "ds",
  "subtopic": "Graphs",
  "difficulty": 2.64,
  "performance": 0.10445042549510873,
  "time_taken": 13.069709330797524,
  "actor_loss": 0.0003917079226560049,
  "value_loss": 22.313420676797268,
  "entropy_loss": -0.012467025988873651,
  "topic_means": {
    "ds": 0.0,
    "algo": 0.0,
    "oops": 0.0,
    "dbms": 0.0,
    "os": 0.0,
    "cn": 0.0,
    "system_design": 0.0
  },
  "consecutive_low_scores": 0,
  "safety_constraints_applied": false
}