{
  "total_episodes": 727,
  "epoch": 2,
  "epoch_episode": 227,
  "question_number": 4,
  "topic": "algo",
  "subtopic": "Dynamic Programming",
  "difficulty": 5.2632939137957235,
  "performance": 0.16166618786158637,
  "time_taken": 18.12099484048728,
  "actor_loss": 0.0004952953380708038,
  "value_loss": 24.574369027565,
  "entropy_loss": -0.0012625783273368693,
  "topic_means": {
    "ds": 0.0,
    "algo": 0.0,
    "oops": 0.0,
    "dbms": 0.0,
    "os": 0.0,
    "cn": 0.0,
    "system_design": 0.0
  },
  "consecutive_low_scores": 0,
  "safety_constraints_applied": false
}