{
  "total_episodes": 228,
  "epoch": 1,
  "epoch_episode": 228,
  "question_number": 2,
  "topic": "algo",
  "subtopic": "Greedy",
  "difficulty": 4.891189004175217,
  "performance": 0.15366587886119212,
  "time_taken": 13.66246313431941,
  "actor_loss": 1.921004913698482e-05,
  "value_loss": 22.831804238074884,
  "entropy_loss": -0.007343694430102574,
  "topic_means": {
    "ds": 0.0,
    "algo": 0.0,
    "oops": 0.0,
    "dbms": 0.0,
    "os": 0.0,
    "cn": 0.0,
    "system_design": 0.0
  },
  "consecutive_low_scores": 0,
  "safety_constraints_applied": false
}