{
  "total_episodes": 656,
  "epoch": 2,
  "epoch_episode": 156,
  "question_number": 10,
  "topic": "algo",
  "subtopic": "Dynamic Programming",
  "difficulty": 1.98,
  "performance": 0.36158977289333527,
  "time_taken": 9.521393510414136,
  "actor_loss": 0.004227985101995282,
  "value_loss": 34.67451350492759,
  "entropy_loss": -0.0014677743452977212,
  "topic_means": {
    "ds": 0.0,
    "algo": 0.0,
    "oops": 0.0,
    "dbms": 0.0,
    "os": 0.0,
    "cn": 0.0,
    "system_design": 0.0
  },
  "consecutive_low_scores": 0,
  "safety_constraints_applied": false
}