{
  "total_episodes": 564,
  "epoch": 2,
  "epoch_episode": 64,
  "question_number": 2,
  "topic": "ds",
  "subtopic": "Graphs",
  "difficulty": 3.847046648705801,
  "performance": 0.13829651145066416,
  "time_taken": 13.979730902107981,
  "actor_loss": -0.0006576371101211558,
  "value_loss": 28.335945278672153,
  "entropy_loss": -0.0022512174657038477,
  "topic_means": {
    "ds": 0.0,
    "algo": 0.0,
    "oops": 0.0,
    "dbms": 0.0,
    "os": 0.0,
    "cn": 0.0,
    "system_design": 0.0
  },
  "consecutive_low_scores": 0,
  "safety_constraints_applied": false
}