{
  "total_episodes": 1460,
  "epoch": 3,
  "epoch_episode": 460,
  "question_number": 2,
  "topic": "ds",
  "subtopic": "Graphs",
  "difficulty": 3.830961333547655,
  "performance": 0.5228564099151196,
  "time_taken": 7.274185644194015,
  "actor_loss": 0.0005801979466760175,
  "value_loss": 20.967375145486326,
  "entropy_loss": -0.0010108879875703571,
  "topic_means": {
    "ds": 0.0,
    "algo": 0.0,
    "oops": 0.0,
    "dbms": 0.0,
    "os": 0.0,
    "cn": 0.0,
    "system_design": 0.0
  },
  "consecutive_low_scores": 0,
  "safety_constraints_applied": false
}