{
  "total_episodes": 1386,
  "epoch": 3,
  "epoch_episode": 386,
  "question_number": 6,
  "topic": "oops",
  "subtopic": "Inheritance",
  "difficulty": 5.11108686095079,
  "performance": 0.1632032849739399,
  "time_taken": 9.03948437997746,
  "actor_loss": 0.00021808401393394531,
  "value_loss": 29.66409667031627,
  "entropy_loss": -0.001714771825878599,
  "topic_means": {
    "ds": 0.0,
    "algo": 0.0,
    "oops": 0.0,
    "dbms": 0.0,
    "os": 0.0,
    "cn": 0.0,
    "system_design": 0.0
  },
  "consecutive_low_scores": 0,
  "safety_constraints_applied": false
}