{
  "total_episodes": 1354,
  "epoch": 3,
  "epoch_episode": 354,
  "question_number": 6,
  "topic": "oops",
  "subtopic": "Design Patterns",
  "difficulty": 3.9900887253227855,
  "performance": 0.08801644101751938,
  "time_taken": 13.02136290092914,
  "actor_loss": -0.00035328078555552577,
  "value_loss": 31.758458607493502,
  "entropy_loss": -0.0010737388793119775,
  "topic_means": {
    "ds": 0.0,
    "algo": 0.0,
    "oops": 0.0,
    "dbms": 0.0,
    "os": 0.0,
    "cn": 0.0,
    "system_design": 0.0
  },
  "consecutive_low_scores": 0,
  "safety_constraints_applied": false
}