{
  "total_episodes": 1370,
  "epoch": 3,
  "epoch_episode": 370,
  "question_number": 6,
  "topic": "algo",
  "subtopic": "Searching",
  "difficulty": 1.98,
  "performance": 0.12034719658752166,
  "time_taken": 14.58147355117499,
  "actor_loss": -0.00046508583937321726,
  "value_loss": 22.72234131129984,
  "entropy_loss": -0.0010350510498653806,
  "topic_means": {
    "ds": 0.0,
    "algo": 0.0,
    "oops": 0.0,
    "dbms": 0.0,
    "os": 0.0,
    "cn": 0.0,
    "system_design": 0.0
  },
  "consecutive_low_scores": 0,
  "safety_constraints_applied": false
}