{
  "total_episodes": 1066,
  "epoch": 3,
  "epoch_episode": 66,
  "question_number": 6,
  "topic": "oops",
  "subtopic": "Inheritance",
  "difficulty": 4.4278510593905,
  "performance": 0.11585714994544252,
  "time_taken": 10.794499971198352,
  "actor_loss": 0.0011984797835933765,
  "value_loss": 23.13199339327881,
  "entropy_loss": -0.00018323170972742213,
  "topic_means": {
    "ds": 0.0,
    "algo": 0.0,
    "oops": 0.0,
    "dbms": 0.0,
    "os": 0.0,
    "cn": 0.0,
    "system_design": 0.0
  },
  "consecutive_low_scores": 0,
  "safety_constraints_applied": false
}