{
  "total_episodes": 644,
  "epoch": 2,
  "epoch_episode": 144,
  "question_number": 2,
  "topic": "oops",
  "subtopic": "Polymorphism",
  "difficulty": 4.09771796208468,
  "performance": 0.3714393404249133,
  "time_taken": 9.368679932386673,
  "actor_loss": 0.0015202358259656958,
  "value_loss": 32.99254683114718,
  "entropy_loss": -0.001774168991197015,
  "topic_means": {
    "ds": 0.0,
    "algo": 0.0,
    "oops": 0.0,
    "dbms": 0.0,
    "os": 0.0,
    "cn": 0.0,
    "system_design": 0.0
  },
  "consecutive_low_scores": 0,
  "safety_constraints_applied": false
}