{
  "total_episodes": 1264,
  "epoch": 3,
  "epoch_episode": 264,
  "question_number": 10,
  "topic": "algo",
  "subtopic": "Searching",
  "difficulty": 1.98,
  "performance": 0.11757116156112044,
  "time_taken": 14.743047350483115,
  "actor_loss": 0.0001334056619633886,
  "value_loss": 27.148543359783865,
  "entropy_loss": -0.00012780567875342644,
  "topic_means": {
    "ds": 0.0,
    "algo": 0.0,
    "oops": 0.0,
    "dbms": 0.0,
    "os": 0.0,
    "cn": 0.0,
    "system_design": 0.0
  },
  "consecutive_low_scores": 0,
  "safety_constraints_applied": false
}