{
  "total_episodes": 730,
  "epoch": 2,
  "epoch_episode": 230,
  "question_number": 6,
  "topic": "oops",
  "subtopic": "Inheritance",
  "difficulty": 1.98,
  "performance": 0.09038564331452253,
  "time_taken": 18.393278134416114,
  "actor_loss": 0.000389435029441397,
  "value_loss": 23.656397615456633,
  "entropy_loss": -0.0011976734699139873,
  "topic_means": {
    "ds": 0.0,
    "algo": 0.0,
    "oops": 0.0,
    "dbms": 0.0,
    "os": 0.0,
    "cn": 0.0,
    "system_design": 0.0
  },
  "consecutive_low_scores": 0,
  "safety_constraints_applied": false
}