{
  "total_episodes": 292,
  "epoch": 1,
  "epoch_episode": 292,
  "question_number": 2,
  "topic": "algo",
  "subtopic": "Dynamic Programming",
  "difficulty": 4.908193502615383,
  "performance": 0.13301691306620844,
  "time_taken": 10.230529516237617,
  "actor_loss": 0.0005211763790019395,
  "value_loss": 20.41660464237103,
  "entropy_loss": -0.0055782426840501964,
  "topic_means": {
    "ds": 0.0,
    "algo": 0.0,
    "oops": 0.0,
    "dbms": 0.0,
    "os": 0.0,
    "cn": 0.0,
    "system_design": 0.0
  },
  "consecutive_low_scores": 0,
  "safety_constraints_applied": false
}