{
  "total_episodes": 330,
  "epoch": 1,
  "epoch_episode": 330,
  "question_number": 6,
  "topic": "oops",
  "subtopic": "Inheritance",
  "difficulty": 2.64,
  "performance": 0.09768872840711347,
  "time_taken": 13.296256746174393,
  "actor_loss": 0.00023716218572612384,
  "value_loss": 19.39634423161079,
  "entropy_loss": -0.0050679357651458425,
  "topic_means": {
    "ds": 0.0,
    "algo": 0.0,
    "oops": 0.0,
    "dbms": 0.0,
    "os": 0.0,
    "cn": 0.0,
    "system_design": 0.0
  },
  "consecutive_low_scores": 0,
  "safety_constraints_applied": false
}