{
  "total_episodes": 871,
  "epoch": 2,
  "epoch_episode": 371,
  "question_number": 4,
  "topic": "oops",
  "subtopic": "Polymorphism",
  "difficulty": 4.318607954238456,
  "performance": 0.20907772509460332,
  "time_taken": 13.660159147543368,
  "actor_loss": -0.0007032595923456141,
  "value_loss": 25.910915941298605,
  "entropy_loss": -0.0009928487931620382,
  "topic_means": {
    "ds": 0.0,
    "algo": 0.0,
    "oops": 0.0,
    "dbms": 0.0,
    "os": 0.0,
    "cn": 0.0,
    "system_design": 0.0
  },
  "consecutive_low_scores": 0,
  "safety_constraints_applied": false
}