{
  "total_episodes": 429,
  "epoch": 1,
  "epoch_episode": 429,
  "question_number": 8,
  "topic": "ds",
  "subtopic": "Trees",
  "difficulty": 1.98,
  "performance": 0.06980032319314605,
  "time_taken": 12.514825936960271,
  "actor_loss": 0.00040904669108325837,
  "value_loss": 25.770514208747976,
  "entropy_loss": -0.0031255936483039542,
  "topic_means": {
    "ds": 0.0,
    "algo": 0.0,
    "oops": 0.0,
    "dbms": 0.0,
    "os": 0.0,
    "cn": 0.0,
    "system_design": 0.0
  },
  "consecutive_low_scores": 0,
  "safety_constraints_applied": false
}