{
  "total_episodes": 1088,
  "epoch": 3,
  "epoch_episode": 88,
  "question_number": 10,
  "topic": "algo",
  "subtopic": "Greedy",
  "difficulty": 1.98,
  "performance": 0.3242191433356999,
  "time_taken": 8.522712520683475,
  "actor_loss": 0.0001874446751751243,
  "value_loss": 25.22532646182002,
  "entropy_loss": 0.00012653593318762583,
  "topic_means": {
    "ds": 0.0,
    "algo": 0.0,
    "oops": 0.0,
    "dbms": 0.0,
    "os": 0.0,
    "cn": 0.0,
    "system_design": 0.0
  },
  "consecutive_low_scores": 0,
  "safety_constraints_applied": false
}