{
  "total_episodes": 634,
  "epoch": 2,
  "epoch_episode": 134,
  "question_number": 6,
  "topic": "ds",
  "subtopic": "Heaps",
  "difficulty": 1.98,
  "performance": 0.34585787534865114,
  "time_taken": 12.690497123657176,
  "actor_loss": -0.0002788962309826809,
  "value_loss": 22.732642759670217,
  "entropy_loss": -0.0018999552753791835,
  "topic_means": {
    "ds": 0.0,
    "algo": 0.0,
    "oops": 0.0,
    "dbms": 0.0,
    "os": 0.0,
    "cn": 0.0,
    "system_design": 0.0
  },
  "consecutive_low_scores": 0,
  "safety_constraints_applied": false
}