{
  "total_episodes": 1194,
  "epoch": 3,
  "epoch_episode": 194,
  "question_number": 6,
  "topic": "ds",
  "subtopic": "Trees",
  "difficulty": 4.5,
  "performance": 0.3586507419393602,
  "time_taken": 13.576471854480234,
  "actor_loss": 8.381900477369905e-05,
  "value_loss": 25.149138943713655,
  "entropy_loss": -0.0009553806476633569,
  "topic_means": {
    "ds": 0.0,
    "algo": 0.0,
    "oops": 0.0,
    "dbms": 0.0,
    "os": 0.0,
    "cn": 0.0,
    "system_design": 0.0
  },
  "consecutive_low_scores": 0,
  "safety_constraints_applied": true
}