{
  "total_episodes": 368,
  "epoch": 1,
  "epoch_episode": 368,
  "question_number": 10,
  "topic": "oops",
  "subtopic": "Inheritance",
  "difficulty": 1.98,
  "performance": 0.08008399862534905,
  "time_taken": 9.814809011968961,
  "actor_loss": -0.003007963347387132,
  "value_loss": 31.225399068550143,
  "entropy_loss": -0.0039408907022195514,
  "topic_means": {
    "ds": 0.0,
    "algo": 0.0,
    "oops": 0.0,
    "dbms": 0.0,
    "os": 0.0,
    "cn": 0.0,
    "system_design": 0.0
  },
  "consecutive_low_scores": 0,
  "safety_constraints_applied": false
}