{
  "total_episodes": 752,
  "epoch": 2,
  "epoch_episode": 252,
  "question_number": 10,
  "topic": "oops",
  "subtopic": "Classes",
  "difficulty": 5.5,
  "performance": 0.5056908213518871,
  "time_taken": 8.538469317495025,
  "actor_loss": 0.0005750662797151584,
  "value_loss": 25.664818012446908,
  "entropy_loss": -0.001036404830508022,
  "topic_means": {
    "ds": 0.0,
    "algo": 0.0,
    "oops": 0.0,
    "dbms": 0.0,
    "os": 0.0,
    "cn": 0.0,
    "system_design": 0.0
  },
  "consecutive_low_scores": 0,
  "safety_constraints_applied": true
}