{
  "total_episodes": 980,
  "epoch": 2,
  "epoch_episode": 480,
  "question_number": 2,
  "topic": "ds",
  "subtopic": "Trees",
  "difficulty": 4.107902746154082,
  "performance": 0.40117121443087417,
  "time_taken": 14.508271490905525,
  "actor_loss": -0.00030809387312559397,
  "value_loss": 25.873602083562883,
  "entropy_loss": -0.00018669115302804594,
  "topic_means": {
    "ds": 0.0,
    "algo": 0.0,
    "oops": 0.0,
    "dbms": 0.0,
    "os": 0.0,
    "cn": 0.0,
    "system_design": 0.0
  },
  "consecutive_low_scores": 0,
  "safety_constraints_applied": false
}