{
  "total_episodes": 877,
  "epoch": 2,
  "epoch_episode": 377,
  "question_number": 8,
  "topic": "ds",
  "subtopic": "Graphs",
  "difficulty": 1.98,
  "performance": 0.43985453602561597,
  "time_taken": 8.122941296559052,
  "actor_loss": -0.00017826528821197896,
  "value_loss": 24.22244028847326,
  "entropy_loss": -0.0011085308895047896,
  "topic_means": {
    "ds": 0.0,
    "algo": 0.0,
    "oops": 0.0,
    "dbms": 0.0,
    "os": 0.0,
    "cn": 0.0,
    "system_design": 0.0
  },
  "consecutive_low_scores": 0,
  "safety_constraints_applied": false
}