{
  "total_episodes": 1114,
  "epoch": 3,
  "epoch_episode": 114,
  "question_number": 6,
  "topic": "ds",
  "subtopic": "Heaps",
  "difficulty": 1.98,
  "performance": 0.11678121146848221,
  "time_taken": 14.269615154637346,
  "actor_loss": -0.0008196469976181539,
  "value_loss": 27.48086988552317,
  "entropy_loss": -0.00020271546359576948,
  "topic_means": {
    "ds": 0.0,
    "algo": 0.0,
    "oops": 0.0,
    "dbms": 0.0,
    "os": 0.0,
    "cn": 0.0,
    "system_design": 0.0
  },
  "consecutive_low_scores": 0,
  "safety_constraints_applied": false
}