{
  "total_episodes": 29,
  "epoch": 1,
  "epoch_episode": 29,
  "question_number": 8,
  "topic": "algo",
  "subtopic": "Backtracking",
  "difficulty": 2.64,
  "performance": 0.04768123205212679,
  "time_taken": 16.402995057366034,
  "actor_loss": 0.0009316054557428072,
  "value_loss": 28.422309418289615,
  "entropy_loss": -0.012310356455298885,
  "topic_means": {
    "ds": 0.0,
    "algo": 0.0,
    "oops": 0.0,
    "dbms": 0.0,
    "os": 0.0,
    "cn": 0.0,
    "system_design": 0.0
  },
  "consecutive_low_scores": 0,
  "safety_constraints_applied": false
}