{
  "total_episodes": 244,
  "epoch": 1,
  "epoch_episode": 244,
  "question_number": 2,
  "topic": "algo",
  "subtopic": "Sorting",
  "difficulty": 4.9575165505182195,
  "performance": 0.3484576857964878,
  "time_taken": 11.445155832909055,
  "actor_loss": 0.00020767395606966464,
  "value_loss": 20.604141143607702,
  "entropy_loss": -0.006862894093234505,
  "topic_means": {
    "ds": 0.0,
    "algo": 0.0,
    "oops": 0.0,
    "dbms": 0.0,
    "os": 0.0,
    "cn": 0.0,
    "system_design": 0.0
  },
  "consecutive_low_scores": 0,
  "safety_constraints_applied": false
}