{
  "total_episodes": 279,
  "epoch": 1,
  "epoch_episode": 279,
  "question_number": 4,
  "topic": "algo",
  "subtopic": "Greedy",
  "difficulty": 1.98,
  "performance": 0.1368591633648098,
  "time_taken": 16.500533304790206,
  "actor_loss": 0.0010819540210230021,
  "value_loss": 23.308738992437796,
  "entropy_loss": -0.005882653277752098,
  "topic_means": {
    "ds": 0.0,
    "algo": 0.0,
    "oops": 0.0,
    "dbms": 0.0,
    "os": 0.0,
    "cn": 0.0,
    "system_design": 0.0
  },
  "consecutive_low_scores": 0,
  "safety_constraints_applied": false
}