{
  "total_episodes": 132,
  "epoch": 1,
  "epoch_episode": 132,
  "question_number": 2,
  "topic": "oops",
  "subtopic": "Inheritance",
  "difficulty": 3.827784638855162,
  "performance": 0.44366143538079816,
  "time_taken": 11.993300490959347,
  "actor_loss": 7.307123926181754e-05,
  "value_loss": 19.566632059716945,
  "entropy_loss": -0.009507777411583766,
  "topic_means": {
    "ds": 0.0,
    "algo": 0.0,
    "oops": 0.0,
    "dbms": 0.0,
    "os": 0.0,
    "cn": 0.0,
    "system_design": 0.0
  },
  "consecutive_low_scores": 0,
  "safety_constraints_applied": false
}