{
  "total_episodes": 676,
  "epoch": 2,
  "epoch_episode": 176,
  "question_number": 2,
  "topic": "ds",
  "subtopic": "Trees",
  "difficulty": 3.8545112013906233,
  "performance": 0.14481094910977665,
  "time_taken": 11.560298818810962,
  "actor_loss": -0.0004221773906060766,
  "value_loss": 20.837028644172403,
  "entropy_loss": -0.0013192416000129203,
  "topic_means": {
    "ds": 0.0,
    "algo": 0.0,
    "oops": 0.0,
    "dbms": 0.0,
    "os": 0.0,
    "cn": 0.0,
    "system_design": 0.0
  },
  "consecutive_low_scores": 0,
  "safety_constraints_applied": false
}