{
  "total_episodes": 1335,
  "epoch": 3,
  "epoch_episode": 335,
  "question_number": 4,
  "topic": "algo",
  "subtopic": "Dynamic Programming",
  "difficulty": 2.64,
  "performance": 0.1372462267543948,
  "time_taken": 10.985933717296998,
  "actor_loss": 0.0006135674870687405,
  "value_loss": 32.62233755488803,
  "entropy_loss": -0.0009442502830152748,
  "topic_means": {
    "ds": 0.0,
    "algo": 0.0,
    "oops": 0.0,
    "dbms": 0.0,
    "os": 0.0,
    "cn": 0.0,
    "system_design": 0.0
  },
  "consecutive_low_scores": 0,
  "safety_constraints_applied": false
}