{
  "total_episodes": 1488,
  "epoch": 3,
  "epoch_episode": 488,
  "question_number": 10,
  "topic": "oops",
  "subtopic": "Classes",
  "difficulty": 3.8488121226989995,
  "performance": 0.07278893477460877,
  "time_taken": 16.243257260520256,
  "actor_loss": 0.0023715842985909215,
  "value_loss": 23.242283832666935,
  "entropy_loss": -0.0005588160359605848,
  "topic_means": {
    "ds": 0.0,
    "algo": 0.0,
    "oops": 0.0,
    "dbms": 0.0,
    "os": 0.0,
    "cn": 0.0,
    "system_design": 0.0
  },
  "consecutive_low_scores": 0,
  "safety_constraints_applied": false
}