{
  "total_episodes": 1108,
  "epoch": 3,
  "epoch_episode": 108,
  "question_number": 2,
  "topic": "oops",
  "subtopic": "Classes",
  "difficulty": 3.8840932980868748,
  "performance": 0.15924184092182914,
  "time_taken": 14.536184346337425,
  "actor_loss": 0.00032827045002846585,
  "value_loss": 22.02572409310251,
  "entropy_loss": -0.00018839371394799347,
  "topic_means": {
    "ds": 0.0,
    "algo": 0.0,
    "oops": 0.0,
    "dbms": 0.0,
    "os": 0.0,
    "cn": 0.0,
    "system_design": 0.0
  },
  "consecutive_low_scores": 0,
  "safety_constraints_applied": false
}