{
  "total_episodes": 340,
  "epoch": 1,
  "epoch_episode": 340,
  "question_number": 2,
  "topic": "ds",
  "subtopic": "Heaps",
  "difficulty": 3.814143216378432,
  "performance": 0.16037814062295033,
  "time_taken": 15.299332541655119,
  "actor_loss": -0.0002234192613623457,
  "value_loss": 22.192878264634437,
  "entropy_loss": -0.004617958038471688,
  "topic_means": {
    "ds": 0.0,
    "algo": 0.0,
    "oops": 0.0,
    "dbms": 0.0,
    "os": 0.0,
    "cn": 0.0,
    "system_design": 0.0
  },
  "consecutive_low_scores": 0,
  "safety_constraints_applied": false
}