{
  "total_episodes": 1274,
  "epoch": 3,
  "epoch_episode": 274,
  "question_number": 6,
  "topic": "algo",
  "subtopic": "Searching",
  "difficulty": 1.98,
  "performance": 0.30622990968496544,
  "time_taken": 10.497757753949038,
  "actor_loss": -0.00127313169327044,
  "value_loss": 22.98159335392251,
  "entropy_loss": -0.00037321048979727735,
  "topic_means": {
    "ds": 0.0,
    "algo": 0.0,
    "oops": 0.0,
    "dbms": 0.0,
    "os": 0.0,
    "cn": 0.0,
    "system_design": 0.0
  },
  "consecutive_low_scores": 0,
  "safety_constraints_applied": false
}