{
  "total_episodes": 791,
  "epoch": 2,
  "epoch_episode": 291,
  "question_number": 4,
  "topic": "ds",
  "subtopic": "Graphs",
  "difficulty": 1.98,
  "performance": 0.318124466442978,
  "time_taken": 9.74132334778063,
  "actor_loss": -0.00022719273392933539,
  "value_loss": 25.73599420784825,
  "entropy_loss": -0.0009313604134416904,
  "topic_means": {
    "ds": 0.0,
    "algo": 0.0,
    "oops": 0.0,
    "dbms": 0.0,
    "os": 0.0,
    "cn": 0.0,
    "system_design": 0.0
  },
  "consecutive_low_scores": 0,
  "safety_constraints_applied": false
}