{
  "total_episodes": 1444,
  "epoch": 3,
  "epoch_episode": 444,
  "question_number": 2,
  "topic": "ds",
  "subtopic": "Heaps",
  "difficulty": 3.777362452500533,
  "performance": 0.2077018361986393,
  "time_taken": 10.592419543276149,
  "actor_loss": -0.0009011345623642985,
  "value_loss": 24.53956005133281,
  "entropy_loss": -0.0010895493143622088,
  "topic_means": {
    "ds": 0.0,
    "algo": 0.0,
    "oops": 0.0,
    "dbms": 0.0,
    "os": 0.0,
    "cn": 0.0,
    "system_design": 0.0
  },
  "consecutive_low_scores": 0,
  "safety_constraints_applied": false
}