{
  "total_episodes": 1485,
  "epoch": 3,
  "epoch_episode": 485,
  "question_number": 8,
  "topic": "oops",
  "subtopic": "Design Patterns",
  "difficulty": 2.64,
  "performance": 0.09167305639145572,
  "time_taken": 15.33339474505022,
  "actor_loss": 0.0025857529274532836,
  "value_loss": 21.349573449791038,
  "entropy_loss": -0.0006633273711567757,
  "topic_means": {
    "ds": 0.0,
    "algo": 0.0,
    "oops": 0.0,
    "dbms": 0.0,
    "os": 0.0,
    "cn": 0.0,
    "system_design": 0.0
  },
  "consecutive_low_scores": 0,
  "safety_constraints_applied": false
}