{
  "total_episodes": 365,
  "epoch": 1,
  "epoch_episode": 365,
  "question_number": 8,
  "topic": "oops",
  "subtopic": "Design Patterns",
  "difficulty": 1.98,
  "performance": 0.2572694677706406,
  "time_taken": 13.145397769157412,
  "actor_loss": 0.0013445259658920136,
  "value_loss": 27.452039866624926,
  "entropy_loss": -0.00401511127371408,
  "topic_means": {
    "ds": 0.0,
    "algo": 0.0,
    "oops": 0.0,
    "dbms": 0.0,
    "os": 0.0,
    "cn": 0.0,
    "system_design": 0.0
  },
  "consecutive_low_scores": 0,
  "safety_constraints_applied": false
}