{
  "total_episodes": 903,
  "epoch": 2,
  "epoch_episode": 403,
  "question_number": 4,
  "topic": "algo",
  "subtopic": "Backtracking",
  "difficulty": 4.165400447219727,
  "performance": 0.34651060399864464,
  "time_taken": 10.573442201258786,
  "actor_loss": -0.0004048675545608095,
  "value_loss": 23.64362254836545,
  "entropy_loss": -0.000752676390735241,
  "topic_means": {
    "ds": 0.0,
    "algo": 0.0,
    "oops": 0.0,
    "dbms": 0.0,
    "os": 0.0,
    "cn": 0.0,
    "system_design": 0.0
  },
  "consecutive_low_scores": 0,
  "safety_constraints_applied": false
}