{
  "total_episodes": 1031,
  "epoch": 3,
  "epoch_episode": 31,
  "question_number": 4,
  "topic": "algo",
  "subtopic": "Greedy",
  "difficulty": 4.28038444476904,
  "performance": 0.13418300104252012,
  "time_taken": 9.552512984404224,
  "actor_loss": 0.0011449647167937852,
  "value_loss": 26.89955978750249,
  "entropy_loss": -7.987571722864327e-05,
  "topic_means": {
    "ds": 0.0,
    "algo": 0.0,
    "oops": 0.0,
    "dbms": 0.0,
    "os": 0.0,
    "cn": 0.0,
    "system_design": 0.0
  },
  "consecutive_low_scores": 0,
  "safety_constraints_applied": false
}