{
  "total_episodes": 128,
  "epoch": 1,
  "epoch_episode": 128,
  "question_number": 10,
  "topic": "oops",
  "subtopic": "Design Patterns",
  "difficulty": 1.98,
  "performance": 0.09527421881510896,
  "time_taken": 11.942154009250332,
  "actor_loss": 0.0008112526915123347,
  "value_loss": 27.932755141349162,
  "entropy_loss": -0.00961834787887211,
  "topic_means": {
    "ds": 0.0,
    "algo": 0.0,
    "oops": 0.0,
    "dbms": 0.0,
    "os": 0.0,
    "cn": 0.0,
    "system_design": 0.0
  },
  "consecutive_low_scores": 0,
  "safety_constraints_applied": false
}