{
  "total_episodes": 1095,
  "epoch": 3,
  "epoch_episode": 95,
  "question_number": 4,
  "topic": "ds",
  "subtopic": "Trees",
  "difficulty": 1.98,
  "performance": 0.13159922175124816,
  "time_taken": 22.035719991289326,
  "actor_loss": 0.0006829972207798131,
  "value_loss": 23.937602049552098,
  "entropy_loss": 4.67000226066401e-06,
  "topic_means": {
    "ds": 0.0,
    "algo": 0.0,
    "oops": 0.0,
    "dbms": 0.0,
    "os": 0.0,
    "cn": 0.0,
    "system_design": 0.0
  },
  "consecutive_low_scores": 0,
  "safety_constraints_applied": false
}