{
  "total_episodes": 506,
  "epoch": 2,
  "epoch_episode": 6,
  "question_number": 6,
  "topic": "oops",
  "subtopic": "Classes",
  "difficulty": 5.5,
  "performance": 0.43011895683486895,
  "time_taken": 11.216313912579132,
  "actor_loss": 0.0007405708711812214,
  "value_loss": 22.466362646041254,
  "entropy_loss": -0.002726143808172674,
  "topic_means": {
    "ds": 0.0,
    "algo": 0.0,
    "oops": 0.0,
    "dbms": 0.0,
    "os": 0.0,
    "cn": 0.0,
    "system_design": 0.0
  },
  "consecutive_low_scores": 0,
  "safety_constraints_applied": true
}