{
  "total_episodes": 999,
  "epoch": 2,
  "epoch_episode": 499,
  "question_number": 4,
  "topic": "oops",
  "subtopic": "Design Patterns",
  "difficulty": 5.068581674279308,
  "performance": 0.3229743247277142,
  "time_taken": 12.333453655777507,
  "actor_loss": -0.0013962942660979492,
  "value_loss": 32.65569486797864,
  "entropy_loss": 1.7632157634775746e-05,
  "topic_means": {
    "ds": 0.0,
    "algo": 0.0,
    "oops": 0.0,
    "dbms": 0.0,
    "os": 0.0,
    "cn": 0.0,
    "system_design": 0.0
  },
  "consecutive_low_scores": 0,
  "safety_constraints_applied": false
}