{
  "total_episodes": 996,
  "epoch": 2,
  "epoch_episode": 496,
  "question_number": 2,
  "topic": "ds",
  "subtopic": "Trees",
  "difficulty": 3.800885668978193,
  "performance": 0.1512614718147857,
  "time_taken": 17.706222885039065,
  "actor_loss": 0.0011978311138784105,
  "value_loss": 23.276359298617955,
  "entropy_loss": -1.8310953252202667e-05,
  "topic_means": {
    "ds": 0.0,
    "algo": 0.0,
    "oops": 0.0,
    "dbms": 0.0,
    "os": 0.0,
    "cn": 0.0,
    "system_design": 0.0
  },
  "consecutive_low_scores": 0,
  "safety_constraints_applied": false
}