{
  "total_episodes": 164,
  "epoch": 1,
  "epoch_episode": 164,
  "question_number": 2,
  "topic": "oops",
  "subtopic": "Design Patterns",
  "difficulty": 4.344737677475822,
  "performance": 0.436225731285556,
  "time_taken": 12.572601174999415,
  "actor_loss": -7.908274300835703e-05,
  "value_loss": 28.041530744865298,
  "entropy_loss": -0.0089932912632297,
  "topic_means": {
    "ds": 0.0,
    "algo": 0.0,
    "oops": 0.0,
    "dbms": 0.0,
    "os": 0.0,
    "cn": 0.0,
    "system_design": 0.0
  },
  "consecutive_low_scores": 0,
  "safety_constraints_applied": false
}