{
  "total_episodes": 509,
  "epoch": 2,
  "epoch_episode": 9,
  "question_number": 8,
  "topic": "ds",
  "subtopic": "Graphs",
  "difficulty": 1.98,
  "performance": 0.3135545330247482,
  "time_taken": 13.658474185623815,
  "actor_loss": -0.0036155009952008113,
  "value_loss": 25.615332817907017,
  "entropy_loss": -0.0027723490597047484,
  "topic_means": {
    "ds": 0.0,
    "algo": 0.0,
    "oops": 0.0,
    "dbms": 0.0,
    "os": 0.0,
    "cn": 0.0,
    "system_design": 0.0
  },
  "consecutive_low_scores": 0,
  "safety_constraints_applied": false
}