{
  "total_episodes": 240,
  "epoch": 1,
  "epoch_episode": 240,
  "question_number": 10,
  "topic": "ds",
  "subtopic": "Linked Lists",
  "difficulty": 1.98,
  "performance": 0.08750046441317108,
  "time_taken": 14.496101118442086,
  "actor_loss": 0.00023544080314014947,
  "value_loss": 28.035204995696084,
  "entropy_loss": -0.006976060661024633,
  "topic_means": {
    "ds": 0.0,
    "algo": 0.0,
    "oops": 0.0,
    "dbms": 0.0,
    "os": 0.0,
    "cn": 0.0,
    "system_design": 0.0
  },
  "consecutive_low_scores": 0,
  "safety_constraints_applied": false
}