{
  "interview_num": 1560,
  "stats": {
    "average_score": 0.26402291245935344,
    "time_efficiency": 0.4972844660517489,
    "topic_performances": {
      "ds": 0.3441125785349194,
      "algo": 0.2087596153974426,
      "oops": 0.157256340916748,
      "dbms": 0.0,
      "os": 0.0,
      "cn": 0.322987282428033,
      "system_design": 0.0
    },
    "current_streak": 0,
    "difficulty_level": 10.0
  },
  "timestamp": "20250503_211051"
}