{
  "interview_num": 700,
  "stats": {
    "average_score": 0.19827447513173033,
    "time_efficiency": 0.2327879751967108,
    "topic_performances": {
      "ds": 0.11274389616932995,
      "algo": 0.16679614302231233,
      "oops": 0.2995442201488397,
      "dbms": 0.0,
      "os": 0.0,
      "cn": 0.0,
      "system_design": 0.0
    },
    "current_streak": 0,
    "difficulty_level": 1.0
  },
  "timestamp": "20250503_213419"
}