{
  "episode": 1620,
  "epoch": 4,
  "mean_reward": 0.24043456844255387,
  "best_reward": 0.4567905254997499,
  "avg_reward_100": 0.21425180816248993,
  "avg_policy_loss_100": 0.00020204757290856183,
  "avg_value_loss_100": 8.71238158361157,
  "timestamp": "20250507_112240"
}