{
  "interview_num": 1220,
  "stats": {
    "average_score": 0.205848255980787,
    "time_efficiency": 0.5133958126283434,
    "topic_performances": {
      "ds": 0.27029210973604834,
      "algo": 0.26025467135879327,
      "oops": 0.10768469277249758,
      "dbms": 0.0,
      "os": 0.1437881382058523,
      "cn": 0.0,
      "system_design": 0.0
    },
    "current_streak": 0,
    "difficulty_level": 10.0
  },
  "timestamp": "20250503_213458"
}