{
  "total_episodes": 225,
  "epoch": 3,
  "epoch_episode": 25,
  "actor_loss": -2.2204460492503132e-17,
  "value_loss": 1.0,
  "mean_reward": 0.8579884482649737,
  "topic_performance": {
    "ds": 0.0,
    "algo": 0.8951538736477173,
    "oops": 1.0,
    "dbms": 0.790425038043301,
    "os": 0.9321140958609407,
    "cn": 0.5710926239167434,
    "system_design": 0.8682228107079265
  }
}