{
  "total_episodes": 98,
  "epoch": 1,
  "epoch_episode": 98,
  "actor_loss": 0.02211528630473898,
  "value_loss": 1.0,
  "mean_reward": 0.7251742525948586,
  "topic_performance": {
    "ds": 0.9017226145307642,
    "algo": 0.7145634419584288,
    "oops": 0.7984675138917193,
    "dbms": 0.5794251362987797,
    "os": 0.9130690134851052,
    "cn": 0.7094019141020605,
    "system_design": 0.5094034175962674
  }
}