{
  "total_episodes": 460,
  "epoch": 5,
  "epoch_episode": 60,
  "actor_loss": -0.03341059889845237,
  "value_loss": 1.0,
  "mean_reward": 0.5306257445157602,
  "topic_performance": {
    "ds": 0.0,
    "algo": 0.6221110633397464,
    "oops": 0.8203027447002583,
    "dbms": 0.3501231463599769,
    "os": 0.3910241327407105,
    "cn": 0.5851111007376267,
    "system_design": 0.0
  }
}