{
  "total_episodes": 215,
  "epoch": 3,
  "epoch_episode": 15,
  "average_score": 0.8127580018110974,
  "time_efficiency": 0.26039597132606496,
  "current_streak": 10,
  "difficulty_level": 1.0,
  "topic_performances": {
    "ds": 0.7313706206489532,
    "algo": 0.6614500081665066,
    "oops": 0.9395987595910741,
    "dbms": 0.0,
    "os": 1.0,
    "cn": 0.0,
    "system_design": 1.0
  }
}