{
  "total_episodes": 245,
  "epoch": 3,
  "epoch_episode": 45,
  "average_score": 0.7616828286936994,
  "time_efficiency": 0.3862813749494539,
  "current_streak": 4,
  "difficulty_level": 1.0,
  "topic_performances": {
    "ds": 0.0,
    "algo": 0.0,
    "oops": 0.7037211888937598,
    "dbms": 0.6653666550163939,
    "os": 0.6533266561259348,
    "cn": 0.7956205987511571,
    "system_design": 0.8948264260854208
  }
}