{
  "total_episodes": 349,
  "epoch": 4,
  "epoch_episode": 49,
  "actor_loss": -0.016893639767697154,
  "value_loss": 1.0,
  "mean_reward": 0.811389783443687,
  "topic_performance": {
    "ds": 0.9837127011370292,
    "algo": 0.7320380118770625,
    "oops": 0.8487051598312839,
    "dbms": 0.0,
    "os": 0.0,
    "cn": 0.8891748478429485,
    "system_design": 0.7291555411600938
  }
}