{
  "total_episodes": 385,
  "epoch": 4,
  "epoch_episode": 85,
  "average_score": 0.847453650892664,
  "time_efficiency": 0.45781740669390103,
  "current_streak": 7,
  "difficulty_level": 10.0,
  "topic_performances": {
    "ds": 0.8849029704463703,
    "algo": 0.9127132515618476,
    "oops": 0.8483999872906519,
    "dbms": 0.5612021097886596,
    "os": 0.8615996657948406,
    "cn": 0.0,
    "system_design": 0.0
  }
}