{
  "total_episodes": 392,
  "epoch": 4,
  "epoch_episode": 92,
  "actor_loss": 0.08897780360964773,
  "value_loss": 1.0,
  "mean_reward": 0.8693242572451085,
  "topic_performance": {
    "ds": 0.8601828164237263,
    "algo": 0.6492914693095512,
    "oops": 0.7978312127620818,
    "dbms": 0.0,
    "os": 0.926279726341189,
    "cn": 0.8943556258260555,
    "system_design": 0.0
  }
}