{
  "total_episodes": 140,
  "epoch": 2,
  "epoch_episode": 40,
  "actor_loss": -0.03497197739314491,
  "value_loss": 1.0,
  "mean_reward": 0.9066554298388896,
  "topic_performance": {
    "ds": 0.9929625483215399,
    "algo": 0.0,
    "oops": 0.0,
    "dbms": 0.9582865297124891,
    "os": 0.7491610276319535,
    "cn": 0.0,
    "system_design": 1.0
  }
}