{
  "total_episodes": 285,
  "epoch": 3,
  "epoch_episode": 85,
  "average_score": 0.8231778675749608,
  "time_efficiency": 0.2422396727021861,
  "current_streak": 10,
  "difficulty_level": 5.834121960695338,
  "topic_performances": {
    "ds": 0.9072360761176648,
    "algo": 0.770458826235203,
    "oops": 0.7714999149841303,
    "dbms": 0.7579465689937745,
    "os": 0.8294054186031323,
    "cn": 0.8440657749298512,
    "system_design": 0.0
  }
}