{
  "total_episodes": 352,
  "epoch": 4,
  "epoch_episode": 52,
  "actor_loss": 8.881784197001253e-17,
  "value_loss": 1.0,
  "mean_reward": 0.6822783346167218,
  "topic_performance": {
    "ds": 0.5426702814222243,
    "algo": 0.9143911825586937,
    "oops": 0.0,
    "dbms": 0.0,
    "os": 0.9008872538895707,
    "cn": 0.551656383252731,
    "system_design": 0.31592612139215426
  }
}