{
  "total_episodes": 97,
  "epoch": 1,
  "epoch_episode": 97,
  "actor_loss": -0.039654251610085976,
  "value_loss": 1.0,
  "mean_reward": 0.7959377981110578,
  "topic_performance": {
    "ds": 0.7712963675746872,
    "algo": 0.6883063237149072,
    "oops": 0.7989647413751055,
    "dbms": 0.8792489502596781,
    "os": 0.8335726332740472,
    "cn": 0.0,
    "system_design": 0.0
  }
}