{
  "total_episodes": 44,
  "epoch": 1,
  "epoch_episode": 44,
  "actor_loss": -0.025789075081947787,
  "value_loss": 1.0,
  "mean_reward": 0.7773876042235861,
  "topic_performance": {
    "ds": 0.7963772809431333,
    "algo": 0.878069117926227,
    "oops": 0.7086634483852846,
    "dbms": 0.7626185358081505,
    "os": 0.7989349291141739,
    "cn": 0.0,
    "system_design": 0.0
  }
}