{
  "total_episodes": 398,
  "epoch": 4,
  "epoch_episode": 98,
  "actor_loss": 0.10954331663430125,
  "value_loss": 1.0,
  "mean_reward": 0.7616828286936994,
  "topic_performance": {
    "ds": 0.0,
    "algo": 0.0,
    "oops": 0.7037211888937598,
    "dbms": 0.6653666550163939,
    "os": 0.6533266561259348,
    "cn": 0.7956205987511571,
    "system_design": 0.8948264260854208
  }
}