{
  "total_episodes": 324,
  "epoch": 4,
  "epoch_episode": 24,
  "actor_loss": 6.661338147750939e-17,
  "value_loss": 1.0,
  "mean_reward": 0.8890905806840319,
  "topic_performance": {
    "ds": 0.0,
    "algo": 0.7917653482229359,
    "oops": 0.8531477531025071,
    "dbms": 0.8986894776710087,
    "os": 0.9550912763457484,
    "cn": 0.8517063490408686,
    "system_design": 0.9402801119840634
  }
}