{
  "total_episodes": 370,
  "epoch": 4,
  "epoch_episode": 70,
  "actor_loss": 4.4408920985006264e-17,
  "value_loss": 1.0,
  "mean_reward": 0.7338097108712148,
  "topic_performance": {
    "ds": 0.7354498167134494,
    "algo": 0.0,
    "oops": 0.7829549329493349,
    "dbms": 0.6736720101644021,
    "os": 0.0,
    "cn": 0.6409520424696924,
    "system_design": 0.8434123263297825
  }
}