{
  "total_episodes": 36,
  "epoch": 1,
  "epoch_episode": 36,
  "actor_loss": 0.057813902047214996,
  "value_loss": 1.0,
  "mean_reward": 0.7025370988624389,
  "topic_performance": {
    "ds": 0.7335192148063028,
    "algo": 0.8929771954112657,
    "oops": 0.6214847219776782,
    "dbms": 0.695137562821029,
    "os": 0.7198848291017512,
    "cn": 0.712130228864988,
    "system_design": 0.0
  }
}