{
  "total_episodes": 48,
  "epoch": 1,
  "epoch_episode": 48,
  "actor_loss": 0.04333565150597805,
  "value_loss": 1.0,
  "mean_reward": 0.8680971940765876,
  "topic_performance": {
    "ds": 0.9338405836185751,
    "algo": 0.8462187657899453,
    "oops": 0.7008178442245159,
    "dbms": 0.8943940230410228,
    "os": 1.0,
    "cn": 0.0,
    "system_design": 0.859434584735451
  }
}