{
  "total_episodes": 497,
  "epoch": 5,
  "epoch_episode": 97,
  "actor_loss": -4.4408920985006264e-17,
  "value_loss": 1.0,
  "mean_reward": 0.8333852180210333,
  "topic_performance": {
    "ds": 1.0,
    "algo": 0.9723850130805365,
    "oops": 0.9621516576710973,
    "dbms": 0.6919831552784955,
    "os": 0.7022926713837641,
    "cn": 0.6720635308697183,
    "system_design": 0.9964682920021432
  }
}