{
  "total_episodes": 415,
  "epoch": 5,
  "epoch_episode": 15,
  "actor_loss": 8.881784197001253e-17,
  "value_loss": 1.0,
  "mean_reward": 0.7549227912040505,
  "topic_performance": {
    "ds": 0.931836861486858,
    "algo": 0.48788685551533795,
    "oops": 0.9526891516975826,
    "dbms": 0.7703851268790749,
    "os": 0.7524116841720818,
    "cn": 0.6563406454477463,
    "system_design": 0.6570883957351364
  }
}