{
  "total_episodes": 160,
  "epoch": 2,
  "epoch_episode": 60,
  "actor_loss": 0.04927414897021076,
  "value_loss": 1.0,
  "mean_reward": 0.8546814939277609,
  "topic_performance": {
    "ds": 0.0,
    "algo": 0.8708365517835639,
    "oops": 0.8842314629384208,
    "dbms": 0.835655676780681,
    "os": 0.7187419190966264,
    "cn": 0.9267384974565497,
    "system_design": 0.0
  }
}