{
  "total_episodes": 95,
  "epoch": 1,
  "epoch_episode": 95,
  "average_score": 0.7549227912040505,
  "time_efficiency": 0.3486091361872882,
  "current_streak": 2,
  "difficulty_level": 1.0,
  "topic_performances": {
    "ds": 0.931836861486858,
    "algo": 0.48788685551533795,
    "oops": 0.9526891516975826,
    "dbms": 0.7703851268790749,
    "os": 0.7524116841720818,
    "cn": 0.6563406454477463,
    "system_design": 0.6570883957351364
  }
}