{
  "total_episodes": 5,
  "epoch": 1,
  "epoch_episode": 5,
  "actor_loss": -0.010606710080169024,
  "value_loss": 1.0,
  "mean_reward": 0.7803311269217971,
  "topic_performance": {
    "ds": 0.7819334748781261,
    "algo": 0.0,
    "oops": 1.0,
    "dbms": 0.8084348307681952,
    "os": 0.6300047754783649,
    "cn": 0.7116114509103324,
    "system_design": 0.7846734903131489
  }
}