{
  "total_episodes": 2,
  "epoch": 1,
  "epoch_episode": 2,
  "actor_loss": -0.016655900853950634,
  "value_loss": 1.0,
  "mean_reward": 0.9018350774636698,
  "topic_performance": {
    "ds": 0.9661935135175097,
    "algo": 0.9592900975545122,
    "oops": 0.0,
    "dbms": 0.8640695174955382,
    "os": 0.8530697998552559,
    "cn": 0.9772221610057981,
    "system_design": 0.8510744069962369
  }
}