{
  "total_episodes": 376,
  "epoch": 4,
  "epoch_episode": 76,
  "actor_loss": -8.881784197001253e-17,
  "value_loss": 1.0,
  "mean_reward": 0.8178420303441845,
  "topic_performance": {
    "ds": 0.78921857878865,
    "algo": 1.0,
    "oops": 0.0,
    "dbms": 0.0,
    "os": 0.9138278098982796,
    "cn": 0.6835271256600848,
    "system_design": 0.7602213478793955
  }
}