{
  "total_episodes": 218,
  "epoch": 3,
  "epoch_episode": 18,
  "actor_loss": -0.03455816913322154,
  "value_loss": 1.0,
  "mean_reward": 0.6647329730717624,
  "topic_performance": {
    "ds": 0.0,
    "algo": 0.8617332491013001,
    "oops": 0.5424186974809144,
    "dbms": 0.47046187327069966,
    "os": 0.7469750722147905,
    "cn": 0.0,
    "system_design": 0.0
  }
}