{
  "total_episodes": 104,
  "epoch": 2,
  "epoch_episode": 4,
  "actor_loss": 0.11894750257986034,
  "value_loss": 1.0,
  "mean_reward": 0.8601587069569824,
  "topic_performance": {
    "ds": 0.0,
    "algo": 0.0,
    "oops": 0.8305312606189305,
    "dbms": 0.0,
    "os": 0.8432669057016409,
    "cn": 0.9303137639873457,
    "system_design": 0.8585225311392564
  }
}