{
  "total_episodes": 235,
  "epoch": 3,
  "epoch_episode": 35,
  "actor_loss": 0.05679433317382763,
  "value_loss": 1.0,
  "mean_reward": 0.8392599843990043,
  "topic_performance": {
    "ds": 0.9824303997746743,
    "algo": 0.8870380914960947,
    "oops": 0.7363009488446347,
    "dbms": 0.88349091577388,
    "os": 1.0,
    "cn": 0.6949411871464604,
    "system_design": 0.7464752822600784
  }
}