{
  "total_episodes": 81,
  "epoch": 1,
  "epoch_episode": 81,
  "actor_loss": 0.06984109638082563,
  "value_loss": 1.0,
  "mean_reward": 0.847453650892664,
  "topic_performance": {
    "ds": 0.8849029704463703,
    "algo": 0.9127132515618476,
    "oops": 0.8483999872906519,
    "dbms": 0.5612021097886596,
    "os": 0.8615996657948406,
    "cn": 0.0,
    "system_design": 0.0
  }
}