{
  "total_episodes": 148,
  "epoch": 2,
  "epoch_episode": 48,
  "actor_loss": 0.009432976819853823,
  "value_loss": 1.0,
  "mean_reward": 0.8047549010118601,
  "topic_performance": {
    "ds": 0.0,
    "algo": 0.8197723701894114,
    "oops": 0.9227327793484017,
    "dbms": 0.7483161473215155,
    "os": 0.0,
    "cn": 0.7646610425900562,
    "system_design": 0.0
  }
}