{
  "total_episodes": 30,
  "epoch": 1,
  "epoch_episode": 30,
  "average_score": 0.8401641019064889,
  "time_efficiency": 0.5060976148705099,
  "current_streak": 10,
  "difficulty_level": 10.0,
  "topic_performances": {
    "ds": 0.8577900622125727,
    "algo": 0.8596079152745009,
    "oops": 0.7253044171029305,
    "dbms": 0.0,
    "os": 0.9393775622843646,
    "cn": 0.9166578975439688,
    "system_design": 0.7951683957198261
  }
}