{
  "total_episodes": 78,
  "epoch": 1,
  "epoch_episode": 78,
  "actor_loss": 0.046205319125459575,
  "value_loss": 1.0,
  "mean_reward": 0.8693242572451085,
  "topic_performance": {
    "ds": 0.8601828164237263,
    "algo": 0.6492914693095512,
    "oops": 0.7978312127620818,
    "dbms": 0.0,
    "os": 0.926279726341189,
    "cn": 0.8943556258260555,
    "system_design": 0.0
  }
}