{
  "total_episodes": 150,
  "epoch": 2,
  "epoch_episode": 50,
  "average_score": 0.7466095591503951,
  "time_efficiency": 0.24717011597964372,
  "current_streak": 0,
  "difficulty_level": 1.0,
  "topic_performances": {
    "ds": 0.0,
    "algo": 0.8804108842151399,
    "oops": 0.608477829210815,
    "dbms": 0.45884706150008514,
    "os": 0.9617339611161525,
    "cn": 0.8338769022165629,
    "system_design": 0.7915055083918635
  }
}