{
  "total_episodes": 402,
  "epoch": 5,
  "epoch_episode": 2,
  "actor_loss": 0.08846063052629735,
  "value_loss": 1.0,
  "mean_reward": 0.8059692067691238,
  "topic_performance": {
    "ds": 0.8466780075015389,
    "algo": 0.0,
    "oops": 0.8198965531381369,
    "dbms": 0.6534434742247126,
    "os": 0.88280674264138,
    "cn": 0.9573157787173525,
    "system_design": 0.8549289101886557
  }
}