{
  "total_episodes": 239,
  "epoch": 3,
  "epoch_episode": 39,
  "actor_loss": 0.025679501779268653,
  "value_loss": 1.0,
  "mean_reward": 0.8690826118902336,
  "topic_performance": {
    "ds": 0.8975979161853691,
    "algo": 0.8409523314508003,
    "oops": 0.0,
    "dbms": 0.8882687274519878,
    "os": 0.7871196256965656,
    "cn": 0.8725946969462255,
    "system_design": 0.9048791491370056
  }
}