{
  "total_episodes": 71,
  "epoch": 1,
  "epoch_episode": 71,
  "actor_loss": -0.006325750035749178,
  "value_loss": 1.0,
  "mean_reward": 0.7276840068444511,
  "topic_performance": {
    "ds": 0.7847268122000786,
    "algo": 0.9071142649007888,
    "oops": 0.525789886238993,
    "dbms": 0.821114784203723,
    "os": 0.7818287958779958,
    "cn": 0.6356648419679952,
    "system_design": 0.8380311706442259
  }
}