{
  "total_episodes": 176,
  "epoch": 2,
  "epoch_episode": 76,
  "actor_loss": 0.12078297175832622,
  "value_loss": 1.0,
  "mean_reward": 0.8371610428439684,
  "topic_performance": {
    "ds": 0.8878592684520974,
    "algo": 0.48924872066621966,
    "oops": 0.7275626765900381,
    "dbms": 0.859957409174156,
    "os": 0.9444953815613197,
    "cn": 0.0,
    "system_design": 0.9102175036341246
  }
}