{
  "total_episodes": 31,
  "epoch": 1,
  "epoch_episode": 31,
  "actor_loss": 0.05070655193503191,
  "value_loss": 1.0,
  "mean_reward": 0.8295928342532706,
  "topic_performance": {
    "ds": 0.7648698106580325,
    "algo": 0.6873018764926704,
    "oops": 0.9225829126851033,
    "dbms": 0.8329262510141526,
    "os": 0.0,
    "cn": 0.8676510104223415,
    "system_design": 0.8088217249966908
  }
}