{
  "total_episodes": 28,
  "epoch": 1,
  "epoch_episode": 28,
  "actor_loss": -0.013881554170937394,
  "value_loss": 1.0,
  "mean_reward": 0.7486631596893417,
  "topic_performance": {
    "ds": 0.6020192224186925,
    "algo": 0.8746741477347273,
    "oops": 0.8271444321602871,
    "dbms": 0.6938743203006967,
    "os": 0.6596776076389871,
    "cn": 0.0,
    "system_design": 0.640601246945738
  }
}