{
  "total_episodes": 111,
  "epoch": 2,
  "epoch_episode": 11,
  "actor_loss": -0.030203555399863656,
  "value_loss": 1.0,
  "mean_reward": 0.6493976717504625,
  "topic_performance": {
    "ds": 0.0,
    "algo": 0.496913150334026,
    "oops": 0.4832418973657127,
    "dbms": 0.7690503375250434,
    "os": 0.0,
    "cn": 0.0,
    "system_design": 0.8648012295979952
  }
}