{
  "total_episodes": 11,
  "epoch": 1,
  "epoch_episode": 11,
  "actor_loss": 0.005164143419249112,
  "value_loss": 1.0,
  "mean_reward": 0.8065743172962219,
  "topic_performance": {
    "ds": 0.881544943627855,
    "algo": 0.5413131940374774,
    "oops": 0.0,
    "dbms": 0.8497731015810416,
    "os": 0.8271775924847045,
    "cn": 0.8434522174295173,
    "system_design": 0.8042000482289418
  }
}