{
  "total_episodes": 125,
  "epoch": 2,
  "epoch_episode": 25,
  "actor_loss": -0.004049743651907,
  "value_loss": 1.0,
  "mean_reward": 0.8253660255853914,
  "topic_performance": {
    "ds": 0.8220992042076478,
    "algo": 0.8665343691125298,
    "oops": 0.7576355996260279,
    "dbms": 0.9357566335173528,
    "os": 0.8338648384090616,
    "cn": 0.0,
    "system_design": 0.0
  }
}