{
  "total_episodes": 209,
  "epoch": 3,
  "epoch_episode": 9,
  "actor_loss": -0.0077803497644362675,
  "value_loss": 1.0,
  "mean_reward": 0.8004884978772182,
  "topic_performance": {
    "ds": 0.6950118611128913,
    "algo": 0.8336212788250466,
    "oops": 0.8443807288265608,
    "dbms": 0.7342837136002763,
    "os": 0.8823776301838147,
    "cn": 0.0,
    "system_design": 0.8085746186340472
  }
}