{
  "total_episodes": 383,
  "epoch": 4,
  "epoch_episode": 83,
  "actor_loss": -2.2204460492503132e-17,
  "value_loss": 1.0,
  "mean_reward": 0.8351714126520626,
  "topic_performance": {
    "ds": 0.7935600667365666,
    "algo": 0.0,
    "oops": 0.0,
    "dbms": 0.8544503816671682,
    "os": 0.8375358503715971,
    "cn": 0.0,
    "system_design": 0.9491837470312303
  }
}