{
  "total_episodes": 77,
  "epoch": 1,
  "epoch_episode": 77,
  "actor_loss": 0.0019152123010632628,
  "value_loss": 1.0,
  "mean_reward": 0.7825921438185104,
  "topic_performance": {
    "ds": 0.800210082039442,
    "algo": 0.7503988171767207,
    "oops": 1.0,
    "dbms": 0.6296229888817445,
    "os": 1.0,
    "cn": 0.6660847440507651,
    "system_design": 0.7993729179385243
  }
}