{
  "total_episodes": 25,
  "epoch": 1,
  "epoch_episode": 25,
  "average_score": 0.8290226239055836,
  "time_efficiency": 0.31931072815389516,
  "current_streak": 2,
  "difficulty_level": 10.0,
  "topic_performances": {
    "ds": 0.7125526989999371,
    "algo": 0.0,
    "oops": 0.8654480166647238,
    "dbms": 0.7568785210403862,
    "os": 0.9241979643915487,
    "cn": 0.8105205960455969,
    "system_design": 0.9615512408170463
  }
}