{
  "total_episodes": 93,
  "epoch": 1,
  "epoch_episode": 93,
  "actor_loss": -0.018326533176625248,
  "value_loss": 1.0,
  "mean_reward": 0.5276528536216433,
  "topic_performance": {
    "ds": 0.6091253378504173,
    "algo": 0.7305528629339031,
    "oops": 0.4804374098230272,
    "dbms": 0.4746141702424725,
    "os": 0.4275841224928316,
    "cn": 0.5214455011440298,
    "system_design": 0.0
  }
}