{
  "total_episodes": 6,
  "epoch": 1,
  "epoch_episode": 6,
  "actor_loss": -0.030221460391592035,
  "value_loss": 1.0,
  "mean_reward": 0.8423495151873945,
  "topic_performance": {
    "ds": 0.5927949987532767,
    "algo": 1.0,
    "oops": 0.0,
    "dbms": 0.8508195879770266,
    "os": 0.6438380741902159,
    "cn": 1.0,
    "system_design": 0.8917918635111736
  }
}