{
  "total_episodes": 180,
  "epoch": 2,
  "epoch_episode": 80,
  "average_score": 0.7629014335034221,
  "time_efficiency": 0.17772893012708457,
  "current_streak": 2,
  "difficulty_level": 1.0,
  "topic_performances": {
    "ds": 0.8180937788685912,
    "algo": 0.6587284868984996,
    "oops": 0.9842987379609343,
    "dbms": 0.0,
    "os": 0.0,
    "cn": 0.5712215749125805,
    "system_design": 0.0
  }
}