{
  "total_episodes": 405,
  "epoch": 5,
  "epoch_episode": 5,
  "average_score": 0.8579884482649737,
  "time_efficiency": 0.31617003756824075,
  "current_streak": 3,
  "difficulty_level": 1.0,
  "topic_performances": {
    "ds": 0.0,
    "algo": 0.8951538736477173,
    "oops": 1.0,
    "dbms": 0.790425038043301,
    "os": 0.9321140958609407,
    "cn": 0.5710926239167434,
    "system_design": 0.8682228107079265
  }
}