{
  "total_episodes": 330,
  "epoch": 4,
  "epoch_episode": 30,
  "actor_loss": 0.029168419711262827,
  "value_loss": 1.0,
  "mean_reward": 0.7406810173837796,
  "topic_performance": {
    "ds": 0.9864227682101646,
    "algo": 0.0,
    "oops": 0.8510131194433959,
    "dbms": 0.8860141107790158,
    "os": 0.5997891623037761,
    "cn": 0.6485262235180352,
    "system_design": 0.6460079175350032
  }
}