{
  "total_episodes": 426,
  "epoch": 5,
  "epoch_episode": 26,
  "actor_loss": 1.1102230246251565e-16,
  "value_loss": 1.0,
  "mean_reward": 0.6963588879659101,
  "topic_performance": {
    "ds": 0.0,
    "algo": 0.8141607835636718,
    "oops": 0.6461928493520764,
    "dbms": 0.8396959701384228,
    "os": 0.0,
    "cn": 0.5024206307257086,
    "system_design": 1.0
  }
}