{
  "total_episodes": 191,
  "epoch": 2,
  "epoch_episode": 91,
  "actor_loss": 1.2512657576735364e-12,
  "value_loss": 1.0,
  "mean_reward": 0.7987269608595157,
  "topic_performance": {
    "ds": 0.834127566268942,
    "algo": 0.8701712200744484,
    "oops": 0.0,
    "dbms": 0.5394818298773291,
    "os": 0.9944467297644909,
    "cn": 0.5892739646645679,
    "system_design": 0.915075946565957
  }
}