{
  "total_episodes": 136,
  "epoch": 2,
  "epoch_episode": 36,
  "actor_loss": 0.01432575105825733,
  "value_loss": 1.0,
  "mean_reward": 0.7444422730346352,
  "topic_performance": {
    "ds": 0.7787037318120729,
    "algo": 0.7902002259197545,
    "oops": 0.8938732022143436,
    "dbms": 0.8877135345538765,
    "os": 0.8442661493258401,
    "cn": 0.3545569533642095,
    "system_design": 0.8751758769361448
  }
}