{
  "total_episodes": 449,
  "epoch": 5,
  "epoch_episode": 49,
  "actor_loss": 6.661338147750939e-17,
  "value_loss": 1.0,
  "mean_reward": 0.8356482913772213,
  "topic_performance": {
    "ds": 0.0,
    "algo": 0.8758700844824707,
    "oops": 0.0,
    "dbms": 0.8365574207299609,
    "os": 0.9237978064400022,
    "cn": 0.6476056905303236,
    "system_design": 0.8472188981718988
  }
}