{
  "total_episodes": 255,
  "epoch": 3,
  "epoch_episode": 55,
  "average_score": 0.8229154479261993,
  "time_efficiency": 0.39369871301900855,
  "current_streak": 10,
  "difficulty_level": 10.0,
  "topic_performances": {
    "ds": 0.0,
    "algo": 0.0,
    "oops": 0.8692177804179377,
    "dbms": 0.6962103704586213,
    "os": 0.8668257728754947,
    "cn": 0.0,
    "system_design": 0.8902760896139027
  }
}