{
  "total_episodes": 109,
  "epoch": 2,
  "epoch_episode": 9,
  "actor_loss": 0.0423279150009209,
  "value_loss": 1.0,
  "mean_reward": 0.7251163160554611,
  "topic_performance": {
    "ds": 0.7558228866878526,
    "algo": 0.8139041792276929,
    "oops": 0.6547782583998553,
    "dbms": 0.3073360677880722,
    "os": 0.8083219166245406,
    "cn": 0.0,
    "system_design": 0.7402259196749112
  }
}