{
  "total_episodes": 339,
  "epoch": 4,
  "epoch_episode": 39,
  "actor_loss": -2.2204460492503132e-17,
  "value_loss": 1.0,
  "mean_reward": 0.8290226239055836,
  "topic_performance": {
    "ds": 0.7125526989999371,
    "algo": 0.0,
    "oops": 0.8654480166647238,
    "dbms": 0.7568785210403862,
    "os": 0.9241979643915487,
    "cn": 0.8105205960455969,
    "system_design": 0.9615512408170463
  }
}