{
  "total_episodes": 129,
  "epoch": 2,
  "epoch_episode": 29,
  "actor_loss": 0.11894692924001035,
  "value_loss": 1.0,
  "mean_reward": 0.8231778675749608,
  "topic_performance": {
    "ds": 0.9072360761176648,
    "algo": 0.770458826235203,
    "oops": 0.7714999149841303,
    "dbms": 0.7579465689937745,
    "os": 0.8294054186031323,
    "cn": 0.8440657749298512,
    "system_design": 0.0
  }
}