{
  "total_episodes": 161,
  "epoch": 2,
  "epoch_episode": 61,
  "actor_loss": -0.04121272618155576,
  "value_loss": 1.0,
  "mean_reward": 0.7757496222064663,
  "topic_performance": {
    "ds": 0.7917406667312032,
    "algo": 0.8732231538040777,
    "oops": 0.0,
    "dbms": 0.6359430423702792,
    "os": 0.0,
    "cn": 0.970386534842194,
    "system_design": 0.8319273895979142
  }
}