{
  "total_episodes": 255,
  "epoch": 3,
  "epoch_episode": 55,
  "actor_loss": 0.08846063052629735,
  "value_loss": 1.0,
  "mean_reward": 0.8229154479261993,
  "topic_performance": {
    "ds": 0.0,
    "algo": 0.0,
    "oops": 0.8692177804179377,
    "dbms": 0.6962103704586213,
    "os": 0.8668257728754947,
    "cn": 0.0,
    "system_design": 0.8902760896139027
  }
}