{
  "total_episodes": 391,
  "epoch": 4,
  "epoch_episode": 91,
  "actor_loss": -1.3322676295501878e-16,
  "value_loss": 1.0,
  "mean_reward": 0.7569494329894121,
  "topic_performance": {
    "ds": 0.8737236097165411,
    "algo": 0.5824519706555925,
    "oops": 0.9229073924356412,
    "dbms": 0.8340804846268989,
    "os": 0.6201940992658281,
    "cn": 0.0,
    "system_design": 0.8444969010907327
  }
}