{
  "total_episodes": 45,
  "epoch": 1,
  "epoch_episode": 45,
  "actor_loss": 0.011272135480810807,
  "value_loss": 1.0,
  "mean_reward": 0.69025213643471,
  "topic_performance": {
    "ds": 0.0,
    "algo": 0.7808783095750377,
    "oops": 0.0,
    "dbms": 0.6950678302306623,
    "os": 0.7811944054784968,
    "cn": 0.7416904650449972,
    "system_design": 0.42896030648545863
  }
}