{
  "total_episodes": 258,
  "epoch": 3,
  "epoch_episode": 58,
  "actor_loss": 0.05803257090211689,
  "value_loss": 1.0,
  "mean_reward": 0.7866240823066166,
  "topic_performance": {
    "ds": 0.9345211344056741,
    "algo": 0.7499431705433452,
    "oops": 0.7351889824863028,
    "dbms": 0.6369066894512635,
    "os": 0.9006815329358815,
    "cn": 0.8045342529291115,
    "system_design": 0.8170435476709907
  }
}