{
  "total_episodes": 53,
  "epoch": 1,
  "epoch_episode": 53,
  "actor_loss": -0.025721405592871883,
  "value_loss": 1.0,
  "mean_reward": 0.6912836733245061,
  "topic_performance": {
    "ds": 0.7031317770927942,
    "algo": 0.6992839088739111,
    "oops": 0.6846580023310744,
    "dbms": 0.4383740535357411,
    "os": 0.0,
    "cn": 0.7879862466890788,
    "system_design": 0.7542405941029
  }
}