{
  "total_episodes": 337,
  "epoch": 4,
  "epoch_episode": 37,
  "actor_loss": 0.020494247900540663,
  "value_loss": 1.0,
  "mean_reward": 0.8442878213153941,
  "topic_performance": {
    "ds": 0.0,
    "algo": 0.9581691593672045,
    "oops": 1.0,
    "dbms": 0.845373606448756,
    "os": 0.0,
    "cn": 0.5979779112823991,
    "system_design": 0.8391967859213653
  }
}