{
  "total_episodes": 92,
  "epoch": 1,
  "epoch_episode": 92,
  "actor_loss": 0.04748854265438376,
  "value_loss": 1.0,
  "mean_reward": 0.854247163302326,
  "topic_performance": {
    "ds": 0.7943792255074785,
    "algo": 0.7977511090430676,
    "oops": 0.0,
    "dbms": 0.771203952226867,
    "os": 0.8178107832537803,
    "cn": 0.0,
    "system_design": 0.9180245221530396
  }
}