{
  "total_episodes": 75,
  "epoch": 1,
  "epoch_episode": 75,
  "actor_loss": 0.00954335495202776,
  "value_loss": 1.0,
  "mean_reward": 0.81240470581413,
  "topic_performance": {
    "ds": 0.8295872360702595,
    "algo": 0.8701943759864172,
    "oops": 0.0,
    "dbms": 0.700498135813266,
    "os": 0.0,
    "cn": 1.0,
    "system_design": 0.752078526845142
  }
}