{
  "total_episodes": 485,
  "epoch": 5,
  "epoch_episode": 85,
  "average_score": 0.854247163302326,
  "time_efficiency": 0.4297710948331188,
  "current_streak": 10,
  "difficulty_level": 10.0,
  "topic_performances": {
    "ds": 0.7943792255074785,
    "algo": 0.7977511090430676,
    "oops": 0.0,
    "dbms": 0.771203952226867,
    "os": 0.8178107832537803,
    "cn": 0.0,
    "system_design": 0.9180245221530396
  }
}