{
  "total_episodes": 140,
  "epoch": 2,
  "epoch_episode": 40,
  "average_score": 0.9066554298388896,
  "time_efficiency": 0.5723788408846902,
  "current_streak": 10,
  "difficulty_level": 10.0,
  "topic_performances": {
    "ds": 0.9929625483215399,
    "algo": 0.0,
    "oops": 0.0,
    "dbms": 0.9582865297124891,
    "os": 0.7491610276319535,
    "cn": 0.0,
    "system_design": 1.0
  }
}