{
  "total_episodes": 321,
  "epoch": 4,
  "epoch_episode": 21,
  "actor_loss": -0.004229572138961424,
  "value_loss": 1.0,
  "mean_reward": 0.7945233181537799,
  "topic_performance": {
    "ds": 0.5980206725332489,
    "algo": 0.0,
    "oops": 0.921478973106554,
    "dbms": 0.0,
    "os": 0.6378481519222086,
    "cn": 0.9136687947931929,
    "system_design": 0.8855913478758958
  }
}