{
  "total_episodes": 440,
  "epoch": 5,
  "epoch_episode": 40,
  "average_score": 0.8065743172962219,
  "time_efficiency": 0.4740384891119624,
  "current_streak": 0,
  "difficulty_level": 10.0,
  "topic_performances": {
    "ds": 0.881544943627855,
    "algo": 0.5413131940374774,
    "oops": 0.0,
    "dbms": 0.8497731015810416,
    "os": 0.8271775924847045,
    "cn": 0.8434522174295173,
    "system_design": 0.8042000482289418
  }
}