{
  "total_episodes": 319,
  "epoch": 4,
  "epoch_episode": 19,
  "actor_loss": -2.2204460492503132e-17,
  "value_loss": 1.0,
  "mean_reward": 0.7276840068444511,
  "topic_performance": {
    "ds": 0.7847268122000786,
    "algo": 0.9071142649007888,
    "oops": 0.525789886238993,
    "dbms": 0.821114784203723,
    "os": 0.7818287958779958,
    "cn": 0.6356648419679952,
    "system_design": 0.8380311706442259
  }
}