{
  "total_episodes": 262,
  "epoch": 3,
  "epoch_episode": 62,
  "actor_loss": -2.6645352591003756e-16,
  "value_loss": 1.0,
  "mean_reward": 0.8178420303441845,
  "topic_performance": {
    "ds": 0.78921857878865,
    "algo": 1.0,
    "oops": 0.0,
    "dbms": 0.0,
    "os": 0.9138278098982796,
    "cn": 0.6835271256600848,
    "system_design": 0.7602213478793955
  }
}