{
  "total_episodes": 199,
  "epoch": 2,
  "epoch_episode": 99,
  "actor_loss": 2.2204460492503132e-17,
  "value_loss": 1.0,
  "mean_reward": 0.7406810173837796,
  "topic_performance": {
    "ds": 0.9864227682101646,
    "algo": 0.0,
    "oops": 0.8510131194433959,
    "dbms": 0.8860141107790158,
    "os": 0.5997891623037761,
    "cn": 0.6485262235180352,
    "system_design": 0.6460079175350032
  }
}