{
  "total_episodes": 410,
  "epoch": 5,
  "epoch_episode": 10,
  "actor_loss": 2.2204460492503132e-17,
  "value_loss": 1.0,
  "mean_reward": 0.81240470581413,
  "topic_performance": {
    "ds": 0.8295872360702595,
    "algo": 0.8701943759864172,
    "oops": 0.0,
    "dbms": 0.700498135813266,
    "os": 0.0,
    "cn": 1.0,
    "system_design": 0.752078526845142
  }
}