{
  "total_episodes": 145,
  "epoch": 2,
  "epoch_episode": 45,
  "average_score": 0.8004884978772182,
  "time_efficiency": 0.4814721322271386,
  "current_streak": 6,
  "difficulty_level": 9.700539080872769,
  "topic_performances": {
    "ds": 0.6950118611128913,
    "algo": 0.8336212788250466,
    "oops": 0.8443807288265608,
    "dbms": 0.7342837136002763,
    "os": 0.8823776301838147,
    "cn": 0.0,
    "system_design": 0.8085746186340472
  }
}