{
  "total_episodes": 452,
  "epoch": 5,
  "epoch_episode": 52,
  "actor_loss": 6.661338147750939e-17,
  "value_loss": 1.0,
  "mean_reward": 0.8186198466008759,
  "topic_performance": {
    "ds": 0.8941062500683118,
    "algo": 0.8673608636116994,
    "oops": 0.0,
    "dbms": 0.687906306610173,
    "os": 0.8298899615514927,
    "cn": 0.883870497992837,
    "system_design": 0.8816907374805313
  }
}