{
  "total_episodes": 110,
  "epoch": 2,
  "epoch_episode": 10,
  "average_score": 0.9018350774636698,
  "time_efficiency": 0.3661186420008604,
  "current_streak": 10,
  "difficulty_level": 10.0,
  "topic_performances": {
    "ds": 0.9661935135175097,
    "algo": 0.9592900975545122,
    "oops": 0.0,
    "dbms": 0.8640695174955382,
    "os": 0.8530697998552559,
    "cn": 0.9772221610057981,
    "system_design": 0.8510744069962369
  }
}