{
  "total_episodes": 20,
  "epoch": 1,
  "epoch_episode": 20,
  "actor_loss": -0.038544936375862246,
  "value_loss": 1.0,
  "mean_reward": 0.8049705637937151,
  "topic_performance": {
    "ds": 0.9436797354745893,
    "algo": 0.0,
    "oops": 0.5577358096706272,
    "dbms": 0.792809259055562,
    "os": 0.0,
    "cn": 0.9822805298490999,
    "system_design": 0.7424865051563444
  }
}