{
  "total_episodes": 308,
  "epoch": 4,
  "epoch_episode": 8,
  "actor_loss": 0.059221889573935926,
  "value_loss": 1.0,
  "mean_reward": 0.8694091917633395,
  "topic_performance": {
    "ds": 0.7484032989028419,
    "algo": 0.9019042886189759,
    "oops": 0.9314493321286536,
    "dbms": 0.7073732032373843,
    "os": 1.0,
    "cn": 0.9526766510228486,
    "system_design": 0.8903310008434827
  }
}