{
  "total_episodes": 360,
  "epoch": 4,
  "epoch_episode": 60,
  "average_score": 0.8059692067691238,
  "time_efficiency": 0.4477750881132495,
  "current_streak": 0,
  "difficulty_level": 1.0,
  "topic_performances": {
    "ds": 0.8466780075015389,
    "algo": 0.0,
    "oops": 0.8198965531381369,
    "dbms": 0.6534434742247126,
    "os": 0.88280674264138,
    "cn": 0.9573157787173525,
    "system_design": 0.8549289101886557
  }
}