{
  "total_episodes": 247,
  "epoch": 3,
  "epoch_episode": 47,
  "actor_loss": -0.0017440709853103308,
  "value_loss": 1.0,
  "mean_reward": 0.8492630981275425,
  "topic_performance": {
    "ds": 0.7927676483584334,
    "algo": 0.8776406336605685,
    "oops": 0.7562274994530153,
    "dbms": 0.8940079323177478,
    "os": 0.9650311378678016,
    "cn": 0.677508777413308,
    "system_design": 0.0
  }
}