{
  "episode": 2260,
  "epoch": 5,
  "mean_reward": 0.1795336594915584,
  "best_reward": 0.4567905254997499,
  "timestamp": "20250503_220051"
}