{
  "episode": 1530,
  "epoch": 4,
  "mean_reward": 0.4567905254997499,
  "best_reward": 0.4567905254997499,
  "timestamp": "20250503_211048"
}