{
  "episode": 2440,
  "epoch": 5,
  "mean_reward": 0.19313686549241987,
  "best_reward": 0.4567905254997499,
  "timestamp": "20250503_213645"
}