{
  "episode": 2100,
  "epoch": 5,
  "mean_reward": 0.09897575531122692,
  "best_reward": 0.4567905254997499,
  "avg_reward_100": 0.20611339789121985,
  "avg_policy_loss_100": 0.00010884989781758817,
  "avg_value_loss_100": 8.462846776751956,
  "timestamp": "20250507_112330"
}