{
  "episode": 410,
  "epoch": 1,
  "mean_reward": 0.274286560870659,
  "best_reward": 0.4567905254997499,
  "timestamp": "20250503_213358"
}