{
  "interview_num": 940,
  "stats": {
    "average_score": 0.3643735333156186,
    "time_efficiency": 0.11943760109114154,
    "topic_performances": {
      "ds": 0.3991486176407237,
      "algo": 0.3625327521921775,
      "oops": 0.29850492691229086,
      "dbms": 0.0,
      "os": 0.0,
      "cn": 0.0,
      "system_design": 0.0
    },
    "current_streak": 0,
    "difficulty_level": 1.0
  },
  "timestamp": "20250503_213437"
}