{
  "interview_num": 1090,
  "stats": {
    "average_score": 0.14056466798362882,
    "time_efficiency": 0.053245637746242115,
    "topic_performances": {
      "ds": 0.1392020788635504,
      "algo": 0.13084200743768817,
      "oops": 0.1515864062909336,
      "dbms": 0.0,
      "os": 0.0,
      "cn": 0.0,
      "system_design": 0.15747534491149645
    },
    "current_streak": 0,
    "difficulty_level": 1.0
  },
  "timestamp": "20250503_215904"
}