{
  "episode": 800,
  "epoch": 2,
  "mean_reward": 0.2609407061506562,
  "best_reward": 0.4567905254997499,
  "avg_reward_100": 0.22262621444095548,
  "avg_policy_loss_100": 0.00013095081881035,
  "avg_value_loss_100": 8.612337133967351,
  "timestamp": "20250507_112127"
}