{
  "episode": 1200,
  "epoch": 3,
  "mean_reward": 0.29316230021685036,
  "best_reward": 0.4567905254997499,
  "avg_reward_100": 0.2061524406158101,
  "avg_policy_loss_100": -5.7005292506417715e-05,
  "avg_value_loss_100": 8.503247655311357,
  "timestamp": "20250507_112200"
}