{
  "episode": 310,
  "epoch": 4,
  "mean_reward": 0.8680971940765876,
  "best_reward": 0.9066554298388896,
  "timestamp": "20250503_190638"
}