{
  "episode": 70,
  "epoch": 1,
  "mean_reward": 0.18855692742395685,
  "best_reward": 0.4567905254997499,
  "timestamp": "20250503_210856"
}