{
  "episode": 2430,
  "epoch": 5,
  "mean_reward": 0.2827584959183508,
  "best_reward": 0.4567905254997499,
  "timestamp": "20250503_220108"
}