{
  "interview_num": 230,
  "stats": {
    "average_score": 0.18809949280041846,
    "time_efficiency": 0.5170802516850502,
    "topic_performances": {
      "ds": 0.2096910540379072,
      "algo": 0.1487182477624587,
      "oops": 0.17669386048936525,
      "dbms": 0.0,
      "os": 0.0,
      "cn": 0.0,
      "system_design": 0.0
    },
    "current_streak": 0,
    "difficulty_level": 10.0
  },
  "timestamp": "20250503_213346"
}