{
  "interview_num": 740,
  "stats": {
    "average_score": 0.20161398838198813,
    "time_efficiency": 0.13099076777106505,
    "topic_performances": {
      "ds": 0.19844532628139416,
      "algo": 0.08784721604742682,
      "oops": 0.3600060859181018,
      "dbms": 0.0,
      "os": 0.0,
      "cn": 0.0,
      "system_design": 0.18784210931308037
    },
    "current_streak": 0,
    "difficulty_level": 1.0
  },
  "timestamp": "20250503_215837"
}