{
  "episode": 2170,
  "epoch": 5,
  "mean_reward": 0.19058228596933408,
  "best_reward": 0.4567905254997499,
  "timestamp": "20250503_220042"
}