{
  "episode": 1690,
  "epoch": 4,
  "mean_reward": 0.27166233619403196,
  "best_reward": 0.4567905254997499,
  "timestamp": "20250503_213538"
}