{
  "episode": 260,
  "epoch": 1,
  "mean_reward": 0.273877668093536,
  "best_reward": 0.44206984182377107,
  "avg_reward_100": 0.2155613767763401,
  "avg_policy_loss_100": 0.005958053302751043,
  "avg_value_loss_100": 8.972067156336344,
  "timestamp": "20250507_112045"
}