{
  "episode": 1530,
  "epoch": 4,
  "mean_reward": 0.11486971020264632,
  "best_reward": 0.4567905254997499,
  "avg_reward_100": 0.21616945962901024,
  "avg_policy_loss_100": 0.0002002901737747111,
  "avg_value_loss_100": 8.837114641117022,
  "timestamp": "20250507_112231"
}