{
  "interview_num": 2380,
  "stats": {
    "average_score": 0.13607024545839197,
    "time_efficiency": 0.21892894803691182,
    "topic_performances": {
      "ds": 0.11521171964557807,
      "algo": 0.17518818734417563,
      "oops": 0.09509332206917194,
      "dbms": 0.0,
      "os": 0.0,
      "cn": 0.0,
      "system_design": 0.20422276740714296
    },
    "current_streak": 0,
    "difficulty_level": 1.0
  },
  "timestamp": "20250503_213639"
}