{
  "interview_num": 270,
  "stats": {
    "average_score": 0.23093980796369032,
    "time_efficiency": 0.45435479877370843,
    "topic_performances": {
      "ds": 0.10400190750047959,
      "algo": 0.42241288981117336,
      "oops": 0.10258026596359032,
      "dbms": 0.0,
      "os": 0.0,
      "cn": 0.0,
      "system_design": 0.0
    },
    "current_streak": 0,
    "difficulty_level": 4.091026082801515
  },
  "timestamp": "20250503_210908"
}