{
  "interview_num": 1140,
  "stats": {
    "average_score": 0.11061386432287368,
    "time_efficiency": 0.18438146243582762,
    "topic_performances": {
      "ds": 0.1173948130428855,
      "algo": 0.11556120713533202,
      "oops": 0.09210864813032157,
      "dbms": 0.15439719730812995,
      "os": 0.0,
      "cn": 0.0,
      "system_design": 0.0
    },
    "current_streak": 0,
    "difficulty_level": 1.0
  },
  "timestamp": "20250503_215909"
}