{
  "episode": 1420,
  "epoch": 3,
  "mean_reward": 0.17903393713786803,
  "best_reward": 0.4567905254997499,
  "timestamp": "20250503_213514"
}