{
  "episode": 2070,
  "epoch": 5,
  "mean_reward": 0.2072081555011321,
  "best_reward": 0.4567905254997499,
  "avg_reward_100": 0.2075407453007575,
  "avg_policy_loss_100": 0.00017446090260442028,
  "avg_value_loss_100": 8.518411062978164,
  "timestamp": "20250507_112327"
}