{
  "episode": 650,
  "epoch": 2,
  "mean_reward": 0.1965823787539243,
  "best_reward": 0.4567905254997499,
  "timestamp": "20250503_213415"
}