{
  "episode": 930,
  "epoch": 2,
  "mean_reward": 0.24783764846328085,
  "best_reward": 0.4567905254997499,
  "timestamp": "20250503_210957"
}