{
  "episode": 2310,
  "epoch": 5,
  "mean_reward": 0.33579524882340067,
  "best_reward": 0.4567905254997499,
  "avg_reward_100": 0.2245647161230054,
  "avg_policy_loss_100": 6.50035042126052e-05,
  "avg_value_loss_100": 8.53095065711774,
  "timestamp": "20250507_112354"
}