{
  "interview_num": 40,
  "stats": {
    "average_score": 0.27998342232046325,
    "time_efficiency": 0.05812958267693367,
    "topic_performances": {
      "ds": 0.30461189122857907,
      "algo": 0.31510941797653014,
      "oops": 0.1552257298181221,
      "dbms": 0.0,
      "os": 0.0,
      "cn": 0.0,
      "system_design": 0.0
    },
    "current_streak": 0,
    "difficulty_level": 1.0
  },
  "timestamp": "20250503_213334"
}