{
  "episode": 560,
  "epoch": 2,
  "mean_reward": 0.13712134161137957,
  "best_reward": 0.4567905254997499,
  "avg_reward_100": 0.20841204950651523,
  "avg_policy_loss_100": -1.7355794651037663e-05,
  "avg_value_loss_100": 8.74654389193418,
  "timestamp": "20250507_112108"
}