{
  "episode": 1950,
  "epoch": 4,
  "mean_reward": 0.2011203223427574,
  "best_reward": 0.4567905254997499,
  "avg_reward_100": 0.2135748236197224,
  "avg_policy_loss_100": 0.00015038572094691537,
  "avg_value_loss_100": 8.63395628215383,
  "timestamp": "20250507_112313"
}