{
  "episode": 350,
  "epoch": 1,
  "mean_reward": 0.16951299712818152,
  "best_reward": 0.4567905254997499,
  "timestamp": "20250503_213354"
}