{
  "episode": 2370,
  "epoch": 5,
  "mean_reward": 0.1705321990255062,
  "best_reward": 0.4567905254997499,
  "timestamp": "20250503_220102"
}