{
  "episode": 2180,
  "epoch": 5,
  "mean_reward": 0.18684838043836227,
  "best_reward": 0.4567905254997499,
  "timestamp": "20250503_211149"
}