{
  "episode": 1440,
  "epoch": 3,
  "mean_reward": 0.2977773103312297,
  "best_reward": 0.4567905254997499,
  "timestamp": "20250503_213516"
}