{
  "episode": 990,
  "epoch": 2,
  "mean_reward": 0.1999454697996125,
  "best_reward": 0.4567905254997499,
  "timestamp": "20250503_213440"
}