{
  "final_stats": {
    "average_score": 0.3821132070053289,
    "time_efficiency": 0.2747589027659617,
    "topic_performances": {
      "ds": 0.3700887218839294,
      "algo": 0.3662519461950309,
      "oops": 0.41272818941452677,
      "dbms": 0.0,
      "os": 0.0,
      "cn": 0.0,
      "system_design": 0.0
    },
    "current_streak": 0,
    "difficulty_level": 1.0
  },
  "mean_reward": 0.3821132070053289,
  "policy_loss": 0.013105301628898735,
  "value_loss": 1.0,
  "timestamp": "20250503_215752"
}