{
  "interview_num": 1450,
  "stats": {
    "average_score": 0.1402829765187541,
    "time_efficiency": 0.4520731699234994,
    "topic_performances": {
      "ds": 0.13045279414754704,
      "algo": 0.1041463996320576,
      "oops": 0.24536969229230587,
      "dbms": 0.0,
      "os": 0.0,
      "cn": 0.0,
      "system_design": 0.0
    },
    "current_streak": 0,
    "difficulty_level": 1.0
  },
  "timestamp": "20250503_213517"
}