{
  "interview_num": 2480,
  "stats": {
    "average_score": 0.12161581868099061,
    "time_efficiency": 0.48067461404992284,
    "topic_performances": {
      "ds": 0.08536962067059158,
      "algo": 0.1506874659057118,
      "oops": 0.10330599763478604,
      "dbms": 0.0,
      "os": 0.0,
      "cn": 0.0,
      "system_design": 0.0
    },
    "current_streak": 0,
    "difficulty_level": 10.0
  },
  "timestamp": "20250503_213648"
}