{
  "episode": 1840,
  "epoch": 4,
  "mean_reward": 0.14620160517632602,
  "best_reward": 0.4567905254997499,
  "timestamp": "20250503_220011"
}