{
  "episode": 1350,
  "epoch": 3,
  "mean_reward": 0.3753185143906633,
  "best_reward": 0.4567905254997499,
  "timestamp": "20250503_213508"
}