{
  "interview_num": 1080,
  "stats": {
    "average_score": 0.15051295086055647,
    "time_efficiency": 0.2621767671715006,
    "topic_performances": {
      "ds": 0.21448066854989475,
      "algo": 0.1602735405076408,
      "oops": 0.09738665877966898,
      "dbms": 0.0,
      "os": 0.0,
      "cn": 0.0,
      "system_design": 0.0
    },
    "current_streak": 0,
    "difficulty_level": 1.0
  },
  "timestamp": "20250503_211009"
}