{
  "episode": 1250,
  "epoch": 3,
  "mean_reward": 0.12146491363755345,
  "best_reward": 0.4567905254997499,
  "avg_reward_100": 0.20896875918558722,
  "avg_policy_loss_100": -3.3578876894313547e-06,
  "avg_value_loss_100": 8.495436536544823,
  "timestamp": "20250507_112205"
}