{
  "episode": 1550,
  "epoch": 4,
  "mean_reward": 0.26233320491429424,
  "best_reward": 0.4567905254997499,
  "avg_reward_100": 0.21488395932341706,
  "avg_policy_loss_100": 0.00021712439545340235,
  "avg_value_loss_100": 8.89688134767393,
  "timestamp": "20250507_112233"
}