{
  "episode": 690,
  "epoch": 2,
  "mean_reward": 0.24414205295838656,
  "best_reward": 0.4567905254997499,
  "timestamp": "20250503_215834"
}