{
  "episode": 2130,
  "epoch": 5,
  "mean_reward": 0.1337939936389167,
  "best_reward": 0.4567905254997499,
  "timestamp": "20250503_220038"
}