{
  "episode": 2240,
  "epoch": 5,
  "mean_reward": 0.17533011511081587,
  "best_reward": 0.4567905254997499,
  "timestamp": "20250503_220049"
}