{
  "episode": 1210,
  "epoch": 3,
  "mean_reward": 0.14689955293499687,
  "best_reward": 0.4567905254997499,
  "timestamp": "20250503_215915"
}