{
  "episode": 2140,
  "epoch": 5,
  "mean_reward": 0.15895064921916435,
  "best_reward": 0.4567905254997499,
  "timestamp": "20250503_220039"
}