{
  "interview_num": 140,
  "stats": {
    "average_score": 0.16426180872581458,
    "time_efficiency": 0.3534888159105671,
    "topic_performances": {
      "ds": 0.2975909215899393,
      "algo": 0.10586538616032518,
      "oops": 0.15599367485924165,
      "dbms": 0.0,
      "os": 0.0,
      "cn": 0.0,
      "system_design": 0.0
    },
    "current_streak": 0,
    "difficulty_level": 4.220171543760809
  },
  "timestamp": "20250503_213339"
}