{
  "interview_num": 2410,
  "stats": {
    "average_score": 0.24393911540403942,
    "time_efficiency": 0.2775311038354724,
    "topic_performances": {
      "ds": 0.315461210111575,
      "algo": 0.1279687943782284,
      "oops": 0.07392690678171168,
      "dbms": 0.27080128542929244,
      "os": 0.0,
      "cn": 0.0,
      "system_design": 0.0
    },
    "current_streak": 0,
    "difficulty_level": 1.0
  },
  "timestamp": "20250503_220106"
}