{
  "final_stats": {
    "average_score": 0.8295928342532706,
    "time_efficiency": 0.5562605134582794,
    "topic_performances": {
      "ds": 0.7648698106580325,
      "algo": 0.6873018764926704,
      "oops": 0.9225829126851033,
      "dbms": 0.8329262510141526,
      "os": 0.0,
      "cn": 0.8676510104223415,
      "system_design": 0.8088217249966908
    },
    "current_streak": 10,
    "difficulty_level": 1.0
  },
  "mean_reward": 0.8295928342532706,
  "policy_loss": 0.005926087388206524,
  "value_loss": 17876353745446.81,
  "timestamp": "20250503_185831"
}