{
  "episode": 1890,
  "epoch": 4,
  "mean_reward": 0.2748199728884374,
  "best_reward": 0.4567905254997499,
  "avg_reward_100": 0.2064086809171506,
  "avg_policy_loss_100": 0.00019291450011348586,
  "avg_value_loss_100": 8.467028542618179,
  "timestamp": "20250507_112306"
}