{
  "episode": 1560,
  "epoch": 4,
  "mean_reward": 0.1602343573674395,
  "best_reward": 0.4567905254997499,
  "avg_reward_100": 0.2150424652907918,
  "avg_policy_loss_100": 0.00022122361636229442,
  "avg_value_loss_100": 8.915738590476193,
  "timestamp": "20250507_112234"
}