{
  "episode": 2230,
  "epoch": 5,
  "mean_reward": 0.13723843353819234,
  "best_reward": 0.4567905254997499,
  "timestamp": "20250503_211154"
}