{
  "final_stats": {
    "average_score": 0.4567905254997499,
    "time_efficiency": 0.47279072380025733,
    "topic_performances": {
      "ds": 0.5086402452702179,
      "algo": 0.48065300544675504,
      "oops": 0.408235587542927,
      "dbms": 0.14652218493975494,
      "os": 0.0,
      "cn": 0.0,
      "system_design": 0.0
    },
    "current_streak": 0,
    "difficulty_level": 10.0
  },
  "mean_reward": 0.4567905254997499,
  "policy_loss": 0.1203721146876838,
  "value_loss": 1.0,
  "timestamp": "20250503_213332"
}