{
  "interview_num": 1950,
  "stats": {
    "average_score": 0.23828176048616362,
    "time_efficiency": 0.1387964496757457,
    "topic_performances": {
      "ds": 0.3289299896638873,
      "algo": 0.24226231336754714,
      "oops": 0.1287305026521952,
      "dbms": 0.0,
      "os": 0.0,
      "cn": 0.14265324267638385,
      "system_design": 0.0
    },
    "current_streak": 0,
    "difficulty_level": 1.0
  },
  "timestamp": "20250503_220021"
}