{
  "episode": 2370,
  "epoch": 5,
  "mean_reward": 0.16426180872581458,
  "best_reward": 0.4567905254997499,
  "timestamp": "20250503_211207"
}