{
  "episode": 730,
  "epoch": 2,
  "mean_reward": 0.24393911540403942,
  "best_reward": 0.4567905254997499,
  "timestamp": "20250503_210941"
}