{
  "interview_num": 1980,
  "stats": {
    "average_score": 0.28037505192851764,
    "time_efficiency": 0.4547806407977907,
    "topic_performances": {
      "ds": 0.099711958563316,
      "algo": 0.23177154605201306,
      "oops": 0.4932139587326077,
      "dbms": 0.0,
      "os": 0.0,
      "cn": 0.0,
      "system_design": 0.4617177167300628
    },
    "current_streak": 0,
    "difficulty_level": 10.0
  },
  "timestamp": "20250503_213604"
}