{
  "episode": 420,
  "epoch": 1,
  "mean_reward": 0.2528058023818187,
  "best_reward": 0.44814499888987414,
  "avg_reward_100": 0.21655772920670768,
  "avg_policy_loss_100": -1.5334656926460887e-05,
  "avg_value_loss_100": 8.771303186836644,
  "timestamp": "20250507_112057"
}