{
  "episode": 840,
  "epoch": 2,
  "mean_reward": 0.2834506766091488,
  "best_reward": 0.4567905254997499,
  "timestamp": "20250503_210950"
}