{
  "episode": 680,
  "epoch": 2,
  "mean_reward": 0.27631105889882857,
  "best_reward": 0.4567905254997499,
  "timestamp": "20250503_210937"
}