{
  "interview_num": 2330,
  "stats": {
    "average_score": 0.2631855131856806,
    "time_efficiency": 0.3306722159049397,
    "topic_performances": {
      "ds": 0.40290251044901365,
      "algo": 0.4576986033868003,
      "oops": 0.1015500787472329,
      "dbms": 0.0,
      "os": 0.0,
      "cn": 0.0,
      "system_design": 0.0
    },
    "current_streak": 0,
    "difficulty_level": 6.560605930310391
  },
  "timestamp": "20250503_211203"
}