{
  "interview_num": 1670,
  "stats": {
    "average_score": 0.18542350217520806,
    "time_efficiency": 0.34359916113230027,
    "topic_performances": {
      "ds": 0.10760380642688532,
      "algo": 0.3847687351619296,
      "oops": 0.21953735643345482,
      "dbms": 0.0,
      "os": 0.0,
      "cn": 0.0,
      "system_design": 0.0
    },
    "current_streak": 0,
    "difficulty_level": 10.0
  },
  "timestamp": "20250503_213536"
}