{
  "episode": 600,
  "epoch": 2,
  "mean_reward": 0.1250604556149933,
  "best_reward": 0.4567905254997499,
  "timestamp": "20250503_215827"
}