{
  "episode": 190,
  "epoch": 2,
  "mean_reward": 0.7338097108712148,
  "best_reward": 0.9066554298388896,
  "timestamp": "20250503_190629"
}