{
  "interview_num": 1460,
  "stats": {
    "average_score": 0.259561116462379,
    "time_efficiency": 0.35020205682186634,
    "topic_performances": {
      "ds": 0.21026200590842895,
      "algo": 0.3632235000640797,
      "oops": 0.11965655082884442,
      "dbms": 0.0,
      "os": 0.0,
      "cn": 0.0,
      "system_design": 0.0
    },
    "current_streak": 0,
    "difficulty_level": 1.0
  },
  "timestamp": "20250503_213518"
}