{
  "episode": 2060,
  "epoch": 5,
  "mean_reward": 0.25943420210263657,
  "best_reward": 0.4567905254997499,
  "timestamp": "20250503_211138"
}