{
  "episode": 490,
  "epoch": 1,
  "mean_reward": 0.23843096414629925,
  "best_reward": 0.4567905254997499,
  "timestamp": "20250503_213403"
}