{
  "interview_num": 400,
  "stats": {
    "average_score": 0.1316399847799486,
    "time_efficiency": 0.4149372014948902,
    "topic_performances": {
      "ds": 0.11241674013790023,
      "algo": 0.1083208457743983,
      "oops": 0.16504169466667873,
      "dbms": 0.16725379478955826,
      "os": 0.0,
      "cn": 0.0,
      "system_design": 0.0
    },
    "current_streak": 0,
    "difficulty_level": 10.0
  },
  "timestamp": "20250503_210917"
}