{
  "interview_num": 1080,
  "stats": {
    "average_score": 0.26845247559184526,
    "time_efficiency": 0.4765466522500389,
    "topic_performances": {
      "ds": 0.3512811051107529,
      "algo": 0.10305138671182583,
      "oops": 0.3094825351146053,
      "dbms": 0.0,
      "os": 0.0,
      "cn": 0.0,
      "system_design": 0.0
    },
    "current_streak": 0,
    "difficulty_level": 1.0
  },
  "timestamp": "20250503_213447"
}