{
  "episode": 360,
  "epoch": 4,
  "mean_reward": 0.8059692067691238,
  "best_reward": 0.9066554298388896,
  "timestamp": "20250503_190641"
}