{
  "episode": 1260,
  "epoch": 3,
  "mean_reward": 0.1719811850564047,
  "best_reward": 0.4567905254997499,
  "avg_reward_100": 0.2090156432331475,
  "avg_policy_loss_100": 8.676110327270826e-06,
  "avg_value_loss_100": 8.414888684816821,
  "timestamp": "20250507_112206"
}