{
  "total_episodes": 278,
  "epoch": 1,
  "epoch_episode": 278,
  "actor_loss": 4.4408920985006264e-17,
  "value_loss": 1.0,
  "mean_reward": 0.2733303681996224,
  "topic_performance": {
    "ds": 0.3211026692744512,
    "algo": 0.1595005637278512,
    "oops": 0.43623661349047643,
    "dbms": 0.0,
    "os": 0.1443862480644874,
    "cn": 0.0,
    "system_design": 0.0
  }
}