{
  "total_episodes": 665,
  "epoch": 2,
  "epoch_episode": 165,
  "average_score": 0.31174960566882276,
  "time_efficiency": 0.5073925847810375,
  "current_streak": 0,
  "difficulty_level": 10.0,
  "topic_performances": {
    "ds": 0.09894481978471958,
    "algo": 0.45848500398987957,
    "oops": 0.30883028102982985,
    "dbms": 0.0,
    "os": 0.0,
    "cn": 0.0,
    "system_design": 0.0
  }
}