{
  "total_episodes": 925,
  "epoch": 2,
  "epoch_episode": 425,
  "average_score": 0.23008995900100304,
  "time_efficiency": 0.3057819392713162,
  "current_streak": 0,
  "difficulty_level": 10.0,
  "topic_performances": {
    "ds": 0.28430289118829527,
    "algo": 0.17889510898503916,
    "oops": 0.0,
    "dbms": 0.0,
    "os": 0.0,
    "cn": 0.1638046981283974,
    "system_design": 0.0
  }
}