{
  "total_episodes": 730,
  "epoch": 2,
  "epoch_episode": 230,
  "average_score": 0.1855866014181883,
  "time_efficiency": 0.47500718158119926,
  "current_streak": 0,
  "difficulty_level": 10.0,
  "topic_performances": {
    "ds": 0.15641101685644523,
    "algo": 0.10974150671844041,
    "oops": 0.4189627150101727,
    "dbms": 0.0,
    "os": 0.0,
    "cn": 0.0,
    "system_design": 0.0
  }
}