{
  "total_episodes": 1115,
  "epoch": 3,
  "epoch_episode": 115,
  "average_score": 0.2939355559563145,
  "time_efficiency": 0.4312867949089945,
  "current_streak": 0,
  "difficulty_level": 10.0,
  "topic_performances": {
    "ds": 0.4199275294238697,
    "algo": 0.20674653867395626,
    "oops": 0.2154975946783564,
    "dbms": 0.0,
    "os": 0.0,
    "cn": 0.0,
    "system_design": 0.1996595804846843
  }
}