{
  "total_episodes": 1922,
  "epoch": 4,
  "epoch_episode": 422,
  "actor_loss": -0.010897383831322705,
  "value_loss": 1.0,
  "mean_reward": 0.1467633922228749,
  "topic_performance": {
    "ds": 0.09152303797573028,
    "algo": 0.3165724664219425,
    "oops": 0.11709920937048568,
    "dbms": 0.0,
    "os": 0.0,
    "cn": 0.0,
    "system_design": 0.0
  }
}