{
  "total_episodes": 496,
  "epoch": 1,
  "epoch_episode": 496,
  "actor_loss": -0.04627479041368805,
  "value_loss": 1.0,
  "mean_reward": 0.17038230526352668,
  "topic_performance": {
    "ds": 0.2958858378520483,
    "algo": 0.10363998649978941,
    "oops": 0.11529332869615755,
    "dbms": 0.0,
    "os": 0.0,
    "cn": 0.15936559349128102,
    "system_design": 0.0
  }
}