{
  "total_episodes": 100,
  "epoch": 1,
  "epoch_episode": 100,
  "average_score": 0.11399419927554018,
  "time_efficiency": 0.015061490396052446,
  "current_streak": 0,
  "difficulty_level": 1.0,
  "topic_performances": {
    "ds": 0.08363786522553003,
    "algo": 0.12970004937520668,
    "oops": 0.10509260650433608,
    "dbms": 0.0,
    "os": 0.0,
    "cn": 0.14174094688257105,
    "system_design": 0.0
  }
}