{
  "total_episodes": 910,
  "epoch": 2,
  "epoch_episode": 410,
  "average_score": 0.178865265905482,
  "time_efficiency": 0.07489483441274222,
  "current_streak": 0,
  "difficulty_level": 1.0,
  "topic_performances": {
    "ds": 0.09503089973586004,
    "algo": 0.31974660140174627,
    "oops": 0.132667875890111,
    "dbms": 0.0,
    "os": 0.1463165279716679,
    "cn": 0.0,
    "system_design": 0.0
  }
}