{
  "total_episodes": 1346,
  "epoch": 3,
  "epoch_episode": 346,
  "actor_loss": -6.661338147750939e-17,
  "value_loss": 1.0,
  "mean_reward": 0.16378004168078308,
  "topic_performance": {
    "ds": 0.07402387167681027,
    "algo": 0.272277690606754,
    "oops": 0.2148030098110588,
    "dbms": 0.15274051945390543,
    "os": 0.0,
    "cn": 0.0,
    "system_design": 0.0
  }
}