{
  "total_episodes": 578,
  "epoch": 2,
  "epoch_episode": 78,
  "actor_loss": -0.0,
  "value_loss": 1.0,
  "mean_reward": 0.1976637061038826,
  "topic_performance": {
    "ds": 0.0704207437983719,
    "algo": 0.11354947835550011,
    "oops": 0.39027229293191845,
    "dbms": 0.0,
    "os": 0.0,
    "cn": 0.0,
    "system_design": 0.16765204666719824
  }
}