{
  "total_episodes": 819,
  "epoch": 2,
  "epoch_episode": 319,
  "actor_loss": -0.04032222902706954,
  "value_loss": 1.0,
  "mean_reward": 0.18988906142899897,
  "topic_performance": {
    "ds": 0.19048470356116842,
    "algo": 0.32941679579534255,
    "oops": 0.10593416395632509,
    "dbms": 0.0,
    "os": 0.0,
    "cn": 0.0,
    "system_design": 0.0
  }
}