{
  "total_episodes": 1791,
  "epoch": 4,
  "epoch_episode": 291,
  "actor_loss": 0.08346131770307588,
  "value_loss": 1.0,
  "mean_reward": 0.26845247559184526,
  "topic_performance": {
    "ds": 0.3512811051107529,
    "algo": 0.10305138671182583,
    "oops": 0.3094825351146053,
    "dbms": 0.0,
    "os": 0.0,
    "cn": 0.0,
    "system_design": 0.0
  }
}