{
  "total_episodes": 410,
  "epoch": 1,
  "epoch_episode": 410,
  "average_score": 0.274286560870659,
  "time_efficiency": 0.3435294754601431,
  "current_streak": 0,
  "difficulty_level": 1.0,
  "topic_performances": {
    "ds": 0.2315405961404936,
    "algo": 0.46280445439173395,
    "oops": 0.23543550770497995,
    "dbms": 0.0,
    "os": 0.1769979691172347,
    "cn": 0.0,
    "system_design": 0.0
  }
}