{
  "total_episodes": 2390,
  "epoch": 5,
  "epoch_episode": 390,
  "actor_loss": 0.04995243432720298,
  "value_loss": 1.0,
  "mean_reward": 0.21320699210602373,
  "topic_performance": {
    "ds": 0.13136322471526532,
    "algo": 0.20584714801577764,
    "oops": 0.29030211702029846,
    "dbms": 0.16507748280169243,
    "os": 0.0,
    "cn": 0.0,
    "system_design": 0.0
  }
}