{
  "total_episodes": 2334,
  "epoch": 5,
  "epoch_episode": 334,
  "actor_loss": -4.4408920985006264e-17,
  "value_loss": 1.0,
  "mean_reward": 0.24585809427601352,
  "topic_performance": {
    "ds": 0.12169375367057231,
    "algo": 0.2843865984244872,
    "oops": 0.4271129925194331,
    "dbms": 0.0,
    "os": 0.0,
    "cn": 0.0,
    "system_design": 0.0
  }
}