{
  "total_episodes": 1900,
  "epoch": 4,
  "epoch_episode": 400,
  "average_score": 0.2615284164089168,
  "time_efficiency": 0.3469855474219566,
  "current_streak": 0,
  "difficulty_level": 1.0,
  "topic_performances": {
    "ds": 0.14627357804927257,
    "algo": 0.35608487116054305,
    "oops": 0.27705220411493015,
    "dbms": 0.0,
    "os": 0.0,
    "cn": 0.0,
    "system_design": 0.0
  }
}