{
  "total_episodes": 2037,
  "epoch": 5,
  "epoch_episode": 37,
  "actor_loss": -4.4408920985006264e-17,
  "value_loss": 1.0,
  "mean_reward": 0.1682130107226102,
  "topic_performance": {
    "ds": 0.1149334063641211,
    "algo": 0.10417399878078176,
    "oops": 0.3068779643368705,
    "dbms": 0.0,
    "os": 0.0,
    "cn": 0.0,
    "system_design": 0.0
  }
}