{
  "total_episodes": 1901,
  "epoch": 4,
  "epoch_episode": 401,
  "actor_loss": 0.03749666408500048,
  "value_loss": 1.0,
  "mean_reward": 0.3297335484318971,
  "topic_performance": {
    "ds": 0.233747865864626,
    "algo": 0.13734796202992855,
    "oops": 0.4371434979709301,
    "dbms": 0.0,
    "os": 0.0,
    "cn": 0.27302643484051436,
    "system_design": 0.0
  }
}