{
  "total_episodes": 1592,
  "epoch": 4,
  "epoch_episode": 92,
  "actor_loss": -0.0309597746281143,
  "value_loss": 1.0,
  "mean_reward": 0.3249575465219111,
  "topic_performance": {
    "ds": 0.4177253314857482,
    "algo": 0.0,
    "oops": 0.2256208511009587,
    "dbms": 0.2584654033865357,
    "os": 0.0,
    "cn": 0.0,
    "system_design": 0.0
  }
}