{
  "total_episodes": 1399,
  "epoch": 3,
  "epoch_episode": 399,
  "actor_loss": -2.2204460492503132e-17,
  "value_loss": 1.0,
  "mean_reward": 0.15895064921916435,
  "topic_performance": {
    "ds": 0.12051655963266783,
    "algo": 0.0,
    "oops": 0.19738473880566085,
    "dbms": 0.0,
    "os": 0.0,
    "cn": 0.0,
    "system_design": 0.0
  }
}