{
  "total_episodes": 420,
  "epoch": 1,
  "epoch_episode": 420,
  "average_score": 0.1316399847799486,
  "time_efficiency": 0.28564256338013344,
  "current_streak": 0,
  "difficulty_level": 5.056063333045803,
  "topic_performances": {
    "ds": 0.11241674013790023,
    "algo": 0.1083208457743983,
    "oops": 0.16504169466667873,
    "dbms": 0.16725379478955826,
    "os": 0.0,
    "cn": 0.0,
    "system_design": 0.0
  }
}