{
  "total_episodes": 2039,
  "epoch": 5,
  "epoch_episode": 39,
  "actor_loss": 0.02638376301748706,
  "value_loss": 1.0,
  "mean_reward": 0.3730435090926606,
  "topic_performance": {
    "ds": 0.3955995293289354,
    "algo": 0.32409316846859554,
    "oops": 0.3933913053725897,
    "dbms": 0.0,
    "os": 0.0,
    "cn": 0.0,
    "system_design": 0.0
  }
}