{
  "total_episodes": 1450,
  "epoch": 3,
  "epoch_episode": 450,
  "actor_loss": 0.05081930328485189,
  "value_loss": 1.0,
  "mean_reward": 0.1402829765187541,
  "topic_performance": {
    "ds": 0.13045279414754704,
    "algo": 0.1041463996320576,
    "oops": 0.24536969229230587,
    "dbms": 0.0,
    "os": 0.0,
    "cn": 0.0,
    "system_design": 0.0
  }
}