{
  "total_episodes": 2146,
  "epoch": 5,
  "epoch_episode": 146,
  "actor_loss": -1.1102230246251565e-16,
  "value_loss": 1.0,
  "mean_reward": 0.20625690012392112,
  "topic_performance": {
    "ds": 0.12651656184102353,
    "algo": 0.2995193838304716,
    "oops": 0.09271119828189124,
    "dbms": 0.0,
    "os": 0.0,
    "cn": 0.0,
    "system_design": 0.0
  }
}