{
  "total_episodes": 2380,
  "epoch": 5,
  "epoch_episode": 380,
  "average_score": 0.13607024545839197,
  "time_efficiency": 0.21892894803691182,
  "current_streak": 0,
  "difficulty_level": 1.0,
  "topic_performances": {
    "ds": 0.11521171964557807,
    "algo": 0.17518818734417563,
    "oops": 0.09509332206917194,
    "dbms": 0.0,
    "os": 0.0,
    "cn": 0.0,
    "system_design": 0.20422276740714296
  }
}