{
  "total_episodes": 2275,
  "epoch": 5,
  "epoch_episode": 275,
  "average_score": 0.18043776053135482,
  "time_efficiency": 0.28713798112566097,
  "current_streak": 0,
  "difficulty_level": 1.0,
  "topic_performances": {
    "ds": 0.21726203690004034,
    "algo": 0.10522233838205243,
    "oops": 0.20120020283359458,
    "dbms": 0.0,
    "os": 0.0,
    "cn": 0.0,
    "system_design": 0.0
  }
}