{
  "total_episodes": 1020,
  "epoch": 3,
  "epoch_episode": 20,
  "average_score": 0.21290167475028535,
  "time_efficiency": 0.4440275010148116,
  "current_streak": 0,
  "difficulty_level": 6.793600411988467,
  "topic_performances": {
    "ds": 0.08900952899098767,
    "algo": 0.25825500614392466,
    "oops": 0.0,
    "dbms": 0.0,
    "os": 0.0,
    "cn": 0.0,
    "system_design": 0.1432126465134056
  }
}