{
  "total_episodes": 1898,
  "epoch": 4,
  "epoch_episode": 398,
  "actor_loss": -0.010971427153141922,
  "value_loss": 1.0,
  "mean_reward": 0.13560763695453606,
  "topic_performance": {
    "ds": 0.09969867391814155,
    "algo": 0.25829747665859587,
    "oops": 0.0948728645611961,
    "dbms": 0.0,
    "os": 0.0,
    "cn": 0.1560681268720145,
    "system_design": 0.0
  }
}