{
  "total_episodes": 920,
  "epoch": 2,
  "epoch_episode": 420,
  "average_score": 0.21675238077211997,
  "time_efficiency": 0.3923929777305399,
  "current_streak": 0,
  "difficulty_level": 10.0,
  "topic_performances": {
    "ds": 0.11942141217702085,
    "algo": 0.45693821305239474,
    "oops": 0.0852096032878536,
    "dbms": 0.14860431328022525,
    "os": 0.0,
    "cn": 0.0,
    "system_design": 0.0
  }
}