{
  "total_episodes": 305,
  "epoch": 1,
  "epoch_episode": 305,
  "average_score": 0.1655836728166365,
  "time_efficiency": 0.04170234534470305,
  "current_streak": 0,
  "difficulty_level": 1.0,
  "topic_performances": {
    "ds": 0.10886645105822562,
    "algo": 0.14266677834310457,
    "oops": 0.24150999792263658,
    "dbms": 0.0,
    "os": 0.0,
    "cn": 0.0,
    "system_design": 0.14290671890958562
  }
}