{
  "total_episodes": 1820,
  "epoch": 4,
  "epoch_episode": 320,
  "average_score": 0.21502674257535212,
  "time_efficiency": 0.28389715007637983,
  "current_streak": 0,
  "difficulty_level": 10.0,
  "topic_performances": {
    "ds": 0.11462225607321122,
    "algo": 0.5485129005993981,
    "oops": 0.22538319626951048,
    "dbms": 0.0,
    "os": 0.24173271578323607,
    "cn": 0.0,
    "system_design": 0.0
  }
}