{
  "total_episodes": 1315,
  "epoch": 3,
  "epoch_episode": 315,
  "average_score": 0.302015027811662,
  "time_efficiency": 0.0769951550479029,
  "current_streak": 0,
  "difficulty_level": 1.0,
  "topic_performances": {
    "ds": 0.3269622085603331,
    "algo": 0.34451842039774555,
    "oops": 0.20420211064663746,
    "dbms": 0.14758186347507993,
    "os": 0.0,
    "cn": 0.0,
    "system_design": 0.0
  }
}