{
  "total_episodes": 1112,
  "epoch": 3,
  "epoch_episode": 112,
  "actor_loss": -0.03934158137442292,
  "value_loss": 1.0,
  "mean_reward": 0.2631855131856806,
  "topic_performance": {
    "ds": 0.40290251044901365,
    "algo": 0.4576986033868003,
    "oops": 0.1015500787472329,
    "dbms": 0.0,
    "os": 0.0,
    "cn": 0.0,
    "system_design": 0.0
  }
}