{
  "total_episodes": 1235,
  "epoch": 3,
  "epoch_episode": 235,
  "average_score": 0.14804699263748272,
  "time_efficiency": 0.2841770865637069,
  "current_streak": 0,
  "difficulty_level": 10.0,
  "topic_performances": {
    "ds": 0.10351863816466758,
    "algo": 0.2949153781231858,
    "oops": 0.11914115436744635,
    "dbms": 0.0,
    "os": 0.0,
    "cn": 0.0,
    "system_design": 0.0
  }
}