{
  "total_episodes": 1440,
  "epoch": 3,
  "epoch_episode": 440,
  "actor_loss": 2.2204460492503132e-17,
  "value_loss": 1.0,
  "mean_reward": 0.2977773103312297,
  "topic_performance": {
    "ds": 0.5156450446726137,
    "algo": 0.14962411536659947,
    "oops": 0.16494183137234414,
    "dbms": 0.0,
    "os": 0.0,
    "cn": 0.15175463178310045,
    "system_design": 0.0
  }
}