{
  "total_episodes": 1273,
  "epoch": 3,
  "epoch_episode": 273,
  "actor_loss": 0.09572879047992396,
  "value_loss": 1.0,
  "mean_reward": 0.18641630502454265,
  "topic_performance": {
    "ds": 0.10290203315073111,
    "algo": 0.3161689470677439,
    "oops": 0.22087371013758683,
    "dbms": 0.0,
    "os": 0.0,
    "cn": 0.0,
    "system_design": 0.15759589309425387
  }
}