{
  "total_episodes": 2144,
  "epoch": 5,
  "epoch_episode": 144,
  "actor_loss": 0.129863510421085,
  "value_loss": 1.0,
  "mean_reward": 0.16924974499617063,
  "topic_performance": {
    "ds": 0.19386237817140056,
    "algo": 0.15261323429832957,
    "oops": 0.19841295587256774,
    "dbms": 0.0,
    "os": 0.0,
    "cn": 0.14488061038212183,
    "system_design": 0.0
  }
}