{
  "total_episodes": 760,
  "epoch": 2,
  "epoch_episode": 260,
  "average_score": 0.2795407821661946,
  "time_efficiency": 0.34124205057915474,
  "current_streak": 0,
  "difficulty_level": 10.0,
  "topic_performances": {
    "ds": 0.19770097505946876,
    "algo": 0.33922980049102625,
    "oops": 0.3102898766767511,
    "dbms": 0.33739484278321513,
    "os": 0.0,
    "cn": 0.0,
    "system_design": 0.0
  }
}