{
  "total_episodes": 15,
  "epoch": 1,
  "epoch_episode": 15,
  "average_score": 0.11658308616874638,
  "time_efficiency": 0.4605142365222622,
  "current_streak": 0,
  "difficulty_level": 10.0,
  "topic_performances": {
    "ds": 0.12823708584545032,
    "algo": 0.08758712205449891,
    "oops": 0.1366269234443515,
    "dbms": 0.0,
    "os": 0.0,
    "cn": 0.16590710664331526,
    "system_design": 0.0
  }
}