{
  "total_episodes": 1395,
  "epoch": 3,
  "epoch_episode": 395,
  "actor_loss": 0.07223325989103538,
  "value_loss": 1.0,
  "mean_reward": 0.2827584959183508,
  "topic_performance": {
    "ds": 0.4528387634466412,
    "algo": 0.16295341475038233,
    "oops": 0.17578988704859874,
    "dbms": 0.0,
    "os": 0.0,
    "cn": 0.0,
    "system_design": 0.0
  }
}