{
  "total_episodes": 1949,
  "epoch": 4,
  "epoch_episode": 449,
  "actor_loss": -2.2204460492503132e-17,
  "value_loss": 1.0,
  "mean_reward": 0.19113385309401093,
  "topic_performance": {
    "ds": 0.08543443911255977,
    "algo": 0.10793974126893342,
    "oops": 0.5320772726220863,
    "dbms": 0.1591217032825235,
    "os": 0.0,
    "cn": 0.0,
    "system_design": 0.0
  }
}