{
  "total_episodes": 2235,
  "epoch": 5,
  "epoch_episode": 235,
  "average_score": 0.24632479639743274,
  "time_efficiency": 0.23799499218140494,
  "current_streak": 0,
  "difficulty_level": 1.0,
  "topic_performances": {
    "ds": 0.2888232088541272,
    "algo": 0.23714398260122804,
    "oops": 0.25861079066322995,
    "dbms": 0.0,
    "os": 0.0,
    "cn": 0.1611932438714707,
    "system_design": 0.0
  }
}