{
  "total_episodes": 1930,
  "epoch": 4,
  "epoch_episode": 430,
  "average_score": 0.3426751933792062,
  "time_efficiency": 0.30330111308655305,
  "current_streak": 0,
  "difficulty_level": 1.0,
  "topic_performances": {
    "ds": 0.22874767437101698,
    "algo": 0.3171477373127528,
    "oops": 0.49063932047599995,
    "dbms": 0.0,
    "os": 0.0,
    "cn": 0.0,
    "system_design": 0.0
  }
}