{
  "total_episodes": 2259,
  "epoch": 5,
  "epoch_episode": 259,
  "actor_loss": 8.881784197001253e-17,
  "value_loss": 1.0,
  "mean_reward": 0.16766525039297706,
  "topic_performance": {
    "ds": 0.27393254239694925,
    "algo": 0.12847831942062743,
    "oops": 0.11660390459780648,
    "dbms": 0.143357034329263,
    "os": 0.0,
    "cn": 0.0,
    "system_design": 0.0
  }
}