{
  "total_episodes": 875,
  "epoch": 2,
  "epoch_episode": 375,
  "average_score": 0.2474505884115032,
  "time_efficiency": 0.4472095789486169,
  "current_streak": 0,
  "difficulty_level": 10.0,
  "topic_performances": {
    "ds": 0.12328079490400044,
    "algo": 0.2603297439621412,
    "oops": 0.3215761632942705,
    "dbms": 0.2364529389695369,
    "os": 0.0,
    "cn": 0.0,
    "system_design": 0.0
  }
}