{
  "total_episodes": 2204,
  "epoch": 5,
  "epoch_episode": 204,
  "actor_loss": 0.17688083024077988,
  "value_loss": 1.0,
  "mean_reward": 0.1619939211407823,
  "topic_performance": {
    "ds": 0.10602537023177165,
    "algo": 0.14705466825162744,
    "oops": 0.15925284778047494,
    "dbms": 0.0,
    "os": 0.0,
    "cn": 0.0,
    "system_design": 0.3053167160098025
  }
}