{
  "total_episodes": 2350,
  "epoch": 5,
  "epoch_episode": 350,
  "actor_loss": -4.4408920985006264e-17,
  "value_loss": 1.0,
  "mean_reward": 0.22596459409981637,
  "topic_performance": {
    "ds": 0.14971859905835339,
    "algo": 0.14903876298242177,
    "oops": 0.3410134227379424,
    "dbms": 0.0,
    "os": 0.0,
    "cn": 0.0,
    "system_design": 0.0
  }
}