{
  "total_episodes": 1737,
  "epoch": 4,
  "epoch_episode": 237,
  "actor_loss": 0.18334366653629228,
  "value_loss": 1.0,
  "mean_reward": 0.24892925118154893,
  "topic_performance": {
    "ds": 0.43092713123103643,
    "algo": 0.3646858044652893,
    "oops": 0.11992443254465916,
    "dbms": 0.0,
    "os": 0.0,
    "cn": 0.0,
    "system_design": 0.0
  }
}