{
  "total_episodes": 973,
  "epoch": 2,
  "epoch_episode": 473,
  "actor_loss": 0.12740834108823046,
  "value_loss": 1.0,
  "mean_reward": 0.20161398838198813,
  "topic_performance": {
    "ds": 0.19844532628139416,
    "algo": 0.08784721604742682,
    "oops": 0.3600060859181018,
    "dbms": 0.0,
    "os": 0.0,
    "cn": 0.0,
    "system_design": 0.18784210931308037
  }
}