{
  "total_episodes": 128,
  "epoch": 1,
  "epoch_episode": 128,
  "actor_loss": 8.881784197001253e-17,
  "value_loss": 1.0,
  "mean_reward": 0.31174960566882276,
  "topic_performance": {
    "ds": 0.09894481978471958,
    "algo": 0.45848500398987957,
    "oops": 0.30883028102982985,
    "dbms": 0.0,
    "os": 0.0,
    "cn": 0.0,
    "system_design": 0.0
  }
}