{
  "total_episodes": 1557,
  "epoch": 4,
  "epoch_episode": 57,
  "actor_loss": 0.015511636537826922,
  "value_loss": 1.0,
  "mean_reward": 0.335252936569692,
  "topic_performance": {
    "ds": 0.4273297724557183,
    "algo": 0.36927712136579643,
    "oops": 0.14110354629535268,
    "dbms": 0.0,
    "os": 0.0,
    "cn": 0.0,
    "system_design": 0.0
  }
}