{
  "total_episodes": 228,
  "epoch": 1,
  "epoch_episode": 228,
  "actor_loss": 0.01270597269040603,
  "value_loss": 1.0,
  "mean_reward": 0.19191652422384245,
  "topic_performance": {
    "ds": 0.2262459425361306,
    "algo": 0.325265801298669,
    "oops": 0.11566743206477555,
    "dbms": 0.0,
    "os": 0.0,
    "cn": 0.0,
    "system_design": 0.0
  }
}