{
  "total_episodes": 619,
  "epoch": 2,
  "epoch_episode": 119,
  "actor_loss": 2.2204460492503132e-17,
  "value_loss": 1.0,
  "mean_reward": 0.3412468048969069,
  "topic_performance": {
    "ds": 0.2301963215405429,
    "algo": 0.0,
    "oops": 0.4223693801222889,
    "dbms": 0.1876628036137063,
    "os": 0.0,
    "cn": 0.0,
    "system_design": 0.0
  }
}