{
  "total_episodes": 389,
  "epoch": 1,
  "epoch_episode": 389,
  "actor_loss": -0.0032839742665766282,
  "value_loss": 1.0,
  "mean_reward": 0.28302078647777396,
  "topic_performance": {
    "ds": 0.0,
    "algo": 0.45581631469299033,
    "oops": 0.11022525826255766,
    "dbms": 0.0,
    "os": 0.0,
    "cn": 0.0,
    "system_design": 0.0
  }
}