{
  "total_episodes": 2474,
  "epoch": 5,
  "epoch_episode": 474,
  "actor_loss": -0.05262678221932802,
  "value_loss": 1.0,
  "mean_reward": 0.30603889132421913,
  "topic_performance": {
    "ds": 0.26759982201939875,
    "algo": 0.22585417866259774,
    "oops": 0.40544313863825066,
    "dbms": 0.0,
    "os": 0.0,
    "cn": 0.0,
    "system_design": 0.0
  }
}