{
  "total_episodes": 1430,
  "epoch": 3,
  "epoch_episode": 430,
  "actor_loss": 0.04934191535808261,
  "value_loss": 1.0,
  "mean_reward": 0.11378192286236999,
  "topic_performance": {
    "ds": 0.0,
    "algo": 0.11913512710961695,
    "oops": 0.10575211649149957,
    "dbms": 0.0,
    "os": 0.0,
    "cn": 0.0,
    "system_design": 0.0
  }
}