{
  "total_episodes": 2247,
  "epoch": 5,
  "epoch_episode": 247,
  "actor_loss": 0.037839216575272804,
  "value_loss": 1.0,
  "mean_reward": 0.17190555249384568,
  "topic_performance": {
    "ds": 0.18931333117620266,
    "algo": 0.2672988454702107,
    "oops": 0.10770646523508384,
    "dbms": 0.0,
    "os": 0.0,
    "cn": 0.0,
    "system_design": 0.0
  }
}