{
  "total_episodes": 1118,
  "epoch": 3,
  "epoch_episode": 118,
  "actor_loss": -0.06068149742188973,
  "value_loss": 1.0,
  "mean_reward": 0.1870183855439363,
  "topic_performance": {
    "ds": 0.13082545263050044,
    "algo": 0.2266016154925377,
    "oops": 0.15850829090522456,
    "dbms": 0.0,
    "os": 0.0,
    "cn": 0.0,
    "system_design": 0.0
  }
}