{
  "total_episodes": 130,
  "epoch": 1,
  "epoch_episode": 130,
  "average_score": 0.1483706739502884,
  "time_efficiency": 0.1553072867331678,
  "current_streak": 0,
  "difficulty_level": 1.0,
  "topic_performances": {
    "ds": 0.12620015337843443,
    "algo": 0.0,
    "oops": 0.17054119452214236,
    "dbms": 0.0,
    "os": 0.0,
    "cn": 0.0,
    "system_design": 0.0
  }
}