{
  "total_episodes": 292,
  "epoch": 1,
  "epoch_episode": 292,
  "actor_loss": -2.2204460492503132e-17,
  "value_loss": 1.0,
  "mean_reward": 0.20043702527528912,
  "topic_performance": {
    "ds": 0.20556469483937265,
    "algo": 0.13852373870131426,
    "oops": 0.2837330350855894,
    "dbms": 0.0,
    "os": 0.0,
    "cn": 0.2772425273664959,
    "system_design": 0.0
  }
}