{
  "total_episodes": 1699,
  "epoch": 4,
  "epoch_episode": 199,
  "actor_loss": 0.07148086456802169,
  "value_loss": 1.0,
  "mean_reward": 0.1467429758739062,
  "topic_performance": {
    "ds": 0.12039393093112644,
    "algo": 0.23748300483260765,
    "oops": 0.11089366614520846,
    "dbms": 0.1972075564855513,
    "os": 0.0,
    "cn": 0.0,
    "system_design": 0.0
  }
}