{
  "total_episodes": 1105,
  "epoch": 3,
  "epoch_episode": 105,
  "average_score": 0.21950293777702307,
  "time_efficiency": 0.5759608320277485,
  "current_streak": 0,
  "difficulty_level": 10.0,
  "topic_performances": {
    "ds": 0.13676829442508243,
    "algo": 0.2633739664588624,
    "oops": 0.18174284803945467,
    "dbms": 0.0,
    "os": 0.15950614212743652,
    "cn": 0.0,
    "system_design": 0.0
  }
}