{
  "total_episodes": 2438,
  "epoch": 5,
  "epoch_episode": 438,
  "actor_loss": -0.0,
  "value_loss": 1.0,
  "mean_reward": 0.1277508069383851,
  "topic_performance": {
    "ds": 0.104211491704426,
    "algo": 0.13819315149024733,
    "oops": 0.13769745825801558,
    "dbms": 0.0,
    "os": 0.0,
    "cn": 0.0,
    "system_design": 0.0
  }
}