{
  "total_episodes": 1730,
  "epoch": 4,
  "epoch_episode": 230,
  "average_score": 0.2700238638272289,
  "time_efficiency": 0.41544479630837916,
  "current_streak": 0,
  "difficulty_level": 10.0,
  "topic_performances": {
    "ds": 0.4429560106878281,
    "algo": 0.23659426180646922,
    "oops": 0.19738052302890885,
    "dbms": 0.0,
    "os": 0.0,
    "cn": 0.0,
    "system_design": 0.0
  }
}