{
  "total_episodes": 2107,
  "epoch": 5,
  "epoch_episode": 107,
  "actor_loss": -0.02430618656125838,
  "value_loss": 1.0,
  "mean_reward": 0.13125708014349244,
  "topic_performance": {
    "ds": 0.13125241660345136,
    "algo": 0.11482712050906302,
    "oops": 0.10778998076265164,
    "dbms": 0.25799938755583784,
    "os": 0.0,
    "cn": 0.0,
    "system_design": 0.0
  }
}