{
  "total_episodes": 1805,
  "epoch": 4,
  "epoch_episode": 305,
  "average_score": 0.11950503063906688,
  "time_efficiency": 0.4024138916986244,
  "current_streak": 0,
  "difficulty_level": 10.0,
  "topic_performances": {
    "ds": 0.10673260634170066,
    "algo": 0.10706393099932908,
    "oops": 0.1489760293419596,
    "dbms": 0.0,
    "os": 0.0,
    "cn": 0.0,
    "system_design": 0.0
  }
}