{
  "total_episodes": 1642,
  "epoch": 4,
  "epoch_episode": 142,
  "actor_loss": 1.1102230246251565e-16,
  "value_loss": 1.0,
  "mean_reward": 0.35548070570846957,
  "topic_performance": {
    "ds": 0.36068294868468476,
    "algo": 0.44770735834935427,
    "oops": 0.1606229144742694,
    "dbms": 0.0,
    "os": 0.0,
    "cn": 0.0,
    "system_design": 0.0
  }
}