{
  "total_episodes": 1424,
  "epoch": 3,
  "epoch_episode": 424,
  "actor_loss": -0.04499537830525287,
  "value_loss": 1.0,
  "mean_reward": 0.25139909040551484,
  "topic_performance": {
    "ds": 0.3067512931103841,
    "algo": 0.4072575734925513,
    "oops": 0.15946511383252945,
    "dbms": 0.14136142240877553,
    "os": 0.0,
    "cn": 0.0,
    "system_design": 0.0
  }
}