{
  "total_episodes": 200,
  "epoch": 1,
  "epoch_episode": 200,
  "average_score": 0.17713800207871735,
  "time_efficiency": 0.35411766894930374,
  "current_streak": 0,
  "difficulty_level": 10.0,
  "topic_performances": {
    "ds": 0.12295582994608109,
    "algo": 0.129783431909538,
    "oops": 0.31288909997117786,
    "dbms": 0.0,
    "os": 0.26442820533187955,
    "cn": 0.0,
    "system_design": 0.0
  }
}