{
  "total_episodes": 372,
  "epoch": 1,
  "epoch_episode": 372,
  "actor_loss": 2.2204460492503132e-17,
  "value_loss": 1.0,
  "mean_reward": 0.1670726403719227,
  "topic_performance": {
    "ds": 0.1391834418153753,
    "algo": 0.08017767478581832,
    "oops": 0.29115320403342365,
    "dbms": 0.0,
    "os": 0.0,
    "cn": 0.0,
    "system_design": 0.0
  }
}