{
  "total_episodes": 2348,
  "epoch": 5,
  "epoch_episode": 348,
  "actor_loss": 6.661338147750939e-17,
  "value_loss": 1.0,
  "mean_reward": 0.2992611216750548,
  "topic_performance": {
    "ds": 0.19751124139831683,
    "algo": 0.2956313177932557,
    "oops": 0.3906996186693252,
    "dbms": 0.0,
    "os": 0.14789630589684646,
    "cn": 0.0,
    "system_design": 0.0
  }
}