{
  "total_episodes": 1984,
  "epoch": 4,
  "epoch_episode": 484,
  "actor_loss": 0.03687728540817174,
  "value_loss": 1.0,
  "mean_reward": 0.13840892848773673,
  "topic_performance": {
    "ds": 0.08983237067504721,
    "algo": 0.3512560688684601,
    "oops": 0.13192232579207205,
    "dbms": 0.0,
    "os": 0.0,
    "cn": 0.0,
    "system_design": 0.14581443014043005
  }
}