{
  "total_episodes": 795,
  "epoch": 2,
  "epoch_episode": 295,
  "actor_loss": -0.05383727829246834,
  "value_loss": 1.0,
  "mean_reward": 0.18880347935116032,
  "topic_performance": {
    "ds": 0.24202464611513647,
    "algo": 0.19774067756960767,
    "oops": 0.13191748943118328,
    "dbms": 0.0,
    "os": 0.1514471345709253,
    "cn": 0.0,
    "system_design": 0.0
  }
}