{
  "total_episodes": 1452,
  "epoch": 3,
  "epoch_episode": 452,
  "actor_loss": -0.0,
  "value_loss": 1.0,
  "mean_reward": 0.11399419927554018,
  "topic_performance": {
    "ds": 0.08363786522553003,
    "algo": 0.12970004937520668,
    "oops": 0.10509260650433608,
    "dbms": 0.0,
    "os": 0.0,
    "cn": 0.14174094688257105,
    "system_design": 0.0
  }
}