{
  "total_episodes": 960,
  "epoch": 2,
  "epoch_episode": 460,
  "average_score": 0.21216789695407026,
  "time_efficiency": 0.42972596928940643,
  "current_streak": 0,
  "difficulty_level": 1.0,
  "topic_performances": {
    "ds": 0.21443056305549693,
    "algo": 0.12884805270820393,
    "oops": 0.24413823499156076,
    "dbms": 0.0,
    "os": 0.0,
    "cn": 0.0,
    "system_design": 0.0
  }
}