{
  "total_episodes": 2031,
  "epoch": 5,
  "epoch_episode": 31,
  "actor_loss": -0.016709819459460106,
  "value_loss": 1.0,
  "mean_reward": 0.2953439994720922,
  "topic_performance": {
    "ds": 0.1555512452378297,
    "algo": 0.4503004586690513,
    "oops": 0.13494787416620385,
    "dbms": 0.14154283363922437,
    "os": 0.0,
    "cn": 0.0,
    "system_design": 0.0
  }
}