{
  "total_episodes": 1684,
  "epoch": 4,
  "epoch_episode": 184,
  "actor_loss": 0.06612781127604883,
  "value_loss": 1.0,
  "mean_reward": 0.20161398838198813,
  "topic_performance": {
    "ds": 0.19844532628139416,
    "algo": 0.08784721604742682,
    "oops": 0.3600060859181018,
    "dbms": 0.0,
    "os": 0.0,
    "cn": 0.0,
    "system_design": 0.18784210931308037
  }
}