{
  "total_episodes": 1534,
  "epoch": 4,
  "epoch_episode": 34,
  "actor_loss": -2.2204460492503132e-17,
  "value_loss": 1.0,
  "mean_reward": 0.14713107451461485,
  "topic_performance": {
    "ds": 0.08373947633487737,
    "algo": 0.33915878238993585,
    "oops": 0.1452781611785064,
    "dbms": 0.0,
    "os": 0.0,
    "cn": 0.0,
    "system_design": 0.0
  }
}