{
  "total_episodes": 949,
  "epoch": 2,
  "epoch_episode": 449,
  "actor_loss": 0.024571588186114,
  "value_loss": 1.0,
  "mean_reward": 0.1337939936389167,
  "topic_performance": {
    "ds": 0.12803339521669194,
    "algo": 0.09670036308529537,
    "oops": 0.1581014073379521,
    "dbms": 0.0,
    "os": 0.0,
    "cn": 0.0,
    "system_design": 0.0
  }
}