{
  "total_episodes": 1064,
  "epoch": 3,
  "epoch_episode": 64,
  "actor_loss": 0.08871158331053526,
  "value_loss": 1.0,
  "mean_reward": 0.11719634368649116,
  "topic_performance": {
    "ds": 0.0,
    "algo": 0.11781139829070274,
    "oops": 0.1162737617801738,
    "dbms": 0.0,
    "os": 0.0,
    "cn": 0.0,
    "system_design": 0.0
  }
}