{
  "total_episodes": 2094,
  "epoch": 5,
  "epoch_episode": 94,
  "actor_loss": 0.15356120248721852,
  "value_loss": 1.0,
  "mean_reward": 0.3022190370248672,
  "topic_performance": {
    "ds": 0.3318062723356035,
    "algo": 0.1724142354906281,
    "oops": 0.42295815104938494,
    "dbms": 0.0,
    "os": 0.0,
    "cn": 0.0,
    "system_design": 0.0
  }
}