{
  "total_episodes": 430,
  "epoch": 1,
  "epoch_episode": 430,
  "average_score": 0.21216789695407026,
  "time_efficiency": 0.47583114959024114,
  "current_streak": 0,
  "difficulty_level": 10.0,
  "topic_performances": {
    "ds": 0.21443056305549693,
    "algo": 0.12884805270820393,
    "oops": 0.24413823499156076,
    "dbms": 0.0,
    "os": 0.0,
    "cn": 0.0,
    "system_design": 0.0
  }
}