{
  "total_episodes": 985,
  "epoch": 2,
  "epoch_episode": 485,
  "average_score": 0.23939597463651768,
  "time_efficiency": 0.28488703640823176,
  "current_streak": 0,
  "difficulty_level": 10.0,
  "topic_performances": {
    "ds": 0.1241054729750874,
    "algo": 0.3888889774730118,
    "oops": 0.24362364068193054,
    "dbms": 0.0,
    "os": 0.0,
    "cn": 0.0,
    "system_design": 0.0
  }
}