{
  "total_episodes": 1661,
  "epoch": 4,
  "epoch_episode": 161,
  "actor_loss": -0.005546232918380856,
  "value_loss": 1.0,
  "mean_reward": 0.18840277347404827,
  "topic_performance": {
    "ds": 0.09749339449633365,
    "algo": 0.33508786189757356,
    "oops": 0.08373203455372918,
    "dbms": 0.0,
    "os": 0.0,
    "cn": 0.0,
    "system_design": 0.0
  }
}