{
  "total_episodes": 2088,
  "epoch": 5,
  "epoch_episode": 88,
  "actor_loss": -8.881784197001253e-17,
  "value_loss": 1.0,
  "mean_reward": 0.13843316733942543,
  "topic_performance": {
    "ds": 0.129383316716331,
    "algo": 0.08254477711085097,
    "oops": 0.11140084448770901,
    "dbms": 0.0,
    "os": 0.0,
    "cn": 0.3566327236958654,
    "system_design": 0.0
  }
}