{
  "total_episodes": 1045,
  "epoch": 3,
  "epoch_episode": 45,
  "actor_loss": -2.2204460492503132e-17,
  "value_loss": 1.0,
  "mean_reward": 0.15521447921676,
  "topic_performance": {
    "ds": 0.11442789005259335,
    "algo": 0.04848744338053884,
    "oops": 0.2829549886529747,
    "dbms": 0.14859337923722465,
    "os": 0.0,
    "cn": 0.0,
    "system_design": 0.0
  }
}