{
  "total_episodes": 736,
  "epoch": 2,
  "epoch_episode": 236,
  "actor_loss": -0.016215986117158042,
  "value_loss": 1.0,
  "mean_reward": 0.1581883994840335,
  "topic_performance": {
    "ds": 0.11806704667669612,
    "algo": 0.1450154904044328,
    "oops": 0.18858422413629383,
    "dbms": 0.1563665337284689,
    "os": 0.0,
    "cn": 0.0,
    "system_design": 0.0
  }
}