{
  "total_episodes": 1240,
  "epoch": 3,
  "epoch_episode": 240,
  "average_score": 0.15238241101309866,
  "time_efficiency": 0.3585579831029314,
  "current_streak": 0,
  "difficulty_level": 1.0,
  "topic_performances": {
    "ds": 0.09044229977841495,
    "algo": 0.12519263507069023,
    "oops": 0.3132670177211454,
    "dbms": 0.0,
    "os": 0.0,
    "cn": 0.0,
    "system_design": 0.0
  }
}