{
  "total_episodes": 1663,
  "epoch": 4,
  "epoch_episode": 163,
  "actor_loss": -0.025849944139400338,
  "value_loss": 1.0,
  "mean_reward": 0.2871983442780716,
  "topic_performance": {
    "ds": 0.41352224655417763,
    "algo": 0.24530566488390926,
    "oops": 0.15958271381472747,
    "dbms": 0.0,
    "os": 0.0,
    "cn": 0.0,
    "system_design": 0.0
  }
}