{
  "total_episodes": 2035,
  "epoch": 5,
  "epoch_episode": 35,
  "average_score": 0.1892647127826395,
  "time_efficiency": 0.15741952975464435,
  "current_streak": 0,
  "difficulty_level": 1.0,
  "topic_performances": {
    "ds": 0.09949271764513497,
    "algo": 0.3460783642499247,
    "oops": 0.2998241123135235,
    "dbms": 0.0,
    "os": 0.0,
    "cn": 0.14963283841022498,
    "system_design": 0.0
  }
}