{
  "total_episodes": 1902,
  "epoch": 4,
  "epoch_episode": 402,
  "actor_loss": -0.0010198818292460165,
  "value_loss": 1.0,
  "mean_reward": 0.1847291109107943,
  "topic_performance": {
    "ds": 0.27479283048826997,
    "algo": 0.21738537440359906,
    "oops": 0.10704098762925178,
    "dbms": 0.0,
    "os": 0.0,
    "cn": 0.0,
    "system_design": 0.0
  }
}