{
  "total_episodes": 1645,
  "epoch": 4,
  "epoch_episode": 145,
  "actor_loss": -0.028622620907438057,
  "value_loss": 1.0,
  "mean_reward": 0.24414205295838656,
  "topic_performance": {
    "ds": 0.28671205406298605,
    "algo": 0.1915163612778854,
    "oops": 0.21665558771763951,
    "dbms": 0.0,
    "os": 0.0,
    "cn": 0.0,
    "system_design": 0.0
  }
}