{
  "total_episodes": 1762,
  "epoch": 4,
  "epoch_episode": 262,
  "actor_loss": -4.9805493063104226e-12,
  "value_loss": 1.0,
  "mean_reward": 0.3149807986771709,
  "topic_performance": {
    "ds": 0.2513963870378347,
    "algo": 0.18585039135639636,
    "oops": 0.5070417562899142,
    "dbms": 0.0,
    "os": 0.0,
    "cn": 0.0,
    "system_design": 0.0
  }
}