{
  "total_episodes": 1357,
  "epoch": 3,
  "epoch_episode": 357,
  "actor_loss": 0.15945887600573144,
  "value_loss": 1.0,
  "mean_reward": 0.20913690087180337,
  "topic_performance": {
    "ds": 0.1632563249402827,
    "algo": 0.2768557751843253,
    "oops": 0.19275817708605236,
    "dbms": 0.0,
    "os": 0.0,
    "cn": 0.0,
    "system_design": 0.0
  }
}