{
  "total_episodes": 515,
  "epoch": 2,
  "epoch_episode": 15,
  "average_score": 0.14801851655141057,
  "time_efficiency": 0.20352661630216348,
  "current_streak": 0,
  "difficulty_level": 1.0,
  "topic_performances": {
    "ds": 0.23804199085736305,
    "algo": 0.09310601805946486,
    "oops": 0.10370751966555077,
    "dbms": 0.0,
    "os": 0.3205545525648681,
    "cn": 0.0,
    "system_design": 0.0
  }
}