{
  "total_episodes": 91,
  "epoch": 1,
  "epoch_episode": 91,
  "actor_loss": 0.05575198155773422,
  "value_loss": 1.0,
  "mean_reward": 0.19832182238178367,
  "topic_performance": {
    "ds": 0.1419027399797163,
    "algo": 0.0955815163645527,
    "oops": 0.235736064444145,
    "dbms": 0.0,
    "os": 0.0,
    "cn": 0.0,
    "system_design": 0.0
  }
}