{
  "total_episodes": 570,
  "epoch": 2,
  "epoch_episode": 70,
  "average_score": 0.2735163097450602,
  "time_efficiency": 0.29015089965362056,
  "current_streak": 0,
  "difficulty_level": 1.0,
  "topic_performances": {
    "ds": 0.4700761583051601,
    "algo": 0.15314150237569482,
    "oops": 0.40531528615801365,
    "dbms": 0.15391182449863378,
    "os": 0.0,
    "cn": 0.0,
    "system_design": 0.0
  }
}