{
  "total_episodes": 276,
  "epoch": 1,
  "epoch_episode": 276,
  "actor_loss": -0.025106067356251094,
  "value_loss": 1.0,
  "mean_reward": 0.14631361256289208,
  "topic_performance": {
    "ds": 0.11424819929252727,
    "algo": 0.20324355154066254,
    "oops": 0.11413077715319896,
    "dbms": 0.0,
    "os": 0.16803369739109789,
    "cn": 0.0,
    "system_design": 0.0
  }
}