{
  "total_episodes": 1123,
  "epoch": 3,
  "epoch_episode": 123,
  "actor_loss": 0.050198382553760544,
  "value_loss": 1.0,
  "mean_reward": 0.16532037186443166,
  "topic_performance": {
    "ds": 0.1524274397756671,
    "algo": 0.3973129216641873,
    "oops": 0.12691005141687728,
    "dbms": 0.0,
    "os": 0.0,
    "cn": 0.0,
    "system_design": 0.1640582205687417
  }
}