{
  "total_episodes": 487,
  "epoch": 1,
  "epoch_episode": 487,
  "actor_loss": -6.661338147750939e-17,
  "value_loss": 1.0,
  "mean_reward": 0.20507197692487375,
  "topic_performance": {
    "ds": 0.31165409153259344,
    "algo": 0.07746890272956053,
    "oops": 0.2120789634540716,
    "dbms": 0.0,
    "os": 0.0,
    "cn": 0.0,
    "system_design": 0.0
  }
}