{
  "total_episodes": 1159,
  "epoch": 3,
  "epoch_episode": 159,
  "actor_loss": 0.11735615310272747,
  "value_loss": 1.0,
  "mean_reward": 0.2419211404384667,
  "topic_performance": {
    "ds": 0.21810996949068537,
    "algo": 0.2862285953923538,
    "oops": 0.223857600913669,
    "dbms": 0.0,
    "os": 0.16650428109287446,
    "cn": 0.0,
    "system_design": 0.0
  }
}