{
  "total_episodes": 1188,
  "epoch": 3,
  "epoch_episode": 188,
  "actor_loss": 0.01355405818057014,
  "value_loss": 1.0,
  "mean_reward": 0.24585809427601352,
  "topic_performance": {
    "ds": 0.12169375367057231,
    "algo": 0.2843865984244872,
    "oops": 0.4271129925194331,
    "dbms": 0.0,
    "os": 0.0,
    "cn": 0.0,
    "system_design": 0.0
  }
}