{
  "total_episodes": 1432,
  "epoch": 3,
  "epoch_episode": 432,
  "actor_loss": 0.09453858971249152,
  "value_loss": 1.0,
  "mean_reward": 0.34852702900476684,
  "topic_performance": {
    "ds": 0.12761199228577538,
    "algo": 0.40014853337688633,
    "oops": 0.40736304299214304,
    "dbms": 0.0,
    "os": 0.0,
    "cn": 0.0,
    "system_design": 0.0
  }
}