{
  "total_episodes": 70,
  "epoch": 1,
  "epoch_episode": 70,
  "average_score": 0.3715275417899425,
  "time_efficiency": 0.39181877780757474,
  "current_streak": 0,
  "difficulty_level": 1.0,
  "topic_performances": {
    "ds": 0.3478166576118707,
    "algo": 0.28725866680329903,
    "oops": 0.42223336575919324,
    "dbms": 0.0,
    "os": 0.0,
    "cn": 0.0,
    "system_design": 0.0
  }
}