{
  "total_episodes": 1755,
  "epoch": 4,
  "epoch_episode": 255,
  "average_score": 0.20368890907713047,
  "time_efficiency": 0.3779600651084215,
  "current_streak": 0,
  "difficulty_level": 1.0,
  "topic_performances": {
    "ds": 0.3138611825601677,
    "algo": 0.24729682021193078,
    "oops": 0.10785246148532823,
    "dbms": 0.0,
    "os": 0.16298642269549818,
    "cn": 0.0,
    "system_design": 0.0
  }
}