{
  "total_episodes": 2064,
  "epoch": 5,
  "epoch_episode": 64,
  "actor_loss": 0.016619146730503197,
  "value_loss": 1.0,
  "mean_reward": 0.21978132186002294,
  "topic_performance": {
    "ds": 0.08289043141284905,
    "algo": 0.18264212842868482,
    "oops": 0.38038839859453305,
    "dbms": 0.0,
    "os": 0.0,
    "cn": 0.16029864627619272,
    "system_design": 0.0
  }
}