{
  "total_episodes": 2226,
  "epoch": 5,
  "epoch_episode": 226,
  "actor_loss": -0.0,
  "value_loss": 1.0,
  "mean_reward": 0.1661212458274066,
  "topic_performance": {
    "ds": 0.19722369597505024,
    "algo": 0.10290922175144654,
    "oops": 0.3019024031260665,
    "dbms": 0.0,
    "os": 0.0,
    "cn": 0.15877838424201235,
    "system_design": 0.0
  }
}