{
  "total_episodes": 440,
  "epoch": 1,
  "epoch_episode": 440,
  "actor_loss": 6.661338147750939e-17,
  "value_loss": 1.0,
  "mean_reward": 0.19703775018263142,
  "topic_performance": {
    "ds": 0.3029993591389337,
    "algo": 0.2174853047052835,
    "oops": 0.1423845738865192,
    "dbms": 0.0,
    "os": 0.0,
    "cn": 0.0,
    "system_design": 0.0
  }
}