{
  "total_episodes": 865,
  "epoch": 2,
  "epoch_episode": 365,
  "average_score": 0.2536290578482842,
  "time_efficiency": 0.1834085428133824,
  "current_streak": 0,
  "difficulty_level": 1.0,
  "topic_performances": {
    "ds": 0.40609081014677784,
    "algo": 0.23338527840889783,
    "oops": 0.11128919526948378,
    "dbms": 0.0,
    "os": 0.0,
    "cn": 0.0,
    "system_design": 0.0
  }
}