{
  "total_episodes": 2345,
  "epoch": 5,
  "epoch_episode": 345,
  "average_score": 0.33890376348682855,
  "time_efficiency": 0.685937857261941,
  "current_streak": 0,
  "difficulty_level": 10.0,
  "topic_performances": {
    "ds": 0.39619647408060416,
    "algo": 0.26899747961631326,
    "oops": 0.20486635153572075,
    "dbms": 0.0,
    "os": 0.0,
    "cn": 0.0,
    "system_design": 0.0
  }
}