{
  "total_episodes": 1345,
  "epoch": 3,
  "epoch_episode": 345,
  "average_score": 0.23716236610974734,
  "time_efficiency": 0.2913879189780074,
  "current_streak": 0,
  "difficulty_level": 1.0,
  "topic_performances": {
    "ds": 0.27423328097876953,
    "algo": 0.11188358482787981,
    "oops": 0.2864260549240343,
    "dbms": 0.0,
    "os": 0.16725965486400315,
    "cn": 0.0,
    "system_design": 0.0
  }
}