{
  "total_episodes": 2190,
  "epoch": 5,
  "epoch_episode": 190,
  "average_score": 0.2372002911413778,
  "time_efficiency": 0.24709331762440057,
  "current_streak": 0,
  "difficulty_level": 2.5977001531437245,
  "topic_performances": {
    "ds": 0.37188592050207864,
    "algo": 0.2447494750612107,
    "oops": 0.09244908322089969,
    "dbms": 0.0,
    "os": 0.0,
    "cn": 0.0,
    "system_design": 0.0
  }
}