{
  "total_episodes": 1564,
  "epoch": 4,
  "epoch_episode": 64,
  "actor_loss": 0.038384255245174345,
  "value_loss": 1.0,
  "mean_reward": 0.25269885151428445,
  "topic_performance": {
    "ds": 0.11462961133848709,
    "algo": 0.11206796808026503,
    "oops": 0.3917927489933705,
    "dbms": 0.0,
    "os": 0.0,
    "cn": 0.0,
    "system_design": 0.0
  }
}