{
  "total_episodes": 178,
  "epoch": 1,
  "epoch_episode": 178,
  "actor_loss": -4.4408920985006264e-17,
  "value_loss": 1.0,
  "mean_reward": 0.31290096672189155,
  "topic_performance": {
    "ds": 0.26438085593679456,
    "algo": 0.3105063171891493,
    "oops": 0.43779321798374743,
    "dbms": 0.0,
    "os": 0.0,
    "cn": 0.0,
    "system_design": 0.0
  }
}