{
  "total_episodes": 267,
  "epoch": 1,
  "epoch_episode": 267,
  "actor_loss": 0.12244191599323126,
  "value_loss": 1.0,
  "mean_reward": 0.1505884667181847,
  "topic_performance": {
    "ds": 0.11388349607940129,
    "algo": 0.1011049224359211,
    "oops": 0.5083517877523683,
    "dbms": 0.1503577790116694,
    "os": 0.0,
    "cn": 0.0,
    "system_design": 0.0
  }
}