{
  "total_episodes": 1520,
  "epoch": 4,
  "epoch_episode": 20,
  "actor_loss": 0.06674335493041976,
  "value_loss": 1.0,
  "mean_reward": 0.18855692742395685,
  "topic_performance": {
    "ds": 0.3202314729287658,
    "algo": 0.10421532849905198,
    "oops": 0.0698072403907381,
    "dbms": 0.0,
    "os": 0.1523829162458733,
    "cn": 0.0,
    "system_design": 0.0
  }
}