{
  "total_episodes": 1358,
  "epoch": 3,
  "epoch_episode": 358,
  "actor_loss": 0.04802411506271822,
  "value_loss": 1.0,
  "mean_reward": 0.1625988641367946,
  "topic_performance": {
    "ds": 0.21685430981451992,
    "algo": 0.14967751616805963,
    "oops": 0.1479641469662027,
    "dbms": 0.0,
    "os": 0.0,
    "cn": 0.0,
    "system_design": 0.0
  }
}