{
  "total_episodes": 95,
  "epoch": 1,
  "epoch_episode": 95,
  "actor_loss": -2.2204460492503132e-17,
  "value_loss": 1.0,
  "mean_reward": 0.18564775638796593,
  "topic_performance": {
    "ds": 0.11393999823071807,
    "algo": 0.22182192374149154,
    "oops": 0.25507898462680706,
    "dbms": 0.0,
    "os": 0.0,
    "cn": 0.22509383047869844,
    "system_design": 0.0
  }
}