{
  "total_episodes": 585,
  "epoch": 2,
  "epoch_episode": 85,
  "actor_loss": -4.4408920985006264e-17,
  "value_loss": 1.0,
  "mean_reward": 0.19489294434381582,
  "topic_performance": {
    "ds": 0.11099183700405907,
    "algo": 0.21710988355312552,
    "oops": 0.20563014785525377,
    "dbms": 0.3477338382008431,
    "os": 0.0,
    "cn": 0.0,
    "system_design": 0.0
  }
}