{
  "total_episodes": 804,
  "epoch": 2,
  "epoch_episode": 304,
  "actor_loss": 0.07288650420127847,
  "value_loss": 1.0,
  "mean_reward": 0.16925221838243149,
  "topic_performance": {
    "ds": 0.2461845847255102,
    "algo": 0.20688427808914206,
    "oops": 0.13574643770540695,
    "dbms": 0.0,
    "os": 0.0,
    "cn": 0.17879011005171053,
    "system_design": 0.0
  }
}