{
  "total_episodes": 952,
  "epoch": 2,
  "epoch_episode": 452,
  "actor_loss": 2.2204460492503132e-17,
  "value_loss": 1.0,
  "mean_reward": 0.28302078647777396,
  "topic_performance": {
    "ds": 0.0,
    "algo": 0.45581631469299033,
    "oops": 0.11022525826255766,
    "dbms": 0.0,
    "os": 0.0,
    "cn": 0.0,
    "system_design": 0.0
  }
}