{
  "total_episodes": 1374,
  "epoch": 3,
  "epoch_episode": 374,
  "actor_loss": -6.661338147750939e-17,
  "value_loss": 1.0,
  "mean_reward": 0.15799832134542952,
  "topic_performance": {
    "ds": 0.12655835450368458,
    "algo": 0.21213472548063345,
    "oops": 0.11101259417721115,
    "dbms": 0.16083558031923223,
    "os": 0.0,
    "cn": 0.0,
    "system_design": 0.0
  }
}