{
  "total_episodes": 975,
  "epoch": 2,
  "epoch_episode": 475,
  "average_score": 0.25269885151428445,
  "time_efficiency": 0.10514778064267646,
  "current_streak": 0,
  "difficulty_level": 1.0,
  "topic_performances": {
    "ds": 0.11462961133848709,
    "algo": 0.11206796808026503,
    "oops": 0.3917927489933705,
    "dbms": 0.0,
    "os": 0.0,
    "cn": 0.0,
    "system_design": 0.0
  }
}