{
  "total_episodes": 327,
  "epoch": 1,
  "epoch_episode": 327,
  "actor_loss": 1.1102230246251565e-16,
  "value_loss": 1.0,
  "mean_reward": 0.29337628854348724,
  "topic_performance": {
    "ds": 0.3091568154045099,
    "algo": 0.2570645919211922,
    "oops": 0.3087746658644415,
    "dbms": 0.0,
    "os": 0.0,
    "cn": 0.0,
    "system_design": 0.0
  }
}