{
  "total_episodes": 185,
  "epoch": 1,
  "epoch_episode": 185,
  "average_score": 0.1690623502510614,
  "time_efficiency": 0.6833489159736656,
  "current_streak": 0,
  "difficulty_level": 10.0,
  "topic_performances": {
    "ds": 0.09264329540794451,
    "algo": 0.13249872947973335,
    "oops": 0.29423289945594905,
    "dbms": 0.0,
    "os": 0.0,
    "cn": 0.0,
    "system_design": 0.0
  }
}