{
  "total_episodes": 479,
  "epoch": 1,
  "epoch_episode": 479,
  "actor_loss": 4.4408920985006264e-17,
  "value_loss": 1.0,
  "mean_reward": 0.2599676162530672,
  "topic_performance": {
    "ds": 0.19023612199148554,
    "algo": 0.07711525591107846,
    "oops": 0.397571630162893,
    "dbms": 0.0,
    "os": 0.0,
    "cn": 0.0,
    "system_design": 0.0
  }
}