{
  "total_episodes": 1395,
  "epoch": 3,
  "epoch_episode": 395,
  "average_score": 0.2827584959183508,
  "time_efficiency": 0.5106892381217212,
  "current_streak": 0,
  "difficulty_level": 10.0,
  "topic_performances": {
    "ds": 0.4528387634466412,
    "algo": 0.16295341475038233,
    "oops": 0.17578988704859874,
    "dbms": 0.0,
    "os": 0.0,
    "cn": 0.0,
    "system_design": 0.0
  }
}