{
  "total_episodes": 385,
  "epoch": 1,
  "epoch_episode": 385,
  "actor_loss": 0.08266118955947262,
  "value_loss": 1.0,
  "mean_reward": 0.14674183195437862,
  "topic_performance": {
    "ds": 0.11306718272320093,
    "algo": 0.10808068750773406,
    "oops": 0.4697596558968453,
    "dbms": 0.0,
    "os": 0.0,
    "cn": 0.0,
    "system_design": 0.0
  }
}