{
  "total_episodes": 41,
  "epoch": 1,
  "epoch_episode": 41,
  "actor_loss": -0.0160030502611326,
  "value_loss": 1.0,
  "mean_reward": 0.14804699263748272,
  "topic_performance": {
    "ds": 0.10351863816466758,
    "algo": 0.2949153781231858,
    "oops": 0.11914115436744635,
    "dbms": 0.0,
    "os": 0.0,
    "cn": 0.0,
    "system_design": 0.0
  }
}