{
  "total_episodes": 917,
  "epoch": 2,
  "epoch_episode": 417,
  "actor_loss": -1.1102230246251565e-16,
  "value_loss": 1.0,
  "mean_reward": 0.18246073236576654,
  "topic_performance": {
    "ds": 0.20792204230656589,
    "algo": 0.11756909725862676,
    "oops": 0.21340395421850725,
    "dbms": 0.0,
    "os": 0.0,
    "cn": 0.0,
    "system_design": 0.0
  }
}