{
  "total_episodes": 2215,
  "epoch": 5,
  "epoch_episode": 215,
  "average_score": 0.1748226886426106,
  "time_efficiency": 0.5144468519507104,
  "current_streak": 0,
  "difficulty_level": 10.0,
  "topic_performances": {
    "ds": 0.2638923215926445,
    "algo": 0.09337672665685574,
    "oops": 0.11985617467973449,
    "dbms": 0.0,
    "os": 0.0,
    "cn": 0.0,
    "system_design": 0.0
  }
}