{
  "total_episodes": 2455,
  "epoch": 5,
  "epoch_episode": 455,
  "average_score": 0.301467406617935,
  "time_efficiency": 0.25161944550689636,
  "current_streak": 0,
  "difficulty_level": 10.0,
  "topic_performances": {
    "ds": 0.18775555540513955,
    "algo": 0.35494404472316515,
    "oops": 0.0,
    "dbms": 0.0,
    "os": 0.15455464230691482,
    "cn": 0.0,
    "system_design": 0.0
  }
}