{
  "total_episodes": 83,
  "epoch": 1,
  "epoch_episode": 83,
  "actor_loss": 1.1102230246251565e-16,
  "value_loss": 1.0,
  "mean_reward": 0.205848255980787,
  "topic_performance": {
    "ds": 0.27029210973604834,
    "algo": 0.26025467135879327,
    "oops": 0.10768469277249758,
    "dbms": 0.0,
    "os": 0.1437881382058523,
    "cn": 0.0,
    "system_design": 0.0
  }
}