{
  "total_episodes": 2172,
  "epoch": 5,
  "epoch_episode": 172,
  "actor_loss": -6.661338147750939e-17,
  "value_loss": 1.0,
  "mean_reward": 0.2827741217270434,
  "topic_performance": {
    "ds": 0.3372597722156959,
    "algo": 0.14047674247138045,
    "oops": 0.35906406883009645,
    "dbms": 0.0,
    "os": 0.14236073358900123,
    "cn": 0.0,
    "system_design": 0.0
  }
}