{
  "total_episodes": 747,
  "epoch": 2,
  "epoch_episode": 247,
  "actor_loss": -0.031402029084109676,
  "value_loss": 1.0,
  "mean_reward": 0.1656206344096844,
  "topic_performance": {
    "ds": 0.27059709851367664,
    "algo": 0.11642868596968797,
    "oops": 0.12623343489235395,
    "dbms": 0.0,
    "os": 0.0,
    "cn": 0.0,
    "system_design": 0.0
  }
}