{
  "total_episodes": 1708,
  "epoch": 4,
  "epoch_episode": 208,
  "actor_loss": 0.026371708295696884,
  "value_loss": 1.0,
  "mean_reward": 0.37460462938501504,
  "topic_performance": {
    "ds": 0.38126050682126267,
    "algo": 0.4082894672694634,
    "oops": 0.41327269779986875,
    "dbms": 0.0,
    "os": 0.0,
    "cn": 0.0,
    "system_design": 0.16959046915697237
  }
}