{
  "total_episodes": 675,
  "epoch": 2,
  "epoch_episode": 175,
  "average_score": 0.20043702527528912,
  "time_efficiency": 0.46720416498405115,
  "current_streak": 0,
  "difficulty_level": 6.8148767204969865,
  "topic_performances": {
    "ds": 0.20556469483937265,
    "algo": 0.13852373870131426,
    "oops": 0.2837330350855894,
    "dbms": 0.0,
    "os": 0.0,
    "cn": 0.2772425273664959,
    "system_design": 0.0
  }
}