{
  "total_episodes": 1940,
  "epoch": 4,
  "epoch_episode": 440,
  "average_score": 0.224795442306795,
  "time_efficiency": 0.21699280282825936,
  "current_streak": 0,
  "difficulty_level": 1.0,
  "topic_performances": {
    "ds": 0.1479685185716175,
    "algo": 0.38939143963058437,
    "oops": 0.15896863711533615,
    "dbms": 0.0,
    "os": 0.0,
    "cn": 0.0,
    "system_design": 0.0
  }
}