{
  "total_episodes": 2401,
  "epoch": 5,
  "epoch_episode": 401,
  "actor_loss": 6.661338147750939e-17,
  "value_loss": 1.0,
  "mean_reward": 0.1908214461969658,
  "topic_performance": {
    "ds": 0.16453827622036712,
    "algo": 0.3133120254768653,
    "oops": 0.1471803768468623,
    "dbms": 0.0,
    "os": 0.0,
    "cn": 0.0,
    "system_design": 0.0
  }
}