{
  "total_episodes": 2362,
  "epoch": 5,
  "epoch_episode": 362,
  "actor_loss": 0.01903970418894192,
  "value_loss": 1.0,
  "mean_reward": 0.12725201749668877,
  "topic_performance": {
    "ds": 0.3775065854159086,
    "algo": 0.0,
    "oops": 0.09944595439455323,
    "dbms": 0.0,
    "os": 0.0,
    "cn": 0.0,
    "system_design": 0.0
  }
}