{
  "total_episodes": 133,
  "epoch": 1,
  "epoch_episode": 133,
  "actor_loss": -0.035538503737093066,
  "value_loss": 1.0,
  "mean_reward": 0.18043776053135482,
  "topic_performance": {
    "ds": 0.21726203690004034,
    "algo": 0.10522233838205243,
    "oops": 0.20120020283359458,
    "dbms": 0.0,
    "os": 0.0,
    "cn": 0.0,
    "system_design": 0.0
  }
}