{
  "total_episodes": 1964,
  "epoch": 4,
  "epoch_episode": 464,
  "actor_loss": 0.06607128315725697,
  "value_loss": 1.0,
  "mean_reward": 0.22035443104166377,
  "topic_performance": {
    "ds": 0.4419219887289039,
    "algo": 0.12796923511053968,
    "oops": 0.1871585255254422,
    "dbms": 0.0,
    "os": 0.0,
    "cn": 0.0,
    "system_design": 0.0
  }
}