{
  "total_episodes": 1765,
  "epoch": 4,
  "epoch_episode": 265,
  "average_score": 0.14682871253460922,
  "time_efficiency": 0.6324711573655639,
  "current_streak": 0,
  "difficulty_level": 10.0,
  "topic_performances": {
    "ds": 0.12086515970329068,
    "algo": 0.30754292232173563,
    "oops": 0.0942214568376462,
    "dbms": 0.0,
    "os": 0.0,
    "cn": 0.1403636771078086,
    "system_design": 0.0
  }
}