{
  "total_episodes": 1297,
  "epoch": 3,
  "epoch_episode": 297,
  "actor_loss": 2.2204460492503132e-17,
  "value_loss": 1.0,
  "mean_reward": 0.1277508069383851,
  "topic_performance": {
    "ds": 0.104211491704426,
    "algo": 0.13819315149024733,
    "oops": 0.13769745825801558,
    "dbms": 0.0,
    "os": 0.0,
    "cn": 0.0,
    "system_design": 0.0
  }
}