{
  "total_episodes": 2486,
  "epoch": 5,
  "epoch_episode": 486,
  "actor_loss": 0.1908103753435,
  "value_loss": 1.0,
  "mean_reward": 0.20368890907713047,
  "topic_performance": {
    "ds": 0.3138611825601677,
    "algo": 0.24729682021193078,
    "oops": 0.10785246148532823,
    "dbms": 0.0,
    "os": 0.16298642269549818,
    "cn": 0.0,
    "system_design": 0.0
  }
}