{
  "total_episodes": 1088,
  "epoch": 3,
  "epoch_episode": 88,
  "actor_loss": -0.009041427152657988,
  "value_loss": 1.0,
  "mean_reward": 0.11242346859092726,
  "topic_performance": {
    "ds": 0.08576719456355977,
    "algo": 0.10421687892571115,
    "oops": 0.1352357294316845,
    "dbms": 0.0,
    "os": 0.1611444432902284,
    "cn": 0.0,
    "system_design": 0.0
  }
}