{
  "total_episodes": 1116,
  "epoch": 3,
  "epoch_episode": 116,
  "actor_loss": 0.0416036212774636,
  "value_loss": 1.0,
  "mean_reward": 0.14713775343090335,
  "topic_performance": {
    "ds": 0.13428558776487912,
    "algo": 0.17721285731251832,
    "oops": 0.11364505477827938,
    "dbms": 0.0,
    "os": 0.0,
    "cn": 0.0,
    "system_design": 0.21658756772860271
  }
}