{
  "total_episodes": 1426,
  "epoch": 3,
  "epoch_episode": 426,
  "actor_loss": 2.2204460492503132e-17,
  "value_loss": 1.0,
  "mean_reward": 0.11950503063906688,
  "topic_performance": {
    "ds": 0.10673260634170066,
    "algo": 0.10706393099932908,
    "oops": 0.1489760293419596,
    "dbms": 0.0,
    "os": 0.0,
    "cn": 0.0,
    "system_design": 0.0
  }
}