{
  "total_episodes": 2399,
  "epoch": 5,
  "epoch_episode": 399,
  "actor_loss": 0.13841173797593395,
  "value_loss": 1.0,
  "mean_reward": 0.3296676290184185,
  "topic_performance": {
    "ds": 0.30525057792570504,
    "algo": 0.3643034697056805,
    "oops": 0.3780251251641922,
    "dbms": 0.0,
    "os": 0.14021711633893993,
    "cn": 0.0,
    "system_design": 0.0
  }
}