{
  "total_episodes": 550,
  "epoch": 2,
  "epoch_episode": 50,
  "average_score": 0.25139909040551484,
  "time_efficiency": 0.1518803664421961,
  "current_streak": 0,
  "difficulty_level": 1.0,
  "topic_performances": {
    "ds": 0.3067512931103841,
    "algo": 0.4072575734925513,
    "oops": 0.15946511383252945,
    "dbms": 0.14136142240877553,
    "os": 0.0,
    "cn": 0.0,
    "system_design": 0.0
  }
}