{
  "total_episodes": 2111,
  "epoch": 5,
  "epoch_episode": 111,
  "actor_loss": -1.1102230246251565e-16,
  "value_loss": 1.0,
  "mean_reward": 0.27414282305036225,
  "topic_performance": {
    "ds": 0.31610989325753536,
    "algo": 0.09852947208568708,
    "oops": 0.3549549868315043,
    "dbms": 0.0,
    "os": 0.0,
    "cn": 0.0,
    "system_design": 0.0
  }
}