{
  "total_episodes": 1685,
  "epoch": 4,
  "epoch_episode": 185,
  "average_score": 0.1337939936389167,
  "time_efficiency": 0.037911439081065035,
  "current_streak": 0,
  "difficulty_level": 1.0,
  "topic_performances": {
    "ds": 0.12803339521669194,
    "algo": 0.09670036308529537,
    "oops": 0.1581014073379521,
    "dbms": 0.0,
    "os": 0.0,
    "cn": 0.0,
    "system_design": 0.0
  }
}