{
  "total_episodes": 1992,
  "epoch": 4,
  "epoch_episode": 492,
  "actor_loss": -0.04985513939206752,
  "value_loss": 1.0,
  "mean_reward": 0.21515543589151961,
  "topic_performance": {
    "ds": 0.31150291654560613,
    "algo": 0.206242652326317,
    "oops": 0.12394683741754312,
    "dbms": 0.0,
    "os": 0.0,
    "cn": 0.0,
    "system_design": 0.1671457744485388
  }
}