{
  "total_episodes": 1725,
  "epoch": 4,
  "epoch_episode": 225,
  "actor_loss": 2.2204460492503132e-17,
  "value_loss": 1.0,
  "mean_reward": 0.2834506766091488,
  "topic_performance": {
    "ds": 0.3945485225525955,
    "algo": 0.2867559329929421,
    "oops": 0.2294405859361311,
    "dbms": 0.0,
    "os": 0.0,
    "cn": 0.0,
    "system_design": 0.1595869887032928
  }
}