{
  "total_episodes": 503,
  "epoch": 2,
  "epoch_episode": 3,
  "actor_loss": -0.005303240317724156,
  "value_loss": 1.0,
  "mean_reward": 0.2987067188760536,
  "topic_performance": {
    "ds": 0.1408959189685171,
    "algo": 0.33404359129655575,
    "oops": 0.40897001824909623,
    "dbms": 0.14219093088998966,
    "os": 0.0,
    "cn": 0.0,
    "system_design": 0.0
  }
}