{
  "total_episodes": 1075,
  "epoch": 3,
  "epoch_episode": 75,
  "average_score": 0.2987067188760536,
  "time_efficiency": 0.3768458141464873,
  "current_streak": 0,
  "difficulty_level": 1.0,
  "topic_performances": {
    "ds": 0.1408959189685171,
    "algo": 0.33404359129655575,
    "oops": 0.40897001824909623,
    "dbms": 0.14219093088998966,
    "os": 0.0,
    "cn": 0.0,
    "system_design": 0.0
  }
}