{
  "total_episodes": 1635,
  "epoch": 4,
  "epoch_episode": 135,
  "average_score": 0.3340149272105344,
  "time_efficiency": 0.38836390897453815,
  "current_streak": 0,
  "difficulty_level": 1.0,
  "topic_performances": {
    "ds": 0.16569532371709567,
    "algo": 0.4659695955178824,
    "oops": 0.48577461243917086,
    "dbms": 0.0,
    "os": 0.0,
    "cn": 0.32771498272626093,
    "system_design": 0.0
  }
}