{
  "total_episodes": 1910,
  "epoch": 4,
  "epoch_episode": 410,
  "actor_loss": -0.006763374965720259,
  "value_loss": 1.0,
  "mean_reward": 0.21101435173744912,
  "topic_performance": {
    "ds": 0.18953657183458125,
    "algo": 0.14061672600755576,
    "oops": 0.193977171694682,
    "dbms": 0.0,
    "os": 0.0,
    "cn": 0.4888322629370088,
    "system_design": 0.0
  }
}