{
  "total_episodes": 880,
  "epoch": 2,
  "epoch_episode": 380,
  "average_score": 0.17388247116312508,
  "time_efficiency": 0.15610492764513295,
  "current_streak": 0,
  "difficulty_level": 1.0,
  "topic_performances": {
    "ds": 0.25412088034863484,
    "algo": 0.09278858165653825,
    "oops": 0.37014622103873807,
    "dbms": 0.0,
    "os": 0.0,
    "cn": 0.0,
    "system_design": 0.14237294126391703
  }
}