{
  "total_episodes": 571,
  "epoch": 2,
  "epoch_episode": 71,
  "actor_loss": -0.03090689303647485,
  "value_loss": 1.0,
  "mean_reward": 0.16782462551517194,
  "topic_performance": {
    "ds": 0.2186327774207139,
    "algo": 0.1242251716576242,
    "oops": 0.18602000341994865,
    "dbms": 0.0,
    "os": 0.0,
    "cn": 0.0,
    "system_design": 0.0
  }
}