{
  "total_episodes": 1162,
  "epoch": 3,
  "epoch_episode": 162,
  "actor_loss": 0.09382711355255006,
  "value_loss": 1.0,
  "mean_reward": 0.35652173396286174,
  "topic_performance": {
    "ds": 0.47069014884938537,
    "algo": 0.3818089328475782,
    "oops": 0.23064779800198065,
    "dbms": 0.16461556568618685,
    "os": 0.0,
    "cn": 0.0,
    "system_design": 0.0
  }
}