{
  "total_episodes": 2213,
  "epoch": 5,
  "epoch_episode": 213,
  "actor_loss": -0.028603927468240142,
  "value_loss": 1.0,
  "mean_reward": 0.14801851655141057,
  "topic_performance": {
    "ds": 0.23804199085736305,
    "algo": 0.09310601805946486,
    "oops": 0.10370751966555077,
    "dbms": 0.0,
    "os": 0.3205545525648681,
    "cn": 0.0,
    "system_design": 0.0
  }
}