{
  "total_episodes": 610,
  "epoch": 2,
  "epoch_episode": 110,
  "average_score": 0.17365120937461603,
  "time_efficiency": 0.3050646971597607,
  "current_streak": 0,
  "difficulty_level": 1.0,
  "topic_performances": {
    "ds": 0.24946900486034945,
    "algo": 0.16583107850559148,
    "oops": 0.12129380649595625,
    "dbms": 0.0,
    "os": 0.0,
    "cn": 0.0,
    "system_design": 0.0
  }
}