{
  "total_episodes": 510,
  "epoch": 2,
  "epoch_episode": 10,
  "average_score": 0.19058228596933408,
  "time_efficiency": 0.5637014106706479,
  "current_streak": 0,
  "difficulty_level": 10.0,
  "topic_performances": {
    "ds": 0.2276886198061904,
    "algo": 0.0,
    "oops": 0.15347595213247775,
    "dbms": 0.0,
    "os": 0.0,
    "cn": 0.0,
    "system_design": 0.0
  }
}