{
  "total_episodes": 950,
  "epoch": 2,
  "epoch_episode": 450,
  "actor_loss": 0.06977443168354865,
  "value_loss": 1.0,
  "mean_reward": 0.2700238638272289,
  "topic_performance": {
    "ds": 0.4429560106878281,
    "algo": 0.23659426180646922,
    "oops": 0.19738052302890885,
    "dbms": 0.0,
    "os": 0.0,
    "cn": 0.0,
    "system_design": 0.0
  }
}