{
  "total_episodes": 2415,
  "epoch": 5,
  "epoch_episode": 415,
  "average_score": 0.2121114818647322,
  "time_efficiency": 0.5833969376822422,
  "current_streak": 0,
  "difficulty_level": 1.0,
  "topic_performances": {
    "ds": 0.27487359492694496,
    "algo": 0.22628716828539108,
    "oops": 0.10682230954054257,
    "dbms": 0.0,
    "os": 0.0,
    "cn": 0.0,
    "system_design": 0.0
  }
}