{
  "total_episodes": 815,
  "epoch": 2,
  "epoch_episode": 315,
  "average_score": 0.11557204615209618,
  "time_efficiency": 0.5217940227991869,
  "current_streak": 0,
  "difficulty_level": 10.0,
  "topic_performances": {
    "ds": 0.1293300893908519,
    "algo": 0.10640001732625903,
    "oops": 0.0,
    "dbms": 0.0,
    "os": 0.0,
    "cn": 0.0,
    "system_design": 0.0
  }
}