{
  "total_episodes": 1958,
  "epoch": 4,
  "epoch_episode": 458,
  "actor_loss": -4.4408920985006264e-17,
  "value_loss": 1.0,
  "mean_reward": 0.1764148111253674,
  "topic_performance": {
    "ds": 0.3198303604997076,
    "algo": 0.1473534211138486,
    "oops": 0.1364854253825425,
    "dbms": 0.0,
    "os": 0.0,
    "cn": 0.0,
    "system_design": 0.0
  }
}