{
  "total_episodes": 1420,
  "epoch": 3,
  "epoch_episode": 420,
  "average_score": 0.17903393713786803,
  "time_efficiency": 0.12471653220839304,
  "current_streak": 0,
  "difficulty_level": 1.0,
  "topic_performances": {
    "ds": 0.11493933097381268,
    "algo": 0.11915640509768288,
    "oops": 0.4032706531358061,
    "dbms": 0.0,
    "os": 0.0,
    "cn": 0.1665715259187689,
    "system_design": 0.0
  }
}