{
  "total_episodes": 1117,
  "epoch": 3,
  "epoch_episode": 117,
  "actor_loss": 0.10894126478564503,
  "value_loss": 1.0,
  "mean_reward": 0.11311710880141727,
  "topic_performance": {
    "ds": 0.11533260697254721,
    "algo": 0.0939902065330364,
    "oops": 0.11353860247093517,
    "dbms": 0.16258684008461646,
    "os": 0.0,
    "cn": 0.0,
    "system_design": 0.0
  }
}