{
  "total_episodes": 859,
  "epoch": 2,
  "epoch_episode": 359,
  "actor_loss": 0.053591111339470344,
  "value_loss": 1.0,
  "mean_reward": 0.20185694076088856,
  "topic_performance": {
    "ds": 0.34052027614214764,
    "algo": 0.10857651771262271,
    "oops": 0.11360571447718132,
    "dbms": 0.0,
    "os": 0.0,
    "cn": 0.0,
    "system_design": 0.0
  }
}