{
  "total_episodes": 90,
  "epoch": 1,
  "epoch_episode": 90,
  "actor_loss": -0.021728599200856503,
  "value_loss": 1.0,
  "mean_reward": 0.2987594245767116,
  "topic_performance": {
    "ds": 0.3557038024311564,
    "algo": 0.2584156068870417,
    "oops": 0.0,
    "dbms": 0.0,
    "os": 0.0,
    "cn": 0.0,
    "system_design": 0.17541280606316706
  }
}