{
  "total_episodes": 1325,
  "epoch": 3,
  "epoch_episode": 325,
  "average_score": 0.3034945770925997,
  "time_efficiency": 0.3624502364512575,
  "current_streak": 0,
  "difficulty_level": 4.745554452599581,
  "topic_performances": {
    "ds": 0.38189022782335924,
    "algo": 0.23725256073091694,
    "oops": 0.25331475562921524,
    "dbms": 0.0,
    "os": 0.14435999908893649,
    "cn": 0.0,
    "system_design": 0.0
  }
}