{
  "total_episodes": 993,
  "epoch": 2,
  "epoch_episode": 493,
  "actor_loss": 0.03816139863962178,
  "value_loss": 1.0,
  "mean_reward": 0.27166233619403196,
  "topic_performance": {
    "ds": 0.33336777388854655,
    "algo": 0.18197779273127704,
    "oops": 0.4790105288877822,
    "dbms": 0.0,
    "os": 0.0,
    "cn": 0.0,
    "system_design": 0.0
  }
}