{
  "total_episodes": 2370,
  "epoch": 5,
  "epoch_episode": 370,
  "average_score": 0.18525762218855876,
  "time_efficiency": 0.5073494314164543,
  "current_streak": 0,
  "difficulty_level": 10.0,
  "topic_performances": {
    "ds": 0.1276454497123509,
    "algo": 0.11864848416476233,
    "oops": 0.44269720873615603,
    "dbms": 0.0,
    "os": 0.0,
    "cn": 0.0,
    "system_design": 0.0
  }
}