{
  "total_episodes": 297,
  "epoch": 1,
  "epoch_episode": 297,
  "actor_loss": 0.05718444793517079,
  "value_loss": 1.0,
  "mean_reward": 0.17098383605450232,
  "topic_performance": {
    "ds": 0.18406082730754703,
    "algo": 0.11484827649541691,
    "oops": 0.26407328925269447,
    "dbms": 0.180916105268343,
    "os": 0.0,
    "cn": 0.0,
    "system_design": 0.0
  }
}