{
  "total_episodes": 1461,
  "epoch": 3,
  "epoch_episode": 461,
  "actor_loss": -4.4408920985006264e-17,
  "value_loss": 1.0,
  "mean_reward": 0.13039265899408914,
  "topic_performance": {
    "ds": 0.08046328204161496,
    "algo": 0.19523196254194067,
    "oops": 0.1700639903155324,
    "dbms": 0.0,
    "os": 0.0,
    "cn": 0.0,
    "system_design": 0.14585030179146213
  }
}