{
  "total_episodes": 588,
  "epoch": 2,
  "epoch_episode": 88,
  "actor_loss": 0.002718227304340859,
  "value_loss": 1.0,
  "mean_reward": 0.3730435090926606,
  "topic_performance": {
    "ds": 0.3955995293289354,
    "algo": 0.32409316846859554,
    "oops": 0.3933913053725897,
    "dbms": 0.0,
    "os": 0.0,
    "cn": 0.0,
    "system_design": 0.0
  }
}