{
  "total_episodes": 1406,
  "epoch": 3,
  "epoch_episode": 406,
  "actor_loss": 1.1102230246251565e-16,
  "value_loss": 1.0,
  "mean_reward": 0.17365120937461603,
  "topic_performance": {
    "ds": 0.24946900486034945,
    "algo": 0.16583107850559148,
    "oops": 0.12129380649595625,
    "dbms": 0.0,
    "os": 0.0,
    "cn": 0.0,
    "system_design": 0.0
  }
}