{
  "total_episodes": 143,
  "epoch": 1,
  "epoch_episode": 143,
  "actor_loss": 0.11563084537734528,
  "value_loss": 1.0,
  "mean_reward": 0.09897575531122692,
  "topic_performance": {
    "ds": 0.10789145351666839,
    "algo": 0.10311607905990434,
    "oops": 0.08798989523144676,
    "dbms": 0.0,
    "os": 0.0,
    "cn": 0.0,
    "system_design": 0.0
  }
}