{
  "total_episodes": 730,
  "epoch": 2,
  "epoch_episode": 230,
  "actor_loss": 4.4408920985006264e-17,
  "value_loss": 1.0,
  "mean_reward": 0.1855866014181883,
  "topic_performance": {
    "ds": 0.15641101685644523,
    "algo": 0.10974150671844041,
    "oops": 0.4189627150101727,
    "dbms": 0.0,
    "os": 0.0,
    "cn": 0.0,
    "system_design": 0.0
  }
}