{
  "total_episodes": 893,
  "epoch": 2,
  "epoch_episode": 393,
  "actor_loss": -4.4408920985006264e-17,
  "value_loss": 1.0,
  "mean_reward": 0.2509710023252681,
  "topic_performance": {
    "ds": 0.1462079858991056,
    "algo": 0.3733981285147359,
    "oops": 0.10215881816007955,
    "dbms": 0.0,
    "os": 0.1459857725606309,
    "cn": 0.0,
    "system_design": 0.0
  }
}