{
  "total_episodes": 525,
  "epoch": 2,
  "epoch_episode": 25,
  "actor_loss": -2.2204460492503132e-17,
  "value_loss": 1.0,
  "mean_reward": 0.1625988641367946,
  "topic_performance": {
    "ds": 0.21685430981451992,
    "algo": 0.14967751616805963,
    "oops": 0.1479641469662027,
    "dbms": 0.0,
    "os": 0.0,
    "cn": 0.0,
    "system_design": 0.0
  }
}