{
  "total_episodes": 115,
  "epoch": 1,
  "epoch_episode": 115,
  "average_score": 0.15560372329971753,
  "time_efficiency": 0.2094280677862494,
  "current_streak": 0,
  "difficulty_level": 10.0,
  "topic_performances": {
    "ds": 0.1262516440432926,
    "algo": 0.14152648000573995,
    "oops": 0.25773720436296976,
    "dbms": 0.0,
    "os": 0.0,
    "cn": 0.0,
    "system_design": 0.0
  }
}