{
  "total_episodes": 221,
  "epoch": 1,
  "epoch_episode": 221,
  "actor_loss": 4.4408920985006264e-17,
  "value_loss": 1.0,
  "mean_reward": 0.15998186608166406,
  "topic_performance": {
    "ds": 0.1186194433645034,
    "algo": 0.10107927853051457,
    "oops": 0.26527590065472845,
    "dbms": 0.0,
    "os": 0.0,
    "cn": 0.0,
    "system_design": 0.14489479316740142
  }
}