{
  "total_episodes": 2245,
  "epoch": 5,
  "epoch_episode": 245,
  "average_score": 0.1240502621422257,
  "time_efficiency": 0.3354539541706441,
  "current_streak": 0,
  "difficulty_level": 1.0,
  "topic_performances": {
    "ds": 0.11140914095610233,
    "algo": 0.11119855899729503,
    "oops": 0.05394253360065626,
    "dbms": 0.0,
    "os": 0.0,
    "cn": 0.2959187060492039,
    "system_design": 0.0
  }
}