{
  "total_episodes": 700,
  "epoch": 2,
  "epoch_episode": 200,
  "average_score": 0.19827447513173033,
  "time_efficiency": 0.2327879751967108,
  "current_streak": 0,
  "difficulty_level": 1.0,
  "topic_performances": {
    "ds": 0.11274389616932995,
    "algo": 0.16679614302231233,
    "oops": 0.2995442201488397,
    "dbms": 0.0,
    "os": 0.0,
    "cn": 0.0,
    "system_design": 0.0
  }
}