{
  "total_episodes": 75,
  "epoch": 1,
  "epoch_episode": 75,
  "average_score": 0.15759335064286528,
  "time_efficiency": 0.03126359690476806,
  "current_streak": 0,
  "difficulty_level": 1.0,
  "topic_performances": {
    "ds": 0.0669357247760543,
    "algo": 0.2709816321789106,
    "oops": 0.11540735693766997,
    "dbms": 0.0,
    "os": 0.2745903756687576,
    "cn": 0.0,
    "system_design": 0.0
  }
}