{
  "total_episodes": 465,
  "epoch": 1,
  "epoch_episode": 465,
  "average_score": 0.1870183855439363,
  "time_efficiency": 0.5062988338406739,
  "current_streak": 0,
  "difficulty_level": 10.0,
  "topic_performances": {
    "ds": 0.13082545263050044,
    "algo": 0.2266016154925377,
    "oops": 0.15850829090522456,
    "dbms": 0.0,
    "os": 0.0,
    "cn": 0.0,
    "system_design": 0.0
  }
}