{
  "total_episodes": 2485,
  "epoch": 5,
  "epoch_episode": 485,
  "average_score": 0.24258590766370794,
  "time_efficiency": 0.36128075243443264,
  "current_streak": 0,
  "difficulty_level": 10.0,
  "topic_performances": {
    "ds": 0.1605723788680119,
    "algo": 0.1542463277565364,
    "oops": 0.2993702772313304,
    "dbms": 0.0,
    "os": 0.0,
    "cn": 0.0,
    "system_design": 0.0
  }
}