{
  "total_episodes": 288,
  "epoch": 1,
  "epoch_episode": 288,
  "actor_loss": 0.02747152439305125,
  "value_loss": 1.0,
  "mean_reward": 0.2661349056731929,
  "topic_performance": {
    "ds": 0.12779156347746395,
    "algo": 0.4285692635668396,
    "oops": 0.3404344593985066,
    "dbms": 0.18360609332454142,
    "os": 0.0,
    "cn": 0.0,
    "system_design": 0.0
  }
}