{
  "total_episodes": 2218,
  "epoch": 5,
  "epoch_episode": 218,
  "actor_loss": 0.08298591968737197,
  "value_loss": 1.0,
  "mean_reward": 0.13560763695453606,
  "topic_performance": {
    "ds": 0.09969867391814155,
    "algo": 0.25829747665859587,
    "oops": 0.0948728645611961,
    "dbms": 0.0,
    "os": 0.0,
    "cn": 0.1560681268720145,
    "system_design": 0.0
  }
}