{
  "total_episodes": 2290,
  "epoch": 5,
  "epoch_episode": 290,
  "average_score": 0.11733879391955049,
  "time_efficiency": 0.2963122169971367,
  "current_streak": 0,
  "difficulty_level": 10.0,
  "topic_performances": {
    "ds": 0.1069638292071538,
    "algo": 0.13605203746799724,
    "oops": 0.11607847532760977,
    "dbms": 0.0,
    "os": 0.0,
    "cn": 0.0,
    "system_design": 0.0
  }
}