{
  "total_episodes": 2115,
  "epoch": 5,
  "epoch_episode": 115,
  "average_score": 0.12944457591919906,
  "time_efficiency": 0.2308142723547939,
  "current_streak": 0,
  "difficulty_level": 1.0,
  "topic_performances": {
    "ds": 0.14280749100598059,
    "algo": 0.14006076371193757,
    "oops": 0.11146024875955907,
    "dbms": 0.0,
    "os": 0.0,
    "cn": 0.0,
    "system_design": 0.0
  }
}