{
  "total_episodes": 440,
  "epoch": 1,
  "epoch_episode": 440,
  "average_score": 0.19703775018263142,
  "time_efficiency": 0.23276587893716266,
  "current_streak": 0,
  "difficulty_level": 10.0,
  "topic_performances": {
    "ds": 0.3029993591389337,
    "algo": 0.2174853047052835,
    "oops": 0.1423845738865192,
    "dbms": 0.0,
    "os": 0.0,
    "cn": 0.0,
    "system_design": 0.0
  }
}