{
  "total_episodes": 33,
  "epoch": 1,
  "epoch_episode": 33,
  "actor_loss": -4.4408920985006264e-17,
  "value_loss": 1.0,
  "mean_reward": 0.3217961703524747,
  "topic_performance": {
    "ds": 0.408162851626789,
    "algo": 0.29585966452915924,
    "oops": 0.0886326323528474,
    "dbms": 0.0,
    "os": 0.0,
    "cn": 0.0,
    "system_design": 0.0
  }
}