{
  "total_episodes": 2001,
  "epoch": 5,
  "epoch_episode": 1,
  "actor_loss": 4.4408920985006264e-17,
  "value_loss": 1.0,
  "mean_reward": 0.3071144086815384,
  "topic_performance": {
    "ds": 0.2653294691973273,
    "algo": 0.2756696964658651,
    "oops": 0.4432334848127693,
    "dbms": 0.0,
    "os": 0.0,
    "cn": 0.0,
    "system_design": 0.0
  }
}