{
  "total_episodes": 110,
  "epoch": 1,
  "epoch_episode": 110,
  "average_score": 0.16532037186443166,
  "time_efficiency": 0.2907632863335094,
  "current_streak": 0,
  "difficulty_level": 1.0,
  "topic_performances": {
    "ds": 0.1524274397756671,
    "algo": 0.3973129216641873,
    "oops": 0.12691005141687728,
    "dbms": 0.0,
    "os": 0.0,
    "cn": 0.0,
    "system_design": 0.1640582205687417
  }
}