{
  "total_episodes": 805,
  "epoch": 2,
  "epoch_episode": 305,
  "average_score": 0.13919571637632674,
  "time_efficiency": 0.5878098977390845,
  "current_streak": 0,
  "difficulty_level": 1.0,
  "topic_performances": {
    "ds": 0.11510497895382853,
    "algo": 0.16695356086407695,
    "oops": 0.20046660744806546,
    "dbms": 0.0,
    "os": 0.0,
    "cn": 0.0,
    "system_design": 0.0
  }
}