{
  "total_episodes": 2015,
  "epoch": 5,
  "epoch_episode": 15,
  "average_score": 0.11557204615209618,
  "time_efficiency": 0.1637412435214884,
  "current_streak": 0,
  "difficulty_level": 1.0,
  "topic_performances": {
    "ds": 0.1293300893908519,
    "algo": 0.10640001732625903,
    "oops": 0.0,
    "dbms": 0.0,
    "os": 0.0,
    "cn": 0.0,
    "system_design": 0.0
  }
}