{
  "total_episodes": 1060,
  "epoch": 3,
  "epoch_episode": 60,
  "actor_loss": 0.058085044816630196,
  "value_loss": 1.0,
  "mean_reward": 0.3821132070053289,
  "topic_performance": {
    "ds": 0.3700887218839294,
    "algo": 0.3662519461950309,
    "oops": 0.41272818941452677,
    "dbms": 0.0,
    "os": 0.0,
    "cn": 0.0,
    "system_design": 0.0
  }
}