{
  "total_episodes": 73,
  "epoch": 1,
  "epoch_episode": 73,
  "actor_loss": -8.881784197001253e-17,
  "value_loss": 1.0,
  "mean_reward": 0.22805495973493123,
  "topic_performance": {
    "ds": 0.3127098635223641,
    "algo": 0.2562786112753866,
    "oops": 0.16114268940426812,
    "dbms": 0.0,
    "os": 0.0,
    "cn": 0.0,
    "system_design": 0.14658735699023318
  }
}