{
  "total_episodes": 209,
  "epoch": 1,
  "epoch_episode": 209,
  "actor_loss": -8.881784197001253e-17,
  "value_loss": 1.0,
  "mean_reward": 0.10246275636532975,
  "topic_performance": {
    "ds": 0.06437927228696905,
    "algo": 0.10152782970072123,
    "oops": 0.09953703725571734,
    "dbms": 0.15399803109557045,
    "os": 0.0,
    "cn": 0.0,
    "system_design": 0.0
  }
}