{
  "total_episodes": 2467,
  "epoch": 5,
  "epoch_episode": 467,
  "actor_loss": -0.0037899237177778876,
  "value_loss": 1.0,
  "mean_reward": 0.2460268178091316,
  "topic_performance": {
    "ds": 0.3240911449973904,
    "algo": 0.22057217305563037,
    "oops": 0.1328893689977011,
    "dbms": 0.0,
    "os": 0.0,
    "cn": 0.0,
    "system_design": 0.0
  }
}