{
  "total_episodes": 2430,
  "epoch": 5,
  "epoch_episode": 430,
  "average_score": 0.26336949919459884,
  "time_efficiency": 0.1906911999271219,
  "current_streak": 0,
  "difficulty_level": 1.0,
  "topic_performances": {
    "ds": 0.44081453405493587,
    "algo": 0.12279460682004029,
    "oops": 0.34863917784048976,
    "dbms": 0.0,
    "os": 0.0,
    "cn": 0.0,
    "system_design": 0.0
  }
}