{
  "total_episodes": 1142,
  "epoch": 3,
  "epoch_episode": 142,
  "actor_loss": 5.932192644886314e-07,
  "value_loss": 1.0,
  "mean_reward": 0.18077364565516524,
  "topic_performance": {
    "ds": 0.10495966272249886,
    "algo": 0.2689914216988899,
    "oops": 0.34904549688822206,
    "dbms": 0.0,
    "os": 0.0,
    "cn": 0.21089606474132516,
    "system_design": 0.0
  }
}