{
  "total_episodes": 417,
  "epoch": 1,
  "epoch_episode": 417,
  "actor_loss": 0.12973108395962601,
  "value_loss": 1.0,
  "mean_reward": 0.19472182888305212,
  "topic_performance": {
    "ds": 0.16820291999188208,
    "algo": 0.25349835238909446,
    "oops": 0.1189598753981813,
    "dbms": 0.0,
    "os": 0.23993941309583547,
    "cn": 0.0,
    "system_design": 0.0
  }
}