{
  "total_episodes": 1773,
  "epoch": 4,
  "epoch_episode": 273,
  "actor_loss": 0.12431597405117945,
  "value_loss": 1.0,
  "mean_reward": 0.2324607841658795,
  "topic_performance": {
    "ds": 0.22366922585101756,
    "algo": 0.10876431813305294,
    "oops": 0.4108430677687419,
    "dbms": 0.0,
    "os": 0.0,
    "cn": 0.0,
    "system_design": 0.3968567560360467
  }
}