{
  "total_episodes": 1130,
  "epoch": 3,
  "epoch_episode": 130,
  "actor_loss": 6.661338147750939e-17,
  "value_loss": 1.0,
  "mean_reward": 0.2844282242090546,
  "topic_performance": {
    "ds": 0.31339702791802554,
    "algo": 0.2606322582793097,
    "oops": 0.28718737507307696,
    "dbms": 0.0,
    "os": 0.0,
    "cn": 0.0,
    "system_design": 0.0
  }
}