{
  "total_episodes": 1025,
  "epoch": 3,
  "epoch_episode": 25,
  "average_score": 0.1675305052429664,
  "time_efficiency": 0.3540149797183122,
  "current_streak": 0,
  "difficulty_level": 10.0,
  "topic_performances": {
    "ds": 0.3810336049620123,
    "algo": 0.15868780948021302,
    "oops": 0.11404819686212449,
    "dbms": 0.0,
    "os": 0.0,
    "cn": 0.0,
    "system_design": 0.0
  }
}