{
  "total_episodes": 1975,
  "epoch": 4,
  "epoch_episode": 475,
  "actor_loss": 2.2204460492503132e-17,
  "value_loss": 1.0,
  "mean_reward": 0.24241612469001866,
  "topic_performance": {
    "ds": 0.11446428269836369,
    "algo": 0.4099075873526452,
    "oops": 0.1470460164648383,
    "dbms": 0.0,
    "os": 0.0,
    "cn": 0.0,
    "system_design": 0.0
  }
}