{
  "total_episodes": 2264,
  "epoch": 5,
  "epoch_episode": 264,
  "actor_loss": 0.017872677602361643,
  "value_loss": 1.0,
  "mean_reward": 0.10948467794567376,
  "topic_performance": {
    "ds": 0.08565053394680086,
    "algo": 0.11983018755452575,
    "oops": 0.13091802700198563,
    "dbms": 0.0,
    "os": 0.0,
    "cn": 0.0,
    "system_design": 0.0
  }
}