{
  "total_episodes": 1255,
  "epoch": 3,
  "epoch_episode": 255,
  "actor_loss": -0.03425027559725298,
  "value_loss": 1.0,
  "mean_reward": 0.29316230021685036,
  "topic_performance": {
    "ds": 0.10680405660872838,
    "algo": 0.3224049299768497,
    "oops": 0.36866341302226613,
    "dbms": 0.0,
    "os": 0.0,
    "cn": 0.0,
    "system_design": 0.0
  }
}