{
  "total_episodes": 511,
  "epoch": 2,
  "epoch_episode": 11,
  "actor_loss": -0.03191092857382756,
  "value_loss": 1.0,
  "mean_reward": 0.2241653225420986,
  "topic_performance": {
    "ds": 0.34138728779813,
    "algo": 0.11199008431141204,
    "oops": 0.1917610426595321,
    "dbms": 0.0,
    "os": 0.15661173597516553,
    "cn": 0.0,
    "system_design": 0.0
  }
}