{
  "total_episodes": 643,
  "epoch": 2,
  "epoch_episode": 143,
  "actor_loss": 0.05955257619650238,
  "value_loss": 1.0,
  "mean_reward": 0.19157538707699945,
  "topic_performance": {
    "ds": 0.33376875798337363,
    "algo": 0.1676426083504981,
    "oops": 0.13667645469813702,
    "dbms": 0.0,
    "os": 0.0,
    "cn": 0.0,
    "system_design": 0.1676165573068437
  }
}