{
  "total_episodes": 1265,
  "epoch": 3,
  "epoch_episode": 265,
  "average_score": 0.23466885163315537,
  "time_efficiency": 0.350073669253682,
  "current_streak": 0,
  "difficulty_level": 10.0,
  "topic_performances": {
    "ds": 0.1065003693768309,
    "algo": 0.2808555385248303,
    "oops": 0.2722294448852288,
    "dbms": 0.0,
    "os": 0.0,
    "cn": 0.0,
    "system_design": 0.18495119518328282
  }
}