{
  "total_episodes": 705,
  "epoch": 2,
  "epoch_episode": 205,
  "average_score": 0.13560763695453606,
  "time_efficiency": 0.023211297013722754,
  "current_streak": 0,
  "difficulty_level": 1.0,
  "topic_performances": {
    "ds": 0.09969867391814155,
    "algo": 0.25829747665859587,
    "oops": 0.0948728645611961,
    "dbms": 0.0,
    "os": 0.0,
    "cn": 0.1560681268720145,
    "system_design": 0.0
  }
}