{
  "total_episodes": 1763,
  "epoch": 4,
  "epoch_episode": 263,
  "actor_loss": 0.09918505951535675,
  "value_loss": 1.0,
  "mean_reward": 0.1402829765187541,
  "topic_performance": {
    "ds": 0.13045279414754704,
    "algo": 0.1041463996320576,
    "oops": 0.24536969229230587,
    "dbms": 0.0,
    "os": 0.0,
    "cn": 0.0,
    "system_design": 0.0
  }
}