{
  "total_episodes": 1509,
  "epoch": 4,
  "epoch_episode": 9,
  "actor_loss": -0.03221416309752225,
  "value_loss": 1.0,
  "mean_reward": 0.1275063996227981,
  "topic_performance": {
    "ds": 0.1040388588530769,
    "algo": 0.15356139503289365,
    "oops": 0.08401452074115065,
    "dbms": 0.3292404065943245,
    "os": 0.0,
    "cn": 0.0,
    "system_design": 0.0
  }
}