{
  "total_episodes": 2222,
  "epoch": 5,
  "epoch_episode": 222,
  "actor_loss": 0.00025481460529075406,
  "value_loss": 1.0,
  "mean_reward": 0.19403288571966712,
  "topic_performance": {
    "ds": 0.3931362108665658,
    "algo": 0.2710890524052832,
    "oops": 0.11456696315835035,
    "dbms": 0.16109067332250393,
    "os": 0.0,
    "cn": 0.0,
    "system_design": 0.0
  }
}