{
  "total_episodes": 1026,
  "epoch": 3,
  "epoch_episode": 26,
  "actor_loss": 6.661338147750939e-17,
  "value_loss": 1.0,
  "mean_reward": 0.19827447513173033,
  "topic_performance": {
    "ds": 0.11274389616932995,
    "algo": 0.16679614302231233,
    "oops": 0.2995442201488397,
    "dbms": 0.0,
    "os": 0.0,
    "cn": 0.0,
    "system_design": 0.0
  }
}