{
  "total_episodes": 1885,
  "epoch": 4,
  "epoch_episode": 385,
  "average_score": 0.23954517320140542,
  "time_efficiency": 0.5459998192620478,
  "current_streak": 0,
  "difficulty_level": 1.0,
  "topic_performances": {
    "ds": 0.3368710402597823,
    "algo": 0.22734332248035105,
    "oops": 0.10930884386012352,
    "dbms": 0.0,
    "os": 0.0,
    "cn": 0.15582667665442107,
    "system_design": 0.0
  }
}