{
  "total_episodes": 545,
  "epoch": 2,
  "epoch_episode": 45,
  "average_score": 0.15671890562955287,
  "time_efficiency": 0.5599455101085367,
  "current_streak": 0,
  "difficulty_level": 10.0,
  "topic_performances": {
    "ds": 0.13706214307395573,
    "algo": 0.0,
    "oops": 0.16785727245654117,
    "dbms": 0.0,
    "os": 0.0,
    "cn": 0.0,
    "system_design": 0.1488589923344148
  }
}