{
  "total_episodes": 1052,
  "epoch": 3,
  "epoch_episode": 52,
  "actor_loss": 0.05147612777583952,
  "value_loss": 1.0,
  "mean_reward": 0.1316399847799486,
  "topic_performance": {
    "ds": 0.11241674013790023,
    "algo": 0.1083208457743983,
    "oops": 0.16504169466667873,
    "dbms": 0.16725379478955826,
    "os": 0.0,
    "cn": 0.0,
    "system_design": 0.0
  }
}