{
  "total_episodes": 217,
  "epoch": 1,
  "epoch_episode": 217,
  "actor_loss": -4.4408920985006264e-17,
  "value_loss": 1.0,
  "mean_reward": 0.2790047218169135,
  "topic_performance": {
    "ds": 0.2826748471299488,
    "algo": 0.4442256485329201,
    "oops": 0.1466188614065248,
    "dbms": 0.0,
    "os": 0.0,
    "cn": 0.0,
    "system_design": 0.1439943312814061
  }
}