{
  "total_episodes": 1934,
  "epoch": 4,
  "epoch_episode": 434,
  "actor_loss": -2.2204460492503132e-17,
  "value_loss": 1.0,
  "mean_reward": 0.2661349056731929,
  "topic_performance": {
    "ds": 0.12779156347746395,
    "algo": 0.4285692635668396,
    "oops": 0.3404344593985066,
    "dbms": 0.18360609332454142,
    "os": 0.0,
    "cn": 0.0,
    "system_design": 0.0
  }
}