{
  "total_episodes": 799,
  "epoch": 2,
  "epoch_episode": 299,
  "actor_loss": 0.08308557082229681,
  "value_loss": 1.0,
  "mean_reward": 0.26336949919459884,
  "topic_performance": {
    "ds": 0.44081453405493587,
    "algo": 0.12279460682004029,
    "oops": 0.34863917784048976,
    "dbms": 0.0,
    "os": 0.0,
    "cn": 0.0,
    "system_design": 0.0
  }
}