{
  "total_episodes": 427,
  "epoch": 1,
  "epoch_episode": 427,
  "actor_loss": -0.00803435665188501,
  "value_loss": 1.0,
  "mean_reward": 0.2039033371259351,
  "topic_performance": {
    "ds": 0.17877106798065018,
    "algo": 0.4385072474390964,
    "oops": 0.134079456736643,
    "dbms": 0.0,
    "os": 0.0,
    "cn": 0.0,
    "system_design": 0.0
  }
}