{
  "total_episodes": 2405,
  "epoch": 5,
  "epoch_episode": 405,
  "average_score": 0.335252936569692,
  "time_efficiency": 0.4937068084114144,
  "current_streak": 0,
  "difficulty_level": 10.0,
  "topic_performances": {
    "ds": 0.4273297724557183,
    "algo": 0.36927712136579643,
    "oops": 0.14110354629535268,
    "dbms": 0.0,
    "os": 0.0,
    "cn": 0.0,
    "system_design": 0.0
  }
}