{
  "total_episodes": 2425,
  "epoch": 5,
  "epoch_episode": 425,
  "average_score": 0.1764148111253674,
  "time_efficiency": 0.2962380462634786,
  "current_streak": 0,
  "difficulty_level": 1.0,
  "topic_performances": {
    "ds": 0.3198303604997076,
    "algo": 0.1473534211138486,
    "oops": 0.1364854253825425,
    "dbms": 0.0,
    "os": 0.0,
    "cn": 0.0,
    "system_design": 0.0
  }
}