{
  "total_episodes": 18,
  "epoch": 1,
  "epoch_episode": 18,
  "actor_loss": 4.4408920985006264e-17,
  "value_loss": 1.0,
  "mean_reward": 0.23006027645166638,
  "topic_performance": {
    "ds": 0.2911592900556606,
    "algo": 0.11716121217882824,
    "oops": 0.11205411756514151,
    "dbms": 0.0,
    "os": 0.0,
    "cn": 0.3812685601367349,
    "system_design": 0.0
  }
}