{
  "total_episodes": 501,
  "epoch": 2,
  "epoch_episode": 1,
  "actor_loss": 0.11466028936581289,
  "value_loss": 1.0,
  "mean_reward": 0.23199656117082412,
  "topic_performance": {
    "ds": 0.12543498289090027,
    "algo": 0.1141000625711876,
    "oops": 0.3975063887505662,
    "dbms": 0.0,
    "os": 0.0,
    "cn": 0.0,
    "system_design": 0.0
  }
}