{
  "total_episodes": 2409,
  "epoch": 5,
  "epoch_episode": 409,
  "actor_loss": -2.2204460492503132e-17,
  "value_loss": 1.0,
  "mean_reward": 0.2700238638272289,
  "topic_performance": {
    "ds": 0.4429560106878281,
    "algo": 0.23659426180646922,
    "oops": 0.19738052302890885,
    "dbms": 0.0,
    "os": 0.0,
    "cn": 0.0,
    "system_design": 0.0
  }
}