{
  "total_episodes": 640,
  "epoch": 2,
  "epoch_episode": 140,
  "actor_loss": 0.006972292544730441,
  "value_loss": 1.0,
  "mean_reward": 0.178341696760451,
  "topic_performance": {
    "ds": 0.10053959162263348,
    "algo": 0.4308455417142758,
    "oops": 0.07917974515806858,
    "dbms": 0.0,
    "os": 0.0,
    "cn": 0.26066843574665377,
    "system_design": 0.0
  }
}