{
  "total_episodes": 76,
  "epoch": 1,
  "epoch_episode": 76,
  "actor_loss": -2.2204460492503132e-17,
  "value_loss": 1.0,
  "mean_reward": 0.24043456844255387,
  "topic_performance": {
    "ds": 0.1616351527001626,
    "algo": 0.2310767086446501,
    "oops": 0.34730756357865644,
    "dbms": 0.0,
    "os": 0.0,
    "cn": 0.0,
    "system_design": 0.0
  }
}