{
  "total_episodes": 1600,
  "epoch": 4,
  "epoch_episode": 100,
  "actor_loss": -8.881784197001253e-17,
  "value_loss": 1.0,
  "mean_reward": 0.13919571637632674,
  "topic_performance": {
    "ds": 0.11510497895382853,
    "algo": 0.16695356086407695,
    "oops": 0.20046660744806546,
    "dbms": 0.0,
    "os": 0.0,
    "cn": 0.0,
    "system_design": 0.0
  }
}