{
  "total_episodes": 1919,
  "epoch": 4,
  "epoch_episode": 419,
  "actor_loss": 0.11258261299948655,
  "value_loss": 1.0,
  "mean_reward": 0.21041003774493308,
  "topic_performance": {
    "ds": 0.1350589330855393,
    "algo": 0.31968704672244297,
    "oops": 0.22987275524504494,
    "dbms": 0.0,
    "os": 0.0,
    "cn": 0.0,
    "system_design": 0.0
  }
}