{
  "total_episodes": 470,
  "epoch": 1,
  "epoch_episode": 470,
  "average_score": 0.24414205295838656,
  "time_efficiency": 0.3121940944528865,
  "current_streak": 0,
  "difficulty_level": 10.0,
  "topic_performances": {
    "ds": 0.28671205406298605,
    "algo": 0.1915163612778854,
    "oops": 0.21665558771763951,
    "dbms": 0.0,
    "os": 0.0,
    "cn": 0.0,
    "system_design": 0.0
  }
}