{
  "total_episodes": 1825,
  "epoch": 4,
  "epoch_episode": 325,
  "average_score": 0.21917028069527994,
  "time_efficiency": 0.2713790867255478,
  "current_streak": 0,
  "difficulty_level": 5.244880831054974,
  "topic_performances": {
    "ds": 0.382358693254558,
    "algo": 0.16791942041021035,
    "oops": 0.11896545879066549,
    "dbms": 0.0,
    "os": 0.0,
    "cn": 0.18397208958649813,
    "system_design": 0.0
  }
}