{
  "total_episodes": 306,
  "epoch": 1,
  "epoch_episode": 306,
  "actor_loss": 0.04066288459415326,
  "value_loss": 1.0,
  "mean_reward": 0.14056466798362882,
  "topic_performance": {
    "ds": 0.1392020788635504,
    "algo": 0.13084200743768817,
    "oops": 0.1515864062909336,
    "dbms": 0.0,
    "os": 0.0,
    "cn": 0.0,
    "system_design": 0.15747534491149645
  }
}