{
  "total_episodes": 1570,
  "epoch": 4,
  "epoch_episode": 70,
  "actor_loss": -0.04085709848678076,
  "value_loss": 1.0,
  "mean_reward": 0.13187736201871497,
  "topic_performance": {
    "ds": 0.10717473577357124,
    "algo": 0.09991302331863099,
    "oops": 0.2488421481366405,
    "dbms": 0.0,
    "os": 0.0,
    "cn": 0.0,
    "system_design": 0.0
  }
}