{
  "total_episodes": 1322,
  "epoch": 3,
  "epoch_episode": 322,
  "actor_loss": 0.024308193277029065,
  "value_loss": 1.0,
  "mean_reward": 0.19474134034072116,
  "topic_performance": {
    "ds": 0.15235225742458217,
    "algo": 0.2606899750964611,
    "oops": 0.23463778174697225,
    "dbms": 0.0,
    "os": 0.0,
    "cn": 0.0,
    "system_design": 0.16894440924794518
  }
}