{
  "total_episodes": 2454,
  "epoch": 5,
  "epoch_episode": 454,
  "actor_loss": 0.05382348312980041,
  "value_loss": 1.0,
  "mean_reward": 0.3249575465219111,
  "topic_performance": {
    "ds": 0.4177253314857482,
    "algo": 0.0,
    "oops": 0.2256208511009587,
    "dbms": 0.2584654033865357,
    "os": 0.0,
    "cn": 0.0,
    "system_design": 0.0
  }
}