{
  "total_episodes": 2143,
  "epoch": 5,
  "epoch_episode": 143,
  "actor_loss": 0.19294342969636838,
  "value_loss": 1.0,
  "mean_reward": 0.39154805364006046,
  "topic_performance": {
    "ds": 0.38444350892695056,
    "algo": 0.32646988446659364,
    "oops": 0.48779940281139583,
    "dbms": 0.0,
    "os": 0.0,
    "cn": 0.0,
    "system_design": 0.2613685233254275
  }
}