{
  "total_episodes": 10,
  "epoch": 1,
  "epoch_episode": 10,
  "actor_loss": 1.1102230246251565e-16,
  "value_loss": 1.0,
  "mean_reward": 0.18940366182519222,
  "topic_performance": {
    "ds": 0.1401735654421814,
    "algo": 0.11590180332647007,
    "oops": 0.2473731144356202,
    "dbms": 0.0,
    "os": 0.0,
    "cn": 0.1450203085365181,
    "system_design": 0.0
  }
}