{
  "total_episodes": 2105,
  "epoch": 5,
  "epoch_episode": 105,
  "actor_loss": -0.05828384349797684,
  "value_loss": 1.0,
  "mean_reward": 0.29316230021685036,
  "topic_performance": {
    "ds": 0.10680405660872838,
    "algo": 0.3224049299768497,
    "oops": 0.36866341302226613,
    "dbms": 0.0,
    "os": 0.0,
    "cn": 0.0,
    "system_design": 0.0
  }
}