{
  "interview_num": 1540,
  "stats": {
    "average_score": 0.19058228596933408,
    "time_efficiency": 0.18511603331734855,
    "topic_performances": {
      "ds": 0.2276886198061904,
      "algo": 0.0,
      "oops": 0.15347595213247775,
      "dbms": 0.0,
      "os": 0.0,
      "cn": 0.0,
      "system_design": 0.0
    },
    "current_streak": 0,
    "difficulty_level": 1.0
  },
  "timestamp": "20250503_215944"
}