{
  "episode": 2040,
  "epoch": 5,
  "mean_reward": 0.20913690087180337,
  "best_reward": 0.4567905254997499,
  "avg_reward_100": 0.20665583058786308,
  "avg_policy_loss_100": 0.00013421137972536215,
  "avg_value_loss_100": 8.655050709785629,
  "timestamp": "20250507_112323"
}