{
  "episode": 1430,
  "epoch": 3,
  "mean_reward": 0.29337628854348724,
  "best_reward": 0.4567905254997499,
  "timestamp": "20250503_215934"
}