{
  "episode": 1700,
  "epoch": 4,
  "mean_reward": 0.12580521567151853,
  "best_reward": 0.4567905254997499,
  "timestamp": "20250503_213538"
}