{
  "interview_num": 650,
  "stats": {
    "average_score": 0.1670726403719227,
    "time_efficiency": 0.22465994826458827,
    "topic_performances": {
      "ds": 0.1391834418153753,
      "algo": 0.08017767478581832,
      "oops": 0.29115320403342365,
      "dbms": 0.0,
      "os": 0.0,
      "cn": 0.0,
      "system_design": 0.0
    },
    "current_streak": 0,
    "difficulty_level": 1.0
  },
  "timestamp": "20250503_210935"
}