{
  "final_stats": {
    "average_score": 0.8890905806840319,
    "time_efficiency": 0.6221986948866005,
    "topic_performances": {
      "ds": 0.0,
      "algo": 0.7917653482229359,
      "oops": 0.8531477531025071,
      "dbms": 0.8986894776710087,
      "os": 0.9550912763457484,
      "cn": 0.8517063490408686,
      "system_design": 0.9402801119840634
    },
    "current_streak": 10,
    "difficulty_level": 2.1252014156924073
  },
  "mean_reward": 0.8890905806840319,
  "policy_loss": 0.0,
  "value_loss": 0.0,
  "timestamp": "20250503_185226"
}