{
  "episode": 1850,
  "epoch": 4,
  "mean_reward": 0.20043702527528912,
  "best_reward": 0.4567905254997499,
  "timestamp": "20250503_213552"
}