{
  "episode": 610,
  "epoch": 2,
  "mean_reward": 0.19993992750433764,
  "best_reward": 0.4567905254997499,
  "avg_reward_100": 0.2105792836138928,
  "avg_policy_loss_100": 0.00018891211909445233,
  "avg_value_loss_100": 8.675765950674988,
  "timestamp": "20250507_112112"
}