{
  "episode": 2090,
  "epoch": 5,
  "mean_reward": 0.28302078647777396,
  "best_reward": 0.4567905254997499,
  "avg_reward_100": 0.20619684785653322,
  "avg_policy_loss_100": 0.00017043546581204842,
  "avg_value_loss_100": 8.472852598756445,
  "timestamp": "20250507_112329"
}