{
  "episode": 1540,
  "epoch": 4,
  "mean_reward": 0.19058228596933408,
  "best_reward": 0.4567905254997499,
  "timestamp": "20250503_215944"
}