{
  "episode": 880,
  "epoch": 2,
  "mean_reward": 0.13149571585215392,
  "best_reward": 0.4567905254997499,
  "timestamp": "20250503_210953"
}