{
  "episode": 1010,
  "epoch": 3,
  "mean_reward": 0.1250604556149933,
  "best_reward": 0.4567905254997499,
  "avg_reward_100": 0.21131704115730202,
  "avg_policy_loss_100": -4.385555014122946e-05,
  "avg_value_loss_100": 8.796579976654773,
  "timestamp": "20250507_112144"
}