{
  "episode": 170,
  "epoch": 1,
  "mean_reward": 0.17388247116312508,
  "best_reward": 0.44206984182377107,
  "avg_reward_100": 0.20525541102039785,
  "avg_policy_loss_100": 0.009133034371242998,
  "avg_value_loss_100": 8.943949420301474,
  "timestamp": "20250507_112040"
}