{
  "episode": 2030,
  "epoch": 5,
  "mean_reward": 0.13843316733942543,
  "best_reward": 0.4567905254997499,
  "timestamp": "20250503_220029"
}