{
  "episode": 300,
  "epoch": 3,
  "mean_reward": 0.8521290785821247,
  "best_reward": 0.9066554298388896,
  "timestamp": "20250503_190637"
}