{
  "interview_num": 1330,
  "stats": {
    "average_score": 0.11262753093965869,
    "time_efficiency": 0.0036623460988849054,
    "topic_performances": {
      "ds": 0.1123847990032811,
      "algo": 0.1303629355661611,
      "oops": 0.08693579615361674,
      "dbms": 0.0,
      "os": 0.0,
      "cn": 0.15520285379029014,
      "system_design": 0.0
    },
    "current_streak": 0,
    "difficulty_level": 1.0
  },
  "timestamp": "20250503_215925"
}