{
  "episode": 1730,
  "epoch": 4,
  "mean_reward": 0.1845870167446892,
  "best_reward": 0.4567905254997499,
  "timestamp": "20250503_211107"
}