{
  "episode": 1940,
  "epoch": 4,
  "mean_reward": 0.1737050055856529,
  "best_reward": 0.4567905254997499,
  "timestamp": "20250503_220020"
}