{
  "episode": 370,
  "epoch": 1,
  "mean_reward": 0.22309502238449058,
  "best_reward": 0.4567905254997499,
  "timestamp": "20250503_215813"
}