{
  "episode": 1880,
  "epoch": 4,
  "mean_reward": 0.27562725090330226,
  "best_reward": 0.4567905254997499,
  "timestamp": "20250503_213554"
}