{
  "interview_num": 500,
  "stats": {
    "average_score": 0.7773876042235861,
    "time_efficiency": 0.46401205956585867,
    "topic_performances": {
      "ds": 0.7963772809431333,
      "algo": 0.878069117926227,
      "oops": 0.7086634483852846,
      "dbms": 0.7626185358081505,
      "os": 0.7989349291141739,
      "cn": 0.0,
      "system_design": 0.0
    },
    "current_streak": 10,
    "difficulty_level": 10.0
  },
  "timestamp": "20250503_190651"
}