{
  "episode": 1670,
  "epoch": 4,
  "mean_reward": 0.25687868657058527,
  "best_reward": 0.4567905254997499,
  "timestamp": "20250503_211101"
}