{
  "interview_num": 1310,
  "stats": {
    "average_score": 0.20185694076088856,
    "time_efficiency": 0.06168859227095543,
    "topic_performances": {
      "ds": 0.34052027614214764,
      "algo": 0.10857651771262271,
      "oops": 0.11360571447718132,
      "dbms": 0.0,
      "os": 0.0,
      "cn": 0.0,
      "system_design": 0.0
    },
    "current_streak": 0,
    "difficulty_level": 1.0
  },
  "timestamp": "20250503_215924"
}