{
  "episode": 250,
  "epoch": 1,
  "mean_reward": 0.12725201749668877,
  "best_reward": 0.4567905254997499,
  "timestamp": "20250503_213347"
}