{
  "interview_num": 2370,
  "stats": {
    "average_score": 0.1705321990255062,
    "time_efficiency": 0.20389410760247179,
    "topic_performances": {
      "ds": 0.2560367691560433,
      "algo": 0.30173935907675997,
      "oops": 0.11507255405465593,
      "dbms": 0.0,
      "os": 0.15537117861756333,
      "cn": 0.0,
      "system_design": 0.0
    },
    "current_streak": 0,
    "difficulty_level": 1.0
  },
  "timestamp": "20250503_220102"
}