{
  "interview_num": 80,
  "stats": {
    "average_score": 0.3814190121728135,
    "time_efficiency": 0.4486375026544597,
    "topic_performances": {
      "ds": 0.39158292437249154,
      "algo": 0.23780377749331194,
      "oops": 0.46368429232283026,
      "dbms": 0.0,
      "os": 0.15531747745353558,
      "cn": 0.0,
      "system_design": 0.0
    },
    "current_streak": 0,
    "difficulty_level": 1.0
  },
  "timestamp": "20250503_210857"
}