{
  "interview_num": 850,
  "stats": {
    "average_score": 0.2748199728884374,
    "time_efficiency": 0.6314914953214364,
    "topic_performances": {
      "ds": 0.13691486156754576,
      "algo": 0.4479566890118041,
      "oops": 0.45195575195736615,
      "dbms": 0.0,
      "os": 0.0,
      "cn": 0.0,
      "system_design": 0.26779960205386716
    },
    "current_streak": 0,
    "difficulty_level": 10.0
  },
  "timestamp": "20250503_210950"
}