{
  "episode": 1310,
  "epoch": 3,
  "mean_reward": 0.37460462938501504,
  "best_reward": 0.4567905254997499,
  "timestamp": "20250503_211028"
}