{
  "episode": 10,
  "epoch": 1,
  "mean_reward": 0.25943420210263657,
  "best_reward": 0.2804179749380417,
  "avg_reward_100": 0.2045947635967976,
  "avg_policy_loss_100": 0.06527026859430832,
  "avg_value_loss_100": 10.763227693743888,
  "timestamp": "20250507_112030"
}