{
  "interview_num": 1770,
  "stats": {
    "average_score": 0.29720150876860785,
    "time_efficiency": 0.19103540703544591,
    "topic_performances": {
      "ds": 0.1220268426279292,
      "algo": 0.43632945011517543,
      "oops": 0.36929495835683,
      "dbms": 0.0,
      "os": 0.0,
      "cn": 0.0,
      "system_design": 0.0
    },
    "current_streak": 0,
    "difficulty_level": 1.0
  },
  "timestamp": "20250503_220004"
}