{
  "interview_num": 790,
  "stats": {
    "average_score": 0.15229007420023616,
    "time_efficiency": 0.3136575531943508,
    "topic_performances": {
      "ds": 0.11371275148772787,
      "algo": 0.19300179800561623,
      "oops": 0.14958101291286935,
      "dbms": 0.0,
      "os": 0.0,
      "cn": 0.14646153111611582,
      "system_design": 0.0
    },
    "current_streak": 0,
    "difficulty_level": 1.0
  },
  "timestamp": "20250503_213426"
}