{
  "episode": 140,
  "epoch": 1,
  "mean_reward": 0.16924974499617063,
  "best_reward": 0.44206984182377107,
  "avg_reward_100": 0.2099168566352671,
  "avg_policy_loss_100": 0.011258698502295446,
  "avg_value_loss_100": 8.99036877738596,
  "timestamp": "20250507_112038"
}