{
  "episode": 170,
  "epoch": 2,
  "mean_reward": 0.8705853719620862,
  "best_reward": 0.9066554298388896,
  "timestamp": "20250503_190628"
}