{
  "episode": 1370,
  "epoch": 3,
  "mean_reward": 0.18985869296974928,
  "best_reward": 0.4567905254997499,
  "avg_reward_100": 0.21588351102805847,
  "avg_policy_loss_100": 0.0001902014938672496,
  "avg_value_loss_100": 8.518110550331217,
  "timestamp": "20250507_112216"
}