{
  "episode": 180,
  "epoch": 1,
  "mean_reward": 0.23937208255058398,
  "best_reward": 0.44206984182377107,
  "avg_reward_100": 0.20338368717598254,
  "avg_policy_loss_100": 0.008672042014920441,
  "avg_value_loss_100": 8.872098290222286,
  "timestamp": "20250507_112041"
}