{
  "interview_num": 69,
  "stats": {
    "average_score": 0.6912836733245061,
    "time_efficiency": 0.560167049778354,
    "topic_performances": {
      "ds": 0.7031317770927942,
      "algo": 0.6992839088739111,
      "oops": 0.6846580023310744,
      "dbms": 0.4383740535357411,
      "os": 0.0,
      "cn": 0.7879862466890788,
      "system_design": 0.7542405941029
    },
    "current_streak": 5,
    "difficulty_level": 2.558245595078591
  },
  "timestamp": "20250503_190021"
}