{
  "episode": 1110,
  "epoch": 3,
  "mean_reward": 0.21978150594925921,
  "best_reward": 0.4567905254997499,
  "timestamp": "20250503_213449"
}