{
  "episode": 850,
  "epoch": 2,
  "mean_reward": 0.33441155888419277,
  "best_reward": 0.4567905254997499,
  "timestamp": "20250503_213430"
}