{
  "episode": 1080,
  "epoch": 3,
  "mean_reward": 0.15901778161601685,
  "best_reward": 0.4567905254997499,
  "avg_reward_100": 0.21112091217227988,
  "avg_policy_loss_100": -0.00011587632107321299,
  "avg_value_loss_100": 8.740298983613862,
  "timestamp": "20250507_112150"
}