{
  "episode": 530,
  "epoch": 2,
  "mean_reward": 0.1908214461969658,
  "best_reward": 0.4567905254997499,
  "timestamp": "20250503_215823"
}