{
  "interview_num": 160,
  "stats": {
    "average_score": 0.1748226886426106,
    "time_efficiency": 0.12189526217939432,
    "topic_performances": {
      "ds": 0.2638923215926445,
      "algo": 0.09337672665685574,
      "oops": 0.11985617467973449,
      "dbms": 0.0,
      "os": 0.0,
      "cn": 0.0,
      "system_design": 0.0
    },
    "current_streak": 0,
    "difficulty_level": 1.0
  },
  "timestamp": "20250503_215800"
}