{
  "episode": 150,
  "epoch": 1,
  "mean_reward": 0.20497264777743132,
  "best_reward": 0.4567905254997499,
  "timestamp": "20250503_215759"
}