{
  "interview_num": 460,
  "stats": {
    "average_score": 0.18042414080449393,
    "time_efficiency": 0.2738826640704674,
    "topic_performances": {
      "ds": 0.2843171111389846,
      "algo": 0.2095583595598228,
      "oops": 0.09934343688191972,
      "dbms": 0.0,
      "os": 0.0,
      "cn": 0.0,
      "system_design": 0.0
    },
    "current_streak": 0,
    "difficulty_level": 1.0
  },
  "timestamp": "20250503_215818"
}