{
  "episode": 590,
  "epoch": 2,
  "mean_reward": 0.21818110616911554,
  "best_reward": 0.4567905254997499,
  "timestamp": "20250503_210930"
}