{
  "episode": 1990,
  "epoch": 4,
  "mean_reward": 0.12944457591919906,
  "best_reward": 0.4567905254997499,
  "timestamp": "20250503_213605"
}