{
  "interview_num": 1690,
  "stats": {
    "average_score": 0.21950293777702307,
    "time_efficiency": 0.5756740648253468,
    "topic_performances": {
      "ds": 0.13676829442508243,
      "algo": 0.2633739664588624,
      "oops": 0.18174284803945467,
      "dbms": 0.0,
      "os": 0.15950614212743652,
      "cn": 0.0,
      "system_design": 0.0
    },
    "current_streak": 0,
    "difficulty_level": 10.0
  },
  "timestamp": "20250503_211103"
}