{
  "episode": 660,
  "epoch": 2,
  "mean_reward": 0.20812958798815942,
  "best_reward": 0.4567905254997499,
  "timestamp": "20250503_210935"
}