{
  "episode": 2130,
  "epoch": 5,
  "mean_reward": 0.22811680416922156,
  "best_reward": 0.4567905254997499,
  "avg_reward_100": 0.2070479356081348,
  "avg_policy_loss_100": 5.772129035665781e-05,
  "avg_value_loss_100": 8.532005820705894,
  "timestamp": "20250507_112333"
}