{
  "episode": 110,
  "epoch": 2,
  "mean_reward": 0.9018350774636698,
  "best_reward": 0.9066554298388896,
  "timestamp": "20250503_190624"
}