{
  "episode": 1840,
  "epoch": 4,
  "mean_reward": 0.33714294344780393,
  "best_reward": 0.4567905254997499,
  "avg_reward_100": 0.21168810000506663,
  "avg_policy_loss_100": 0.00018200444134647742,
  "avg_value_loss_100": 8.517066582330076,
  "timestamp": "20250507_112301"
}