{
  "episode": 1710,
  "epoch": 4,
  "mean_reward": 0.2661349056731929,
  "best_reward": 0.4567905254997499,
  "avg_reward_100": 0.21401154991415808,
  "avg_policy_loss_100": 0.00019101144798009312,
  "avg_value_loss_100": 8.780129415058234,
  "timestamp": "20250507_112248"
}