{
  "episode": 250,
  "epoch": 1,
  "mean_reward": 0.39154805364006046,
  "best_reward": 0.4567905254997499,
  "timestamp": "20250503_210907"
}