{
  "episode": 2460,
  "epoch": 5,
  "mean_reward": 0.12238075289049158,
  "best_reward": 0.4567905254997499,
  "timestamp": "20250503_213646"
}