{
  "episode": 80,
  "epoch": 1,
  "mean_reward": 0.29337628854348724,
  "best_reward": 0.39154805364006046,
  "timestamp": "20250503_215755"
}