{
  "episode": 2430,
  "epoch": 5,
  "mean_reward": 0.26336949919459884,
  "best_reward": 0.4567905254997499,
  "timestamp": "20250503_213644"
}