{
  "episode": 2350,
  "epoch": 5,
  "mean_reward": 0.14801851655141057,
  "best_reward": 0.4567905254997499,
  "timestamp": "20250503_211205"
}