{
  "interview_num": 1640,
  "stats": {
    "average_score": 0.1633170896401382,
    "time_efficiency": 0.041044437448625445,
    "topic_performances": {
      "ds": 0.37943528630770706,
      "algo": 0.1021797915373705,
      "oops": 0.11639528940912153,
      "dbms": 0.0,
      "os": 0.0,
      "cn": 0.0,
      "system_design": 0.0
    },
    "current_streak": 0,
    "difficulty_level": 1.0
  },
  "timestamp": "20250503_213533"
}