{
  "episode": 2080,
  "epoch": 5,
  "mean_reward": 0.12725201749668877,
  "best_reward": 0.4567905254997499,
  "avg_reward_100": 0.20579135013923974,
  "avg_policy_loss_100": 0.00017602454230347442,
  "avg_value_loss_100": 8.499989041487432,
  "timestamp": "20250507_112328"
}