{
  "interview_num": 2320,
  "stats": {
    "average_score": 0.16467453368729074,
    "time_efficiency": 0.029627989819022937,
    "topic_performances": {
      "ds": 0.0942661774250221,
      "algo": 0.13747466172161413,
      "oops": 0.19845317489926365,
      "dbms": 0.0,
      "os": 0.14778929978672464,
      "cn": 0.0,
      "system_design": 0.0
    },
    "current_streak": 0,
    "difficulty_level": 1.0
  },
  "timestamp": "20250503_213634"
}