{
  "episode": 810,
  "epoch": 2,
  "mean_reward": 0.20812958798815942,
  "best_reward": 0.4567905254997499,
  "avg_reward_100": 0.22323653870183052,
  "avg_policy_loss_100": 0.00012773063235269855,
  "avg_value_loss_100": 8.641302326106441,
  "timestamp": "20250507_112128"
}