{
  "interview_num": 220,
  "stats": {
    "average_score": 0.24820122756819835,
    "time_efficiency": 0.6039341328751927,
    "topic_performances": {
      "ds": 0.4719169284504642,
      "algo": 0.31076823348986987,
      "oops": 0.12117474366228916,
      "dbms": 0.0,
      "os": 0.0,
      "cn": 0.0,
      "system_design": 0.0
    },
    "current_streak": 0,
    "difficulty_level": 1.0
  },
  "timestamp": "20250503_213345"
}