{
  "interview_num": 680,
  "stats": {
    "average_score": 0.3185773076520836,
    "time_efficiency": 0.44528387152564236,
    "topic_performances": {
      "ds": 0.46529807739965373,
      "algo": 0.09849615303072828,
      "oops": 0.0,
      "dbms": 0.0,
      "os": 0.0,
      "cn": 0.0,
      "system_design": 0.0
    },
    "current_streak": 0,
    "difficulty_level": 1.0
  },
  "timestamp": "20250503_213417"
}