{
  "episode": 1350,
  "epoch": 3,
  "mean_reward": 0.2625712562516498,
  "best_reward": 0.4567905254997499,
  "timestamp": "20250503_211032"
}