{
  "episode": 270,
  "epoch": 3,
  "mean_reward": 0.8207658894815062,
  "best_reward": 0.9066554298388896,
  "timestamp": "20250503_190635"
}