{
  "episode": 10,
  "epoch": 1,
  "mean_reward": 0.8037091354461513,
  "best_reward": 0.9018350774636698,
  "timestamp": "20250503_190618"
}