{
  "interview_num": 290,
  "stats": {
    "average_score": 0.8932783968003063,
    "time_efficiency": 0.39611985489662077,
    "topic_performances": {
      "ds": 0.742193834293212,
      "algo": 0.0,
      "oops": 0.9340181302640742,
      "dbms": 0.8492579393053686,
      "os": 0.9817825217051415,
      "cn": 1.0,
      "system_design": 0.9090052212748434
    },
    "current_streak": 10,
    "difficulty_level": 1.0
  },
  "timestamp": "20250503_190636"
}