{
  "episode": 330,
  "epoch": 1,
  "mean_reward": 0.2826797005888685,
  "best_reward": 0.4567905254997499,
  "timestamp": "20250503_215810"
}