{
  "episode": 1640,
  "epoch": 4,
  "mean_reward": 0.19489294434381582,
  "best_reward": 0.4567905254997499,
  "timestamp": "20250503_215953"
}