{
  "episode": 100,
  "epoch": 1,
  "mean_reward": 0.1795336594915584,
  "best_reward": 0.4567905254997499,
  "timestamp": "20250503_215756"
}