{
  "episode": 90,
  "epoch": 1,
  "mean_reward": 0.2987594245767116,
  "best_reward": 0.4567905254997499,
  "timestamp": "20250503_213336"
}