{
  "interview_num": 90,
  "stats": {
    "average_score": 0.3217961703524747,
    "time_efficiency": 0.5025491244500577,
    "topic_performances": {
      "ds": 0.408162851626789,
      "algo": 0.29585966452915924,
      "oops": 0.0886326323528474,
      "dbms": 0.0,
      "os": 0.0,
      "cn": 0.0,
      "system_design": 0.0
    },
    "current_streak": 0,
    "difficulty_level": 4.6490176463790895
  },
  "timestamp": "20250503_210857"
}