{
  "interview_num": 1820,
  "stats": {
    "average_score": 0.2914209061980697,
    "time_efficiency": 0.27446369881677646,
    "topic_performances": {
      "ds": 0.34427887107446514,
      "algo": 0.19282695758602708,
      "oops": 0.4586188304135832,
      "dbms": 0.0,
      "os": 0.0,
      "cn": 0.0,
      "system_design": 0.0
    },
    "current_streak": 0,
    "difficulty_level": 1.0
  },
  "timestamp": "20250503_220009"
}