{
  "interview_num": 480,
  "stats": {
    "average_score": 0.15671890562955287,
    "time_efficiency": 0.12158318587707762,
    "topic_performances": {
      "ds": 0.13706214307395573,
      "algo": 0.0,
      "oops": 0.16785727245654117,
      "dbms": 0.0,
      "os": 0.0,
      "cn": 0.0,
      "system_design": 0.1488589923344148
    },
    "current_streak": 0,
    "difficulty_level": 1.0
  },
  "timestamp": "20250503_210922"
}