{
  "episode": 70,
  "epoch": 1,
  "mean_reward": 0.3715275417899425,
  "best_reward": 0.4567905254997499,
  "timestamp": "20250503_213335"
}