{
  "episode": 2210,
  "epoch": 5,
  "mean_reward": 0.2654008789246534,
  "best_reward": 0.4567905254997499,
  "timestamp": "20250503_211152"
}