{
  "episode": 80,
  "epoch": 1,
  "mean_reward": 0.19489294434381582,
  "best_reward": 0.3715275417899425,
  "avg_reward_100": 0.2099938363147107,
  "avg_policy_loss_100": 0.019343284334413124,
  "avg_value_loss_100": 9.086720988074251,
  "timestamp": "20250507_112034"
}