{
  "episode": 2500,
  "epoch": 5,
  "mean_reward": 0.34852702900476684,
  "best_reward": 0.4567905254997499,
  "avg_reward_100": 0.22401787971226228,
  "avg_policy_loss_100": 0.00017086467089227813,
  "avg_value_loss_100": 8.899116081628284,
  "timestamp": "20250507_112415"
}