{
  "episode": 1290,
  "epoch": 3,
  "mean_reward": 0.15174614413249035,
  "best_reward": 0.4567905254997499,
  "avg_reward_100": 0.2184680818025178,
  "avg_policy_loss_100": 7.791560511093833e-05,
  "avg_value_loss_100": 8.526355307739605,
  "timestamp": "20250507_112209"
}