{
  "episode": 260,
  "epoch": 1,
  "mean_reward": 0.21101435173744912,
  "best_reward": 0.4567905254997499,
  "timestamp": "20250503_213348"
}