{
  "episode": 240,
  "epoch": 1,
  "mean_reward": 0.14471650667573427,
  "best_reward": 0.4567905254997499,
  "timestamp": "20250503_215804"
}