{
  "episode": 2360,
  "epoch": 5,
  "mean_reward": 0.2289532868931695,
  "best_reward": 0.4567905254997499,
  "timestamp": "20250503_220101"
}