{
  "episode": 620,
  "epoch": 2,
  "mean_reward": 0.26155418332823094,
  "best_reward": 0.4567905254997499,
  "avg_reward_100": 0.21328509257554804,
  "avg_policy_loss_100": 0.0002074637913648992,
  "avg_value_loss_100": 8.688006557973685,
  "timestamp": "20250507_112113"
}