{
  "episode": 220,
  "epoch": 1,
  "mean_reward": 0.10937285625398238,
  "best_reward": 0.44206984182377107,
  "avg_reward_100": 0.20555423076909363,
  "avg_policy_loss_100": 0.007174310478699825,
  "avg_value_loss_100": 8.918176169468992,
  "timestamp": "20250507_112043"
}