{
  "episode": 570,
  "epoch": 2,
  "mean_reward": 0.2735163097450602,
  "best_reward": 0.4567905254997499,
  "timestamp": "20250503_213409"
}