{
  "episode": 2270,
  "epoch": 5,
  "mean_reward": 0.21028781739042612,
  "best_reward": 0.4567905254997499,
  "timestamp": "20250503_220052"
}