{
  "interview_num": 750,
  "stats": {
    "average_score": 0.21513249913477456,
    "time_efficiency": 0.2602005502774976,
    "topic_performances": {
      "ds": 0.10715564576521772,
      "algo": 0.2624587092120083,
      "oops": 0.15647236343682605,
      "dbms": 0.0,
      "os": 0.0,
      "cn": 0.0,
      "system_design": 0.0
    },
    "current_streak": 0,
    "difficulty_level": 10.0
  },
  "timestamp": "20250503_213422"
}