{
  "interview_num": 570,
  "stats": {
    "average_score": 0.28079920937882163,
    "time_efficiency": 0.2225689892320422,
    "topic_performances": {
      "ds": 0.1302342055287067,
      "algo": 0.3405922355318164,
      "oops": 0.3516401783582768,
      "dbms": 0.0,
      "os": 0.0,
      "cn": 0.0,
      "system_design": 0.0
    },
    "current_streak": 0,
    "difficulty_level": 1.5
  },
  "timestamp": "20250503_215825"
}