{
  "final_stats": {
    "average_score": 0.7803311269217971,
    "time_efficiency": 0.327726077171128,
    "topic_performances": {
      "ds": 0.7819334748781261,
      "algo": 0.0,
      "oops": 1.0,
      "dbms": 0.8084348307681952,
      "os": 0.6300047754783649,
      "cn": 0.7116114509103324,
      "system_design": 0.7846734903131489
    },
    "current_streak": 2,
    "difficulty_level": 1.0
  },
  "mean_reward": 0.7803311269217971,
  "policy_loss": 0.009771652544234621,
  "value_loss": 1.0,
  "timestamp": "20250503_190328"
}