{
  "episode": 2450,
  "epoch": 5,
  "mean_reward": 0.3118950088722504,
  "best_reward": 0.4567905254997499,
  "avg_reward_100": 0.21284110093172193,
  "avg_policy_loss_100": 0.00018451449302165788,
  "avg_value_loss_100": 8.674653150062506,
  "timestamp": "20250507_112410"
}