{
  "episode": 230,
  "epoch": 1,
  "mean_reward": 0.12579340028161243,
  "best_reward": 0.4567905254997499,
  "timestamp": "20250503_210906"
}