{
  "episode": 1600,
  "epoch": 4,
  "mean_reward": 0.237370500097336,
  "best_reward": 0.4567905254997499,
  "timestamp": "20250503_215949"
}