{
  "episode": 2410,
  "epoch": 5,
  "mean_reward": 0.2750021365174812,
  "best_reward": 0.4567905254997499,
  "timestamp": "20250503_213642"
}