{
  "interview_num": 1470,
  "stats": {
    "average_score": 0.14658176617363222,
    "time_efficiency": 0.23081480255395875,
    "topic_performances": {
      "ds": 0.12012248585753904,
      "algo": 0.36883157835964814,
      "oops": 0.1184709716499599,
      "dbms": 0.0,
      "os": 0.0,
      "cn": 0.0,
      "system_design": 0.14426376755425724
    },
    "current_streak": 0,
    "difficulty_level": 1.0
  },
  "timestamp": "20250503_215938"
}