{
  "episode": 1890,
  "epoch": 4,
  "mean_reward": 0.3044866352241894,
  "best_reward": 0.4567905254997499,
  "timestamp": "20250503_213555"
}