{
  "episode": 1810,
  "epoch": 4,
  "mean_reward": 0.1719811850564047,
  "best_reward": 0.4567905254997499,
  "timestamp": "20250503_213548"
}