{
  "interview_num": 130,
  "stats": {
    "average_score": 0.13187736201871497,
    "time_efficiency": 0.10653535896174579,
    "topic_performances": {
      "ds": 0.10717473577357124,
      "algo": 0.09991302331863099,
      "oops": 0.2488421481366405,
      "dbms": 0.0,
      "os": 0.0,
      "cn": 0.0,
      "system_design": 0.0
    },
    "current_streak": 0,
    "difficulty_level": 1.0
  },
  "timestamp": "20250503_210900"
}