{
  "episode": 1580,
  "epoch": 4,
  "mean_reward": 0.44206984182377107,
  "best_reward": 0.4567905254997499,
  "timestamp": "20250503_213528"
}