{
  "episode": 1200,
  "epoch": 3,
  "mean_reward": 0.23466885163315537,
  "best_reward": 0.4567905254997499,
  "timestamp": "20250503_215914"
}