{
  "interview_num": 2450,
  "stats": {
    "average_score": 0.22365652643492878,
    "time_efficiency": 0.12447793539008253,
    "topic_performances": {
      "ds": 0.11729946821259771,
      "algo": 0.2057327646744025,
      "oops": 0.3955352091321503,
      "dbms": 0.0,
      "os": 0.16929623475364128,
      "cn": 0.0,
      "system_design": 0.0
    },
    "current_streak": 0,
    "difficulty_level": 1.0
  },
  "timestamp": "20250503_211215"
}