{
  "episode": 2070,
  "epoch": 5,
  "mean_reward": 0.1665196729947807,
  "best_reward": 0.4567905254997499,
  "timestamp": "20250503_213612"
}